tag,seed,n_samples,inter_q45_q12,ci_lo_q45,ci_hi_q45,sig_q45,inter_high50_low50,ci_lo_h50,ci_hi_h50,sig_h50,low_mse_delta,high_mse_delta
AAPL,2021,479,0.0044463318768033664,-0.0011695286010377454,0.010499540878422775,False,0.0007896849988061572,-0.004774201275977051,0.006013452095051569,False,-0.00261583237031481,0.0018304995064885564
AAPL,2022,479,0.00010950133950998796,-0.006151978713354033,0.006910850070568156,False,-0.0030642104246627446,-0.008904020687955436,0.002718647973554745,False,-0.0030759860720416168,-0.002966484732531629
AAPL,2023,479,0.015097579780030259,0.00806813111332618,0.02219057910754988,True,0.010431433027116138,0.004254381018146802,0.01674169359206013,True,-0.0012322839572242114,0.013865295822806047
MSFT,2021,479,-0.02836149651450043,-0.034202460459703536,-0.022719514075717664,True,-0.02313712228110139,-0.028332101033253596,-0.01835830621040909,True,0.013895053748560718,-0.014466442765939709
MSFT,2022,479,-0.035263604052057196,-0.043810719694312855,-0.027102185291493473,True,-0.02883892877722575,-0.035963635093671974,-0.021840765334916683,True,0.01375545575529423,-0.021508148296762963
MSFT,2023,479,-0.00974461123654767,-0.013135699595600783,-0.0063611966193334825,True,-0.008221347224277422,-0.011072605743754528,-0.005422059970988967,True,0.009868149448749598,0.00012353821220192676
AMZN,2021,479,-0.017387412411485635,-0.021710280489032296,-0.013288960301800792,True,-0.017069473775508586,-0.02101878080987158,-0.013047426345775461,True,0.011024136862125819,-0.006363275549359815
AMZN,2022,479,-0.02967554638817395,-0.03640498923407832,-0.02283851096653884,True,-0.026725721694420973,-0.03325310172700946,-0.02050105030865853,True,0.016731458639576983,-0.012944087748596964
AMZN,2023,479,-0.012971303235618447,-0.016483313982372565,-0.009411349958929952,True,-0.012202291380701478,-0.01549746963567003,-0.00884258896896149,True,0.010446390761561175,-0.002524912474057271
META,2021,479,-0.030720601426230364,-0.07948969384365058,0.014349615252857323,False,-0.010412807812743168,-0.05222267104481844,0.030486259880580558,False,0.022122566281309774,-0.008598035144920588
META,2022,479,-0.09996562462383932,-0.1549141780141334,-0.046384456710841335,True,-0.07990319622130312,-0.1277703408710199,-0.03254166673525162,True,0.03032278976760432,-0.069642834856235
META,2023,479,-0.11598722867192868,-0.18076524669703492,-0.05398743512819329,True,-0.09601240562706727,-0.1479421268047621,-0.04485262468399871,True,-0.015142656010515919,-0.1311298846824446
TSLA,2021,479,0.016551714230387645,-0.00739801111045074,0.038778316277271,False,0.011300907784155172,-0.009616474716252979,0.030883455955506612,False,-0.02821265262653851,-0.011660938396150865
TSLA,2022,479,0.008356819004120969,-0.0073302342453779624,0.02366544539611022,False,0.006652365119170044,-0.00759871917426218,0.020949792765365727,False,-0.014081837305472219,-0.0057250183013512505
TSLA,2023,479,0.02142365426372047,-0.004220476593315724,0.045738563442814816,False,0.01974987719107455,-0.0026304543774445482,0.04226115606826183,False,-0.03378928358463206,-0.012365629320911592
JPM,2021,479,-0.04909498689788849,-0.0672916759189835,-0.03122145950086018,True,-0.030841569222563606,-0.0483393267042217,-0.013887291536882968,True,0.01961788077260403,-0.029477106125284466
JPM,2022,479,-0.01987357086318503,-0.033873425090745285,-0.006584014973397407,True,-0.00488986136826902,-0.01926330913945105,0.009276708830210648,False,0.021878269563758917,0.002004698700573886
JPM,2023,479,-0.06945513592523016,-0.09641663157380165,-0.04401079340220327,True,-0.05630610393384553,-0.08230282917749421,-0.030797116596761473,True,0.019475972531962444,-0.04997916339326771
XOM,2021,479,-0.009814662954230306,-0.0163313654850906,-0.003406765567897705,True,-0.008721662421915952,-0.014534100333868958,-0.00278354707603233,True,0.01872262469775338,0.008907961743523074
XOM,2022,479,0.07283499323076761,0.051813700066183375,0.09466758333605307,True,0.06229302925310087,0.042880289088737644,0.08220009513289238,True,-0.06142131668801034,0.011413676542757276
XOM,2023,479,0.03078724160979343,0.01889772524166982,0.0429753214383964,True,0.025932771352720953,0.014993403772086685,0.03737426230221019,True,-0.01839533086335284,0.01239191074644059
WMT,2021,479,0.05313112799270172,0.02877302638678408,0.07889629710329452,True,0.047673126210455094,0.02544205333658877,0.07011942166639223,True,-0.027036177141616585,0.026094950851085135
WMT,2022,479,0.019647400532983812,0.002814740009527397,0.036824554460474244,True,0.020213995107541072,0.0053681634988297635,0.03491957649277081,True,0.0015025098492751747,0.021149910382258986
WMT,2023,479,0.04746008787060808,0.031461036368743076,0.06420578183978602,True,0.039730473622395096,0.026106402667083348,0.05407813071872756,True,-0.01631070788897688,0.031149379981631198
N225,2021,465,0.025138874762817225,0.011740301794741542,0.03840022914855952,True,0.02180253013526937,0.009805767387044544,0.033299635323861466,True,0.010588075497979821,0.035726950260797044
N225,2022,465,0.028418645601480632,0.014436548509299131,0.042351820048300653,True,0.02735775645797798,0.015776465075927178,0.03939474155630653,True,0.024053990988534998,0.05247263659001563
N225,2023,465,0.05313788378376238,0.027026934604679146,0.08044518200809568,True,0.03873044798318301,0.01563300790655897,0.06215202485584352,True,-0.03947187091171951,0.013666012872042868
GDAXI,2021,484,0.039805938156834614,0.019453202305933646,0.05983868390307561,True,0.0328816243289178,0.016328275216208006,0.048648761253253014,True,-0.02859276452462603,0.011213173632208586
GDAXI,2022,484,0.050232600739599204,0.019718626487118144,0.08193995951205799,True,0.03897029057582834,0.013169895836211795,0.06396043793296509,True,-0.04595945868986705,0.004273142049732153
GDAXI,2023,484,0.05218331396074971,0.025575063478598403,0.07928880887250114,True,0.04191607356456575,0.020520006201917688,0.063089262553405,True,-0.042947838428302576,0.009235475532447135
HSI,2021,468,0.0017969020356664762,-0.004390554922328067,0.007684942539030929,False,0.003066640055180776,-0.0022536313626773485,0.008458599461688332,False,0.004566491235202823,0.006363393270869299
HSI,2022,468,0.005300407420336767,-0.003200017288827674,0.01377563052480531,False,0.007144828461489942,-0.000560459443392416,0.014555116098211975,False,0.001060362068123748,0.006360769488460515
HSI,2023,468,0.0037084461495516907,-0.00230546216784833,0.009909943254015036,False,0.004949502783027608,-0.0006689021342506276,0.010551286268446227,False,0.00014937255783145954,0.00385781870738315
FTSE,2021,482,0.010499284881934183,0.0013416209245324692,0.01989602466939148,True,0.012290309330136442,0.00400088827837955,0.020447602982092448,True,0.017428013282972006,0.02792729816490619
FTSE,2022,482,0.010894684109452678,0.0038879900204932855,0.017799446061539076,True,0.006741131951441943,0.0003272608278409031,0.013277318027423999,True,0.0025886834279086808,0.013483367537361358
FTSE,2023,482,0.11808125549567786,0.09485368969178465,0.1423203755637876,True,0.11287935797024337,0.09239359213050577,0.13264548797295586,True,-0.0775137169393442,0.04056753855633366
RUT,2021,479,-0.00912694034161883,-0.02482500319466312,0.007179801315974273,False,0.0018402996637896865,-0.014959313171893618,0.017968492050464736,False,-0.03592893444807289,-0.04505587478969172
RUT,2022,479,0.02510853091515934,-0.004053465890636304,0.05464642202525504,False,0.035054722009957434,0.005681564792574643,0.0637099228658899,True,-0.0981209816589053,-0.07301245074374596
RUT,2023,479,-0.004690318441709383,-0.02529673709261278,0.01599712300528461,False,0.006908747525825959,-0.014469447448570578,0.027685409812401213,False,-0.05867806963758695,-0.06336838807929633
GBPUSD,2021,497,-0.01815342161913863,-0.023146404041609333,-0.013259572968874204,True,-0.013154711496087806,-0.017854012085738575,-0.008655494636434839,True,-0.0014566426205609817,-0.01961006423969961
GBPUSD,2022,497,-0.03127981302366524,-0.038635727145552044,-0.023969381389176148,True,-0.022664523380092526,-0.02926877512227035,-0.016239262109551362,True,-0.001049524295807174,-0.03232933731947241
GBPUSD,2023,497,-0.020095407907716786,-0.025900126095055497,-0.014461017379533078,True,-0.014696159744373744,-0.020056850725417887,-0.009525833899881474,True,-0.002503506313346232,-0.02259891422106302
AUDUSD,2021,497,-0.00830295813827817,-0.012689376140128305,-0.004080546557928786,True,-0.004193673395844118,-0.008635012492011287,0.0002697676241379431,False,0.009686912584737225,0.0013839544464590544
AUDUSD,2022,497,0.0002497124136308926,-0.00324310459039423,0.0037001040617164814,False,0.0016566958727358624,-0.0013924472493591882,0.004573225710104429,False,0.009282646427982892,0.009532358841613785
AUDUSD,2023,497,-0.006758460412007084,-0.010647558913692366,-0.0025969893644251754,True,-0.0031976757578305844,-0.006968107072498091,0.000579390555323395,False,0.010230117060615882,0.0034716566486087982
USDCAD,2021,497,0.0009117817930189755,-0.008549284406799655,0.010566541447140228,False,0.0014910446791842006,-0.006245669201046494,0.009625558144715395,False,-0.008037300319527147,-0.007125518526508171
USDCAD,2022,497,0.010187641547740938,-0.001582314944287058,0.0221609403621098,False,0.008646865391036207,-0.0009839857452520924,0.01888360950831747,False,-0.007880403239146325,0.002307238308594613
USDCAD,2023,497,0.015661219204845787,0.006900382113133211,0.0242202081145687,True,0.013658779420358943,0.006581805248157405,0.020980450965355477,True,-0.007156328016174883,0.008504891188670904
GOLD,2021,479,0.09578193606802311,0.06547861194014003,0.12804863558586302,True,0.07503109143845058,0.049622798679900416,0.10084792411551444,True,-0.111355042247213,-0.015573106179189894
GOLD,2022,479,0.06570137187471521,0.04158312426723265,0.09140235010553162,True,0.048504470356334206,0.027750233298054833,0.06908668584960959,True,-0.07802207635688978,-0.012320704482174568
GOLD,2023,479,0.13323105379898972,0.0928396495048198,0.1774239391743,True,0.10239649529308109,0.06775276595777321,0.13710042328123062,True,-0.1547099994671761,-0.021478945668186356
WTI,2021,479,0.0016147677510654091,-0.0019273398263930897,0.004964092523516601,False,0.000649970273050823,-0.002272879281746032,0.0036435532204308497,False,0.013610119183373437,0.015224886934438846
WTI,2022,479,0.004046033879921637,-0.0006081104473777463,0.008640373197718133,False,0.0026807953667507016,-0.001826410234455454,0.007132645288450664,False,0.0060454175902386305,0.010091451470160268
WTI,2023,479,0.003834701928162664,1.8481698148977463e-05,0.007556087289452226,True,0.0030170004625495817,-0.00043542287555243175,0.006411281283770739,False,0.007639304496602436,0.0114740064247651
GLD,2021,479,0.03968529074932603,0.025968711423325547,0.05393363674616668,True,0.03125718953192377,0.020075429442390665,0.04303267637977455,True,-0.029433318457316237,0.01025197229200979
GLD,2022,479,0.10362471024595817,0.07446033147892707,0.13412268238376165,True,0.07771470507558353,0.05271153835879026,0.10309111589830602,True,-0.1118458448410094,-0.008221134595051234
GLD,2023,479,0.02535688957418747,0.013382401749591181,0.03730320339400606,True,0.020311784405617497,0.010933913357901283,0.030600115791496085,True,-0.02152771305059135,0.0038291765235961193
TLT,2021,479,0.005017411256984661,0.002869656582118026,0.007122897447106701,True,0.003243963718181972,0.0013247120785139272,0.005244249098613526,True,0.006413790513848531,0.011431201770833193
TLT,2022,479,-0.005498569322862185,-0.009072799165453903,-0.0019197664381763006,True,-0.005952021206788024,-0.009061175028459066,-0.0028426118726235174,True,0.0029764967391766595,-0.002522072583685526
TLT,2023,479,-0.007430500208220525,-0.010070910035575208,-0.004897142588623376,True,-0.0075471925323388565,-0.009871557762521285,-0.00535774144660146,True,0.006259099804805694,-0.0011714004034148306
