asset,seed,state,n,MSE_L,MSE_N,dMSE,ci_lo,ci_hi,sig,win_rate_N,MSPE_L_price,MSPE_N_price,P95_sqerr_L,P95_sqerr_N,params_L,params_N
GSPC,2021,acf1_hi,303,0.0814691036939621,0.10511651635169983,0.023647408932447433,0.018176211044192314,0.029214946553111076,sig,0.3234323432343234,0.0016950482710680142,0.002212700761904936,0.263771116733551,0.4442487061023712,9240,9431
GSPC,2021,acf1_lo,176,0.13412609696388245,0.15357787907123566,0.01945178210735321,0.010725906118750572,0.02793114259839058,sig,0.23295454545454544,0.0021786200758694293,0.002508363033961437,0.3047691881656647,0.4047010838985443,9240,9431
GSPC,2021,sign_persistence_hi,331,0.07521414756774902,0.09118946641683578,0.01597532443702221,0.01330718956887722,0.018844271078705788,sig,0.2628398791540785,0.0013659543589872201,0.0016836139991882506,0.1525433361530304,0.20339888334274292,9240,9431
GSPC,2021,sign_persistence_lo,148,0.15807737410068512,0.1938939243555069,0.035816535353660583,0.021546771749854088,0.049332454800605774,sig,0.35135135135135137,0.0030061207206882297,0.0037475945344803887,0.3279825448989868,0.47165775299072266,9240,9431
GSPC,2021,jump_ratio_hi,150,0.1515498161315918,0.17575126886367798,0.024201471358537674,0.01421493012458086,0.03410497307777405,sig,0.26,0.0025454574910096788,0.0029708310435444347,0.32146698236465454,0.40316808223724365,9240,9431
GSPC,2021,jump_ratio_lo,329,0.07768650352954865,0.09883683174848557,0.02115033194422722,0.016123881563544273,0.02654440887272358,sig,0.303951367781155,0.001566012570927587,0.002025214493321408,0.25344932079315186,0.4133429229259491,9240,9431
GSPC,2021,rv_rel_hi,288,0.12656961381435394,0.1528729498386383,0.02630334161221981,0.01866425760090351,0.03408174216747284,sig,0.3506944444444444,0.0023594324528350033,0.002889849815987912,0.28756341338157654,0.44848960638046265,9240,9431
GSPC,2021,rv_rel_lo,171,0.05506109446287155,0.06621316075325012,0.01115206629037857,0.008839961141347885,0.013771277852356434,sig,0.2222222222222222,0.0009178012788033485,0.0011181202701874592,0.13962049782276154,0.17773330211639404,9240,9431
GSPC,2021,structure_strong,212,0.06437409669160843,0.07777369022369385,0.013399596326053143,0.010562160052359104,0.016282496973872185,sig,0.2688679245283019,0.0012466945519461487,0.0015460406868116473,0.13138428330421448,0.1838456094264984,9240,9431
GSPC,2021,structure_weak,267,0.12975288927555084,0.15877148509025574,0.029018595814704895,0.020771972835063934,0.03696877509355545,sig,0.30711610486891383,0.0023698034249964206,0.0029369273379413457,0.29890891909599304,0.44878852367401123,9240,9431
GSPC,2021,kmeans_1,207,0.121002197265625,0.1425609439611435,0.02155875228345394,0.014302832074463367,0.029033301398158073,sig,0.2560386473429952,0.0020208130588237434,0.0023886353644355695,0.29890891909599304,0.3932569921016693,9240,9431
GSPC,2021,kmeans_2,264,0.08360065519809723,0.1076698899269104,0.024069232866168022,0.017917804419994354,0.030382363125681877,sig,0.3068181818181818,0.0017314832757901986,0.0022655863414463456,0.26383382081985474,0.44758278131484985,9240,9431
GSPC,2022,acf1_hi,303,0.08777941763401031,0.13966968655586243,0.05189027264714241,0.04855670407414436,0.055329568684101105,sig,0.04950495049504951,0.0018224976483844522,0.0028583469887593035,0.27328747510910034,0.3223758339881897,9240,9431
GSPC,2022,acf1_lo,176,0.1460934579372406,0.25279876589775085,0.10670533031225204,0.09551035612821579,0.11727441102266312,sig,0.09090909090909091,0.0023732155462408023,0.00394480991316198,0.3153443932533264,0.45886316895484924,9240,9431
GSPC,2022,sign_persistence_hi,331,0.08285533636808395,0.16504976153373718,0.08219441026449203,0.07649065554141998,0.08793000131845474,sig,0.03625377643504532,0.0015017520019769256,0.002877263209385282,0.17689833045005798,0.3181842565536499,9240,9431
GSPC,2022,sign_persistence_lo,148,0.16813845932483673,0.21743939816951752,0.04930095002055168,0.03950677439570427,0.05924031883478165,sig,0.12837837837837837,0.003194748722598026,0.00410805108110844,0.32504838705062866,0.4691378176212311,9240,9431
GSPC,2022,jump_ratio_hi,150,0.16035638749599457,0.2369871586561203,0.07663077116012573,0.06302369385957718,0.08956863731145859,sig,0.2,0.002695219656519176,0.00386534356464296,0.3219386041164398,0.46798187494277954,9240,9431
GSPC,2022,jump_ratio_lo,329,0.0858849585056305,0.15581892430782318,0.06993397325277328,0.06544123589992523,0.07448656111955643,sig,0.00303951367781155,0.0017192090429209537,0.0029804381386447825,0.2559594213962555,0.3334212601184845,9240,9431
GSPC,2022,rv_rel_hi,288,0.1366126537322998,0.2073596715927124,0.0707470178604126,0.06395138800144196,0.0775223895907402,sig,0.059027777777777776,0.002548546149985617,0.0038195399269396104,0.31199464201927185,0.42453330755233765,9240,9431
GSPC,2022,rv_rel_lo,171,0.06146078556776047,0.13524730503559113,0.07378652691841125,0.06501063704490662,0.08269195258617401,sig,0.08187134502923976,0.001019787168588662,0.0021114612901606154,0.13079538941383362,0.2734302878379822,9240,9431
GSPC,2022,structure_strong,212,0.07242084294557571,0.1540188193321228,0.08159796893596649,0.07551988959312439,0.08760121464729309,sig,0.0,0.0013893806781355377,0.002801265728366877,0.13326159119606018,0.2596146762371063,9240,9431
GSPC,2022,structure_weak,267,0.1384134441614151,0.20284835994243622,0.06443490833044052,0.05668186768889427,0.07235762476921082,sig,0.11610486891385768,0.0025294158046222327,0.0036198402542951293,0.3131954073905945,0.42843472957611084,9240,9431
GSPC,2022,kmeans_1,207,0.130757138133049,0.21324987709522247,0.08249270170927048,0.07259739935398102,0.09202396869659424,sig,0.13043478260869565,0.0021871766290651913,0.003438272091243314,0.3135213553905487,0.4451400339603424,9240,9431
GSPC,2022,kmeans_2,264,0.09171772003173828,0.15759962797164917,0.0658818930387497,0.060834359377622604,0.07091552764177322,sig,0.003787878787878788,0.0018857980437431544,0.0031363945436164295,0.2768787741661072,0.35025253891944885,9240,9431
GSPC,2023,acf1_hi,303,0.0861785039305687,0.1509702205657959,0.06479170173406601,0.06040080636739731,0.06929882615804672,sig,0.0462046204620462,0.0017856180826026427,0.003094647615335422,0.27040448784828186,0.334115594625473,9240,9431
GSPC,2023,acf1_lo,176,0.14164908230304718,0.2586824595928192,0.11703336983919144,0.10348542779684067,0.1301438808441162,sig,0.11363636363636363,0.0022858659446545852,0.004015804662782129,0.2743573486804962,0.4505930542945862,9240,9431
GSPC,2023,sign_persistence_hi,331,0.08308830112218857,0.18029765784740448,0.09720935672521591,0.09075714647769928,0.1041143387556076,sig,0.021148036253776436,0.001494054774111293,0.0031441785426123453,0.16904878616333008,0.34366369247436523,9240,9431
GSPC,2023,sign_persistence_lo,148,0.1590547114610672,0.21347004175186157,0.05441531538963318,0.043077219277620316,0.06517785042524338,sig,0.18243243243243243,0.0030325848314660124,0.004079302368186494,0.3159323036670685,0.4616795778274536,9240,9431
GSPC,2023,jump_ratio_hi,150,0.15158970654010773,0.2333274632692337,0.08173773437738419,0.06567627936601639,0.09742692857980728,sig,0.21333333333333335,0.002533889793048593,0.0037978534817901108,0.2959689795970917,0.46153417229652405,9240,9431
GSPC,2023,jump_ratio_lo,329,0.0860300064086914,0.17104247212409973,0.08501246571540833,0.07996810972690582,0.09006823599338531,sig,0.0060790273556231,0.0017120705663541602,0.003266814060266781,0.2552405297756195,0.35034456849098206,9240,9431
GSPC,2023,rv_rel_hi,288,0.13149802386760712,0.2127429097890854,0.08124490827322006,0.07316706329584122,0.08887660503387451,sig,0.0763888888888889,0.002454586811099071,0.003952089663619031,0.2869890332221985,0.42188796401023865,9240,9431
GSPC,2023,rv_rel_lo,171,0.06278073042631149,0.1509147733449936,0.0881340503692627,0.0777304470539093,0.09920352697372437,sig,0.07017543859649122,0.001027120708247858,0.0023453278854209617,0.13431577384471893,0.33608025312423706,9240,9431
GSPC,2023,structure_strong,212,0.07454761117696762,0.17289932072162628,0.09835170209407806,0.09142053127288818,0.10570073127746582,sig,0.0,0.001414633883648734,0.0031468638403789,0.1322229504585266,0.32247933745384216,9240,9431
GSPC,2023,structure_weak,267,0.13197839260101318,0.20455966889858246,0.07258128374814987,0.06374836713075638,0.08166184276342392,sig,0.12734082397003746,0.0024099337151845548,0.00366039218702607,0.2903287410736084,0.42297542095184326,9240,9431
GSPC,2023,kmeans_1,207,0.12483899295330048,0.21397815644741058,0.0891391709446907,0.07795948535203934,0.100710429251194,sig,0.14009661835748793,0.0020750202663947486,0.003435036607243173,0.2753397226333618,0.4342568516731262,9240,9431
GSPC,2023,kmeans_2,264,0.09124704450368881,0.17368556559085846,0.08243851363658905,0.07657963782548904,0.08854048699140549,sig,0.007575757575757576,0.001867920885540648,0.0034486269089641225,0.2703929543495178,0.3641115725040436,9240,9431
BTCUSD,2021,acf1_hi,286,0.27697113156318665,0.3578537404537201,0.08088261634111404,0.05360808223485947,0.1085449755191803,sig,0.36363636363636365,0.009590153785294384,0.012476756518405534,1.0387144088745117,1.6290431022644043,9240,9431
BTCUSD,2021,acf1_lo,421,0.21896518766880035,0.34296050667762756,0.12399531155824661,0.10501276701688766,0.14436748623847961,sig,0.3016627078384798,0.010238118079653781,0.013933576051494494,0.7616021037101746,1.2814364433288574,9240,9431
BTCUSD,2021,sign_persistence_hi,182,0.2474694550037384,0.37187036871910095,0.12440096586942673,0.09913986176252365,0.15077437460422516,sig,0.37362637362637363,0.012440842478472776,0.017096443090349106,0.8729173541069031,1.2016243934631348,9240,9431
BTCUSD,2021,sign_persistence_lo,525,0.24068310856819153,0.3410516679286957,0.10036852210760117,0.08080340176820755,0.12020853906869888,sig,0.31047619047619046,0.009121520691516935,0.012043495694285004,0.8432000279426575,1.3313599824905396,9240,9431
BTCUSD,2021,jump_ratio_hi,21,0.39175087213516235,0.7716017961502075,0.37985095381736755,0.33847296237945557,0.4191886782646179,sig,0.0,0.007774445169489725,0.01540115077120381,0.49735650420188904,0.994932234287262,9240,9431
BTCUSD,2021,jump_ratio_lo,686,0.23785905539989471,0.3360479474067688,0.09818890690803528,0.08275822550058365,0.11465851962566376,sig,0.336734693877551,0.01004339408975095,0.013281288215375926,0.8633479475975037,1.2899301052093506,9240,9431
BTCUSD,2021,rv_rel_hi,362,0.26237350702285767,0.3661881685256958,0.10381466895341873,0.07984662055969238,0.12764520943164825,sig,0.30662983425414364,0.010980430903835893,0.015124053768346597,0.8361911177635193,1.314212679862976,9240,9431
BTCUSD,2021,rv_rel_lo,325,0.2335604578256607,0.3501279056072235,0.1165674552321434,0.09391532838344574,0.14070212841033936,sig,0.31384615384615383,0.009224505560804086,0.01200635152699349,0.8923622965812683,1.2515798807144165,9240,9431
BTCUSD,2021,structure_strong,284,0.23719362914562225,0.3422648012638092,0.10507120192050934,0.08346109092235565,0.12744835019111633,sig,0.3485915492957746,0.012433847711006462,0.016235976259182213,0.81133633852005,1.2868365049362183,9240,9431
BTCUSD,2021,structure_weak,423,0.24594585597515106,0.3534972369670868,0.10755137354135513,0.08477160334587097,0.12953391671180725,sig,0.3120567375886525,0.008325813106861939,0.011402767433417057,0.8866652846336365,1.3040210008621216,9240,9431
BTCUSD,2021,kmeans_0,116,0.24133433401584625,0.40044325590133667,0.15910889208316803,0.12115603685379028,0.19790008664131165,sig,0.25862068965517243,0.008998572413013307,0.014260642517286887,0.8880376219749451,1.2994968891143799,9240,9431
BTCUSD,2021,kmeans_2,591,0.24264518916606903,0.3388851583003998,0.09623996168375015,0.07902675867080688,0.11396157741546631,sig,0.3401015228426396,0.010167846521520968,0.013164388070960889,0.8436300754547119,1.2872633934020996,9240,9431
BTCUSD,2022,acf1_hi,286,0.27694040536880493,0.4778345227241516,0.20089411735534668,0.1705913096666336,0.2329021692276001,sig,0.16783216783216784,0.009717647195260465,0.016214373993672773,1.1118075847625732,1.8915133476257324,9240,9431
BTCUSD,2022,acf1_lo,421,0.2408878356218338,0.5001971125602722,0.25930923223495483,0.22798706591129303,0.2900469899177551,sig,0.1496437054631829,0.010962222518894319,0.018723703801084835,0.8688166737556458,1.756247878074646,9240,9431
BTCUSD,2022,sign_persistence_hi,182,0.27985167503356934,0.4667451083660126,0.18689344823360443,0.15267664194107056,0.22403566539287567,sig,0.2087912087912088,0.013697253271565655,0.020100197076473897,0.9525814056396484,1.3208940029144287,9240,9431
BTCUSD,2022,sign_persistence_lo,525,0.2470204383134842,0.4996114671230316,0.2525910437107086,0.22501496970653534,0.28112083673477173,sig,0.13904761904761906,0.00933608130071248,0.01687953218005501,0.919421374797821,1.886520266532898,9240,9431
BTCUSD,2022,jump_ratio_hi,21,0.47960594296455383,1.100160002708435,0.6205541491508484,0.5817639231681824,0.6572355628013611,sig,0.0,0.00952076087475146,0.022020511604624652,0.6609443426132202,1.3805633783340454,9240,9431
BTCUSD,2022,jump_ratio_lo,686,0.24861082434654236,0.4725077152252197,0.22389687597751617,0.2022317796945572,0.24703139066696167,sig,0.1618075801749271,0.010487473469284579,0.017576617374271155,0.9446811079978943,1.7779130935668945,9240,9431
BTCUSD,2022,rv_rel_hi,362,0.27499035000801086,0.5077296495437622,0.23273931443691254,0.19867926836013794,0.2683274447917938,sig,0.15193370165745856,0.011672629712438355,0.020062871321963712,0.8698059320449829,1.8871502876281738,9240,9431
BTCUSD,2022,rv_rel_lo,325,0.24816781282424927,0.5013448596000671,0.2531769871711731,0.222672700881958,0.2835654020309448,sig,0.16923076923076924,0.009555604313844052,0.015934557034688147,0.9976780414581299,1.3657175302505493,9240,9431
BTCUSD,2022,structure_strong,284,0.26343849301338196,0.45385172963142395,0.1904132068157196,0.1566554605960846,0.22555017471313477,sig,0.2007042253521127,0.013495954847236908,0.020092536147015592,0.9714890122413635,1.7792997360229492,9240,9431
BTCUSD,2022,structure_weak,423,0.25012341141700745,0.5161933302879333,0.26606985926628113,0.236969456076622,0.29670196771621704,sig,0.1276595744680851,0.00841960189523338,0.01610806145790709,0.8628159165382385,1.756339430809021,9240,9431
BTCUSD,2022,kmeans_0,116,0.27768129110336304,0.48705151677131653,0.2093702256679535,0.1661628782749176,0.2528526782989502,sig,0.1724137931034483,0.010239464717274126,0.01665684522608672,1.0160284042358398,1.5562818050384521,9240,9431
BTCUSD,2022,kmeans_2,591,0.2511128783226013,0.491955429315567,0.2408425509929657,0.21546629071235657,0.2670953571796417,sig,0.15397631133671744,0.01050180181234383,0.01791505281932499,0.8968251943588257,1.7868971824645996,9240,9431
BTCUSD,2023,acf1_hi,286,0.2805384397506714,0.38461825251579285,0.10407984256744385,0.0808897465467453,0.12709327042102814,sig,0.2762237762237762,0.00985879631551583,0.013198054570296094,1.202564001083374,1.7245564460754395,9240,9431
BTCUSD,2023,acf1_lo,421,0.25065532326698303,0.37761372327804565,0.12695838510990143,0.10857496410608292,0.14526645839214325,sig,0.2589073634204275,0.011168671915486216,0.014604901513684477,0.9124484062194824,1.4022064208984375,9240,9431
BTCUSD,2023,sign_persistence_hi,182,0.2854565978050232,0.40407034754753113,0.11861371248960495,0.09615866094827652,0.1421327441930771,sig,0.29120879120879123,0.013886043121517776,0.01795429192524181,0.9657757878303528,1.1977664232254028,9240,9431
BTCUSD,2023,sign_persistence_lo,525,0.25487008690834045,0.37225794792175293,0.11738783866167068,0.09994272887706757,0.13602256774902344,sig,0.2571428571428571,0.009513079570554268,0.012677382883755882,0.9210947155952454,1.5724703073501587,9240,9431
BTCUSD,2023,jump_ratio_hi,21,0.5093729496002197,0.8520020842552185,0.3426292836666107,0.3135465979576111,0.3710201382637024,sig,0.0,0.010095541534115982,0.016952111478349585,0.6402323842048645,1.0717072486877441,9240,9431
BTCUSD,2023,jump_ratio_lo,686,0.25519394874572754,0.36601191759109497,0.11081792414188385,0.09677764773368835,0.12566016614437103,sig,0.27405247813411077,0.010655423105598819,0.013946520121458464,0.9650418758392334,1.490290641784668,9240,9431
BTCUSD,2023,rv_rel_hi,362,0.2840350270271301,0.3934386968612671,0.10940363258123398,0.08839022368192673,0.13213320076465607,sig,0.24861878453038674,0.011940882229650908,0.01575891650815406,0.911015510559082,1.5411157608032227,9240,9431
BTCUSD,2023,rv_rel_lo,325,0.25373750925064087,0.3881380558013916,0.13440056145191193,0.11477924138307571,0.15442316234111786,sig,0.24615384615384617,0.009621764833683245,0.012789736119115666,1.0280801057815552,1.2817755937576294,9240,9431
BTCUSD,2023,structure_strong,284,0.2692185938358307,0.37478408217430115,0.10556546598672867,0.08414378762245178,0.12809915840625763,sig,0.30633802816901406,0.013559517912364488,0.016859642473669858,0.9910696148872375,1.4415397644042969,9240,9431
BTCUSD,2023,structure_weak,423,0.2583966851234436,0.3842494487762451,0.1258527636528015,0.10627203434705734,0.14485809206962585,sig,0.23877068557919623,0.008677833417365746,0.012139878680481343,0.8684771060943604,1.4931720495224,9240,9431
BTCUSD,2023,kmeans_0,116,0.27730777859687805,0.46406301856040955,0.1867552399635315,0.15076622366905212,0.22510002553462982,sig,0.15517241379310345,0.010191915183824231,0.016289630239712576,0.9786028265953064,1.5363490581512451,9240,9431
BTCUSD,2023,kmeans_2,591,0.2598852515220642,0.36403533816337585,0.10415009409189224,0.08881072700023651,0.12019288539886475,sig,0.2876480541455161,0.010726505010716775,0.01359341799756208,0.9257160425186157,1.4623823165893555,9240,9431
ETHUSD,2021,acf1_hi,390,0.16935068368911743,0.18928265571594238,0.019931990653276443,0.0134333660826087,0.02665269747376442,sig,0.45897435897435895,0.020028417714699265,0.02127335399108316,0.5731432437896729,0.7160051465034485,9240,9431
ETHUSD,2021,acf1_lo,182,0.12803055346012115,0.14051571488380432,0.012485163286328316,0.0063325101509690285,0.018821120262145996,sig,0.42857142857142855,0.02886055041402326,0.030860282566592134,0.37490302324295044,0.4622437059879303,9240,9431
ETHUSD,2021,sign_persistence_hi,124,0.13841333985328674,0.19023720920085907,0.05182389169931412,0.03537357598543167,0.06918295472860336,sig,0.3467741935483871,0.011874149710161134,0.015560368422299409,0.41450896859169006,0.6855713129043579,9240,9431
ETHUSD,2021,sign_persistence_lo,448,0.16112740337848663,0.1692068874835968,0.008079495280981064,0.004168998450040817,0.012034513056278229,sig,0.47767857142857145,0.025873456517912872,0.02674931651624347,0.4495960772037506,0.50253826379776,9240,9431
ETHUSD,2021,jump_ratio_hi,285,0.16247819364070892,0.1708478480577469,0.008369643241167068,0.004097402095794678,0.012494497001171112,sig,0.4105263157894737,0.02608522658956677,0.027565678808467005,0.5160109996795654,0.5313675999641418,9240,9431
ETHUSD,2021,jump_ratio_lo,287,0.14997225999832153,0.17666365206241608,0.026691386476159096,0.018150093033909798,0.03599543124437332,sig,0.4878048780487805,0.019614681205778462,0.021104393809160644,0.3800998032093048,0.5789595246315002,9240,9431
ETHUSD,2021,rv_rel_hi,364,0.14414040744304657,0.1462337076663971,0.0020932939369231462,-0.00145529315341264,0.005811743903905153,ns,0.49175824175824173,0.025740792369637253,0.026242530565976155,0.43501707911491394,0.48363521695137024,9240,9431
ETHUSD,2021,rv_rel_lo,188,0.17630885541439056,0.22056911885738373,0.04426026716828346,0.03260521590709686,0.05655941367149353,sig,0.39893617021276595,0.01780184194883566,0.020881416333262584,0.5421739816665649,0.8089158535003662,9240,9431
ETHUSD,2021,structure_strong,278,0.15492531657218933,0.19351233541965485,0.03858701512217522,0.03000478632748127,0.04766775667667389,sig,0.35611510791366907,0.022546080426753348,0.02603535448623954,0.38882574439048767,0.5813958644866943,9240,9431
ETHUSD,2021,structure_weak,294,0.1574118584394455,0.15509413182735443,-0.002317735692486167,-0.005824040621519089,0.0011202434543520212,ns,0.5374149659863946,0.023115281379073187,0.022705275294107513,0.49041491746902466,0.5289599895477295,9240,9431
ETHUSD,2021,kmeans_0,180,0.17211921513080597,0.21649596095085144,0.04437674582004547,0.0341695137321949,0.05544360727071762,sig,0.31666666666666665,0.019879792908108766,0.024799734878815517,0.433313250541687,0.5493530035018921,9240,9431
ETHUSD,2021,kmeans_1,392,0.14889508485794067,0.15414497256278992,0.005249901674687862,0.0005521466955542564,0.010204378515481949,sig,0.5102040816326531,0.024197296838330027,0.024105171442488284,0.4608232378959656,0.5715949535369873,9240,9431
ETHUSD,2022,acf1_hi,390,0.17858773469924927,0.17923009395599365,0.000642354367300868,-0.004856215789914131,0.006012174766510725,ns,0.5897435897435898,0.02111486851246917,0.01969186984146098,0.6285117268562317,0.6902862787246704,9240,9431
ETHUSD,2022,acf1_lo,182,0.1396407037973404,0.1330595165491104,-0.006581180728971958,-0.01213240809738636,-0.0010915726888924837,sig,0.5769230769230769,0.031984468525234525,0.029940706431353884,0.3665429949760437,0.41033947467803955,9240,9431
ETHUSD,2022,sign_persistence_hi,124,0.1569787561893463,0.1914180964231491,0.0344393365085125,0.023589838296175003,0.045656830072402954,sig,0.3629032258064516,0.013539285577274811,0.015481101788291589,0.5135114789009094,0.6665216088294983,9240,9431
ETHUSD,2022,sign_persistence_lo,448,0.16874656081199646,0.15709982812404633,-0.01164672989398241,-0.015558267943561077,-0.007733532227575779,sig,0.6473214285714286,0.027627456651503537,0.025020940149392927,0.4340893030166626,0.4980821907520294,9240,9431
ETHUSD,2022,jump_ratio_hi,285,0.1663510501384735,0.1567530632019043,-0.009597979485988617,-0.01433650404214859,-0.004826955031603575,sig,0.5929824561403508,0.02754783424674299,0.025936015688202915,0.4762275218963623,0.5139915943145752,9240,9431
ETHUSD,2022,jump_ratio_lo,287,0.1660410314798355,0.17227157950401306,0.0062305498868227005,-0.0002687614760361612,0.012884964235126972,ns,0.578397212543554,0.02161964888896832,0.019990499433931563,0.4838212728500366,0.6154581904411316,9240,9431
ETHUSD,2022,rv_rel_hi,364,0.14960287511348724,0.13286945223808289,-0.016733389347791672,-0.02064218744635582,-0.01305352058261633,sig,0.6895604395604396,0.02748665230395736,0.02443584692430653,0.41916364431381226,0.4163002073764801,9240,9431
ETHUSD,2022,rv_rel_lo,188,0.19385597109794617,0.21822933852672577,0.024373341351747513,0.015737859532237053,0.03280485421419144,sig,0.4148936170212766,0.019490650714878502,0.02018794968966318,0.6808468103408813,0.78301602602005,9240,9431
ETHUSD,2022,structure_strong,278,0.170943483710289,0.1878909468650818,0.016947461292147636,0.010854301042854786,0.023079080507159233,sig,0.4748201438848921,0.024857779033471493,0.025107653149626968,0.48709836602211,0.6160972714424133,9240,9431
ETHUSD,2022,structure_weak,294,0.1617058962583542,0.14245881140232086,-0.019247107207775116,-0.023852212354540825,-0.01458617951720953,sig,0.6904761904761905,0.024304453810035997,0.020915340928843174,0.4692004919052124,0.5107315182685852,9240,9431
ETHUSD,2022,kmeans_0,180,0.18167807161808014,0.20637571811676025,0.024697642773389816,0.017159126698970795,0.03228194639086723,sig,0.3611111111111111,0.020743311177382928,0.022929060818406132,0.4645717442035675,0.5775060653686523,9240,9431
ETHUSD,2022,kmeans_1,392,0.15908615291118622,0.14532890915870667,-0.013757224194705486,-0.01790882647037506,-0.00944581814110279,sig,0.6887755102040817,0.026332081580425333,0.02296379301368134,0.5026993751525879,0.6043301224708557,9240,9431
ETHUSD,2023,acf1_hi,390,0.1795293539762497,0.1958756297826767,0.016346251592040062,0.008287178352475166,0.02455565705895424,sig,0.5923076923076923,0.021141854455653156,0.021202182561908072,0.6526436805725098,0.7684430480003357,9240,9431
ETHUSD,2023,acf1_lo,182,0.13858965039253235,0.14522184431552887,0.0066322023048996925,0.0008779728086665273,0.012193569913506508,sig,0.43956043956043955,0.032176250408114344,0.03334278701057111,0.3833853602409363,0.41308239102363586,9240,9431
ETHUSD,2023,sign_persistence_hi,124,0.16211044788360596,0.23193404078483582,0.06982359290122986,0.05203000083565712,0.08821990340948105,sig,0.3064516129032258,0.013747400729552198,0.018400499730861036,0.5552878975868225,0.816342830657959,9240,9431
ETHUSD,2023,sign_persistence_lo,448,0.16771891713142395,0.16531707346439362,-0.0024018476251512766,-0.007091237232089043,0.0025991585571318865,ns,0.609375,0.027671256967672024,0.026909768902770807,0.45602479577064514,0.5276429653167725,9240,9431
ETHUSD,2023,jump_ratio_hi,285,0.16741324961185455,0.16228872537612915,-0.0051245312206447124,-0.0101282624527812,-0.00037388355121947825,sig,0.5333333333333333,0.02788806986915063,0.027725214388018077,0.4992617666721344,0.5150415897369385,9240,9431
ETHUSD,2023,jump_ratio_lo,287,0.1655992716550827,0.19710655510425568,0.031507283449172974,0.021088402718305588,0.04177308455109596,sig,0.554006968641115,0.021440072819768678,0.022423527297849955,0.4720965325832367,0.739547073841095,9240,9431
ETHUSD,2023,rv_rel_hi,364,0.14963556826114655,0.13873639702796936,-0.010899164713919163,-0.015233837999403477,-0.006877849344164133,sig,0.6318681318681318,0.027712204444847236,0.026313921852595464,0.42969420552253723,0.4124397933483124,9240,9431
ETHUSD,2023,rv_rel_lo,188,0.19575734436511993,0.25033360719680786,0.05457625910639763,0.04111989960074425,0.06887084990739822,sig,0.425531914893617,0.019395237434737596,0.022707657234336064,0.695541262626648,0.8744395971298218,9240,9431
ETHUSD,2023,structure_strong,278,0.17221134901046753,0.21655261516571045,0.044341251254081726,0.03439079225063324,0.05527382344007492,sig,0.37050359712230213,0.025029062463047813,0.02843321162036763,0.47904184460639954,0.7420675754547119,9240,9431
ETHUSD,2023,structure_weak,294,0.1611054688692093,0.14496682584285736,-0.01613866724073887,-0.02085702121257782,-0.011641815304756165,sig,0.7074829931972789,0.024297011725354586,0.021880291172128873,0.4873424172401428,0.5124067664146423,9240,9431
ETHUSD,2023,kmeans_0,180,0.18291977047920227,0.23109260201454163,0.048172786831855774,0.036737266927957535,0.06028880923986435,sig,0.31666666666666665,0.020683045244674892,0.025200389601020463,0.4578602612018585,0.7070171236991882,9240,9431
ETHUSD,2023,kmeans_1,392,0.15896481275558472,0.15618674457073212,-0.0027780672535300255,-0.008784581907093525,0.003434053622186184,ns,0.6479591836734694,0.02647564456107158,0.02500298037470511,0.5062534809112549,0.6700062155723572,9240,9431
