width,asset,seed,state,n,params_L,params_N,MSE_L,MSE_N,MSPE_L,MSPE_N,P95_L,P95_N,dMSE,ci_lo,ci_hi,sig,winN
23,GSPC,2021,acf1_hi,303,9240,9431,0.0814691036939621,0.10511651635169983,0.0016950482710680142,0.002212700761904936,0.263771116733551,0.4442487061023712,0.023647408932447433,0.018176211044192314,0.029214946553111076,sig,0.3234323432343234
23,GSPC,2021,acf1_lo,176,9240,9431,0.13412609696388245,0.15357787907123566,0.0021786200758694293,0.002508363033961437,0.3047691881656647,0.4047010838985443,0.01945178210735321,0.010725906118750572,0.02793114259839058,sig,0.23295454545454544
23,GSPC,2021,sign_persistence_hi,331,9240,9431,0.07521414756774902,0.09118946641683578,0.0013659543589872201,0.0016836139991882506,0.1525433361530304,0.20339888334274292,0.01597532443702221,0.01330718956887722,0.018844271078705788,sig,0.2628398791540785
23,GSPC,2021,sign_persistence_lo,148,9240,9431,0.15807737410068512,0.1938939243555069,0.0030061207206882297,0.0037475945344803887,0.3279825448989868,0.47165775299072266,0.035816535353660583,0.021546771749854088,0.049332454800605774,sig,0.35135135135135137
23,GSPC,2021,jump_ratio_hi,150,9240,9431,0.1515498161315918,0.17575126886367798,0.0025454574910096788,0.0029708310435444347,0.32146698236465454,0.40316808223724365,0.024201471358537674,0.01421493012458086,0.03410497307777405,sig,0.26
23,GSPC,2021,jump_ratio_lo,329,9240,9431,0.07768650352954865,0.09883683174848557,0.001566012570927587,0.002025214493321408,0.25344932079315186,0.4133429229259491,0.02115033194422722,0.016123881563544273,0.02654440887272358,sig,0.303951367781155
23,GSPC,2021,rv_rel_hi,288,9240,9431,0.12656961381435394,0.1528729498386383,0.0023594324528350033,0.002889849815987912,0.28756341338157654,0.44848960638046265,0.02630334161221981,0.01866425760090351,0.03408174216747284,sig,0.3506944444444444
23,GSPC,2021,rv_rel_lo,171,9240,9431,0.05506109446287155,0.06621316075325012,0.0009178012788033485,0.0011181202701874592,0.13962049782276154,0.17773330211639404,0.01115206629037857,0.008839961141347885,0.013771277852356434,sig,0.2222222222222222
23,GSPC,2021,structure_strong,212,9240,9431,0.06437409669160843,0.07777369022369385,0.0012466945519461487,0.0015460406868116473,0.13138428330421448,0.1838456094264984,0.013399596326053143,0.010562160052359104,0.016282496973872185,sig,0.2688679245283019
23,GSPC,2021,structure_weak,267,9240,9431,0.12975288927555084,0.15877148509025574,0.0023698034249964206,0.0029369273379413457,0.29890891909599304,0.44878852367401123,0.029018595814704895,0.020771972835063934,0.03696877509355545,sig,0.30711610486891383
23,GSPC,2021,kmeans_1,207,9240,9431,0.121002197265625,0.1425609439611435,0.0020208130588237434,0.0023886353644355695,0.29890891909599304,0.3932569921016693,0.02155875228345394,0.014302832074463367,0.029033301398158073,sig,0.2560386473429952
23,GSPC,2021,kmeans_2,264,9240,9431,0.08360065519809723,0.1076698899269104,0.0017314832757901986,0.0022655863414463456,0.26383382081985474,0.44758278131484985,0.024069232866168022,0.017917804419994354,0.030382363125681877,sig,0.3068181818181818
64,GSPC,2021,acf1_hi,303,9240,26200,0.0814691036939621,0.10923769325017929,0.0016950482710680142,0.0022943446605543072,0.263771116733551,0.4179287850856781,0.02776859700679779,0.02292461134493351,0.03287932276725769,sig,0.1617161716171617
64,GSPC,2021,acf1_lo,176,9240,26200,0.13412609696388245,0.16081970930099487,0.0021786200758694293,0.002603748022767506,0.3047691881656647,0.3555952310562134,0.026693610474467278,0.018130484968423843,0.03504638001322746,sig,0.1590909090909091
64,GSPC,2021,sign_persistence_hi,331,9240,26200,0.07521414756774902,0.10251209139823914,0.0013659543589872201,0.001867309035669925,0.1525433361530304,0.20255285501480103,0.02729795128107071,0.024285193532705307,0.030492518097162247,sig,0.1027190332326284
64,GSPC,2021,sign_persistence_lo,148,9240,26200,0.15807737410068512,0.18562018871307373,0.0030061207206882297,0.003617343198299264,0.3279825448989868,0.45916640758514404,0.027542823925614357,0.014401383697986603,0.040680717676877975,sig,0.2905405405405405
64,GSPC,2021,jump_ratio_hi,150,9240,26200,0.1515498161315918,0.1700381189584732,0.0025454574910096788,0.0028542183729578685,0.32146698236465454,0.339570552110672,0.018488312140107155,0.008890080265700817,0.027659868821501732,sig,0.21333333333333335
64,GSPC,2021,jump_ratio_lo,329,9240,26200,0.07768650352954865,0.10911117494106293,0.001566012570927587,0.0022045997817974347,0.25344932079315186,0.422128826379776,0.03142466023564339,0.026669565588235855,0.036496516317129135,sig,0.13677811550151975
64,GSPC,2021,rv_rel_hi,288,9240,26200,0.12656961381435394,0.1554054170846939,0.0023594324528350033,0.0029529156451177994,0.28756341338157654,0.4336492717266083,0.028835799545049667,0.021631434559822083,0.0360308513045311,sig,0.2222222222222222
64,GSPC,2021,rv_rel_lo,171,9240,26200,0.05506109446287155,0.07834616303443909,0.0009178012788033485,0.0012950323189180098,0.13962049782276154,0.15936815738677979,0.023285070434212685,0.020427070558071136,0.026302102953195572,sig,0.07602339181286549
64,GSPC,2021,structure_strong,212,9240,26200,0.06437409669160843,0.09201983362436295,0.0012466945519461487,0.001786385192214115,0.13138428330421448,0.18169142305850983,0.02764574997127056,0.024494266137480736,0.030823318287730217,sig,0.09433962264150944
64,GSPC,2021,structure_weak,267,9240,26200,0.12975288927555084,0.15691043436527252,0.0023698034249964206,0.0029016195633170183,0.29890891909599304,0.4348281919956207,0.027157533913850784,0.019419660791754723,0.03468066826462746,sig,0.21348314606741572
64,GSPC,2021,kmeans_1,207,9240,26200,0.121002197265625,0.14024421572685242,0.0020208130588237434,0.0023298867458125456,0.29890891909599304,0.33700019121170044,0.01924201101064682,0.012526756152510643,0.025968769565224648,sig,0.178743961352657
64,GSPC,2021,kmeans_2,264,9240,26200,0.08360065519809723,0.11850856989622116,0.0017314832757901986,0.00245916571634653,0.26383382081985474,0.43269506096839905,0.03490791097283363,0.029230996966362,0.041006505489349365,sig,0.13636363636363635
128,GSPC,2021,acf1_hi,303,9240,52376,0.0814691036939621,0.09679925441741943,0.0016950482710680142,0.0020356612220527336,0.263771116733551,0.3800244629383087,0.015330159105360508,0.011671289801597595,0.01909000612795353,sig,0.2838283828382838
128,GSPC,2021,acf1_lo,176,9240,52376,0.13412609696388245,0.1584818959236145,0.0021786200758694293,0.002565469038168946,0.3047691881656647,0.3972674608230591,0.024355776607990265,0.01635606773197651,0.032217491418123245,sig,0.23295454545454544
128,GSPC,2021,sign_persistence_hi,331,9240,52376,0.07521414756774902,0.09116897732019424,0.0013659543589872201,0.0016684591565915973,0.1525433361530304,0.20971167087554932,0.01595483534038067,0.013280946761369705,0.018806172534823418,sig,0.2084592145015106
128,GSPC,2021,sign_persistence_lo,148,9240,52376,0.15807737410068512,0.1827435940504074,0.0030061207206882297,0.0034869454065398243,0.3279825448989868,0.4268936216831207,0.02466624602675438,0.013559799641370773,0.03489958494901657,sig,0.3918918918918919
128,GSPC,2021,jump_ratio_hi,150,9240,52376,0.1515498161315918,0.1755111962556839,0.0025454574910096788,0.0029282055256491576,0.32146698236465454,0.4079025089740753,0.023961389437317848,0.014563845470547676,0.033387042582035065,sig,0.35333333333333333
128,GSPC,2021,jump_ratio_lo,329,9240,52376,0.07768650352954865,0.09390974789857864,0.001566012570927587,0.0019121491554782346,0.25344932079315186,0.3248801827430725,0.01622324250638485,0.012867450714111328,0.01986171118915081,sig,0.22492401215805471
128,GSPC,2021,rv_rel_hi,288,9240,52376,0.12656961381435394,0.1507219672203064,0.0023594324528350033,0.002810019357966826,0.28756341338157654,0.41133254766464233,0.02415236458182335,0.018025167286396027,0.030187241733074188,sig,0.2916666666666667
128,GSPC,2021,rv_rel_lo,171,9240,52376,0.05506109446287155,0.06178244575858116,0.0009178012788033485,0.001037541623023028,0.13962049782276154,0.16011843085289001,0.006721355952322483,0.005097547546029091,0.008389822207391262,sig,0.25146198830409355
128,GSPC,2021,structure_strong,212,9240,52376,0.06437409669160843,0.07628166675567627,0.0012466945519461487,0.0015048882546913527,0.13138428330421448,0.16907726228237152,0.011907570995390415,0.009632722474634647,0.014234313741326332,sig,0.2169811320754717
128,GSPC,2021,structure_weak,267,9240,52376,0.12975288927555084,0.15375009179115295,0.0023698034249964206,0.002806335546835753,0.29890891909599304,0.41254764795303345,0.023997189477086067,0.017376171424984932,0.030419936403632164,sig,0.30337078651685395
128,GSPC,2021,kmeans_1,207,9240,52376,0.121002197265625,0.1425546407699585,0.0020208130588237434,0.002369209386149772,0.29890891909599304,0.3972717523574829,0.021552463993430138,0.015013487078249454,0.028523394837975502,sig,0.2995169082125604
128,GSPC,2021,kmeans_2,264,9240,52376,0.08360065519809723,0.10219061374664307,0.0017314832757901986,0.002134845309736887,0.26383382081985474,0.3846060633659363,0.018589962273836136,0.014579067006707191,0.022870609536767006,sig,0.2159090909090909
23,GSPC,2022,acf1_hi,303,9240,9431,0.08777941763401031,0.13966968655586243,0.0018224976483844522,0.0028583469887593035,0.27328747510910034,0.3223758339881897,0.05189027264714241,0.04855670407414436,0.055329568684101105,sig,0.04950495049504951
23,GSPC,2022,acf1_lo,176,9240,9431,0.1460934579372406,0.25279876589775085,0.0023732155462408023,0.00394480991316198,0.3153443932533264,0.45886316895484924,0.10670533031225204,0.09551035612821579,0.11727441102266312,sig,0.09090909090909091
23,GSPC,2022,sign_persistence_hi,331,9240,9431,0.08285533636808395,0.16504976153373718,0.0015017520019769256,0.002877263209385282,0.17689833045005798,0.3181842565536499,0.08219441026449203,0.07649065554141998,0.08793000131845474,sig,0.03625377643504532
23,GSPC,2022,sign_persistence_lo,148,9240,9431,0.16813845932483673,0.21743939816951752,0.003194748722598026,0.00410805108110844,0.32504838705062866,0.4691378176212311,0.04930095002055168,0.03950677439570427,0.05924031883478165,sig,0.12837837837837837
23,GSPC,2022,jump_ratio_hi,150,9240,9431,0.16035638749599457,0.2369871586561203,0.002695219656519176,0.00386534356464296,0.3219386041164398,0.46798187494277954,0.07663077116012573,0.06302369385957718,0.08956863731145859,sig,0.2
23,GSPC,2022,jump_ratio_lo,329,9240,9431,0.0858849585056305,0.15581892430782318,0.0017192090429209537,0.0029804381386447825,0.2559594213962555,0.3334212601184845,0.06993397325277328,0.06544123589992523,0.07448656111955643,sig,0.00303951367781155
23,GSPC,2022,rv_rel_hi,288,9240,9431,0.1366126537322998,0.2073596715927124,0.002548546149985617,0.0038195399269396104,0.31199464201927185,0.42453330755233765,0.0707470178604126,0.06395138800144196,0.0775223895907402,sig,0.059027777777777776
23,GSPC,2022,rv_rel_lo,171,9240,9431,0.06146078556776047,0.13524730503559113,0.001019787168588662,0.0021114612901606154,0.13079538941383362,0.2734302878379822,0.07378652691841125,0.06501063704490662,0.08269195258617401,sig,0.08187134502923976
23,GSPC,2022,structure_strong,212,9240,9431,0.07242084294557571,0.1540188193321228,0.0013893806781355377,0.002801265728366877,0.13326159119606018,0.2596146762371063,0.08159796893596649,0.07551988959312439,0.08760121464729309,sig,0.0
23,GSPC,2022,structure_weak,267,9240,9431,0.1384134441614151,0.20284835994243622,0.0025294158046222327,0.0036198402542951293,0.3131954073905945,0.42843472957611084,0.06443490833044052,0.05668186768889427,0.07235762476921082,sig,0.11610486891385768
23,GSPC,2022,kmeans_1,207,9240,9431,0.130757138133049,0.21324987709522247,0.0021871766290651913,0.003438272091243314,0.3135213553905487,0.4451400339603424,0.08249270170927048,0.07259739935398102,0.09202396869659424,sig,0.13043478260869565
23,GSPC,2022,kmeans_2,264,9240,9431,0.09171772003173828,0.15759962797164917,0.0018857980437431544,0.0031363945436164295,0.2768787741661072,0.35025253891944885,0.0658818930387497,0.060834359377622604,0.07091552764177322,sig,0.003787878787878788
64,GSPC,2022,acf1_hi,303,9240,26200,0.08777941763401031,0.1270083785057068,0.0018224976483844522,0.0026276680301425587,0.27328747510910034,0.3302026391029358,0.03922896087169647,0.03566552326083183,0.042918190360069275,sig,0.06930693069306931
64,GSPC,2022,acf1_lo,176,9240,26200,0.1460934579372406,0.2182599902153015,0.0023732155462408023,0.0034348678993264764,0.3153443932533264,0.41631653904914856,0.07216650992631912,0.06097203493118286,0.08284017443656921,sig,0.11363636363636363
64,GSPC,2022,sign_persistence_hi,331,9240,26200,0.08285533636808395,0.14310623705387115,0.0015017520019769256,0.002530060261828207,0.17689833045005798,0.28746193647384644,0.0602508969604969,0.055059514939785004,0.0655820369720459,sig,0.045317220543806644
64,GSPC,2022,sign_persistence_lo,148,9240,26200,0.16813845932483673,0.19952110946178436,0.003194748722598026,0.0038058798429021516,0.32504838705062866,0.4258696436882019,0.031382665038108826,0.021131902933120728,0.041309550404548645,sig,0.17567567567567569
64,GSPC,2022,jump_ratio_hi,150,9240,26200,0.16035638749599457,0.2088439166545868,0.002695219656519176,0.003424273018165661,0.3219386041164398,0.4247952699661255,0.048487529158592224,0.034796036779880524,0.06137525662779808,sig,0.25333333333333335
64,GSPC,2022,jump_ratio_lo,329,9240,26200,0.0858849585056305,0.1385127753019333,0.0017192090429209537,0.002696289394193939,0.2559594213962555,0.3405399024486542,0.052627816796302795,0.04900265112519264,0.05635447055101395,sig,0.00911854103343465
64,GSPC,2022,rv_rel_hi,288,9240,26200,0.1366126537322998,0.18953479826450348,0.002548546149985617,0.00352257296870484,0.31199464201927185,0.3885187804698944,0.052922144532203674,0.04599428176879883,0.059690460562705994,sig,0.07291666666666667
64,GSPC,2022,rv_rel_lo,171,9240,26200,0.06146078556776047,0.1082351878285408,0.001019787168588662,0.0017010779549327293,0.13079538941383362,0.23515473306179047,0.04677439108490944,0.039655786007642746,0.054116930812597275,sig,0.11695906432748537
64,GSPC,2022,structure_strong,212,9240,26200,0.07242084294557571,0.1330409198999405,0.0013893806781355377,0.00247790423109801,0.13326159119606018,0.23149193823337555,0.06062006577849388,0.05564514547586441,0.06563913822174072,sig,0.009433962264150943
64,GSPC,2022,structure_weak,267,9240,26200,0.1384134441614151,0.18236936628818512,0.0025294158046222327,0.0032786684135650826,0.3131954073905945,0.3949762284755707,0.043955907225608826,0.03644655644893646,0.05164915323257446,sig,0.14606741573033707
64,GSPC,2022,kmeans_1,207,9240,26200,0.130757138133049,0.18318606913089752,0.0021871766290651913,0.002975992931935495,0.3135213553905487,0.4070935547351837,0.05242893099784851,0.04262489825487137,0.06180032342672348,sig,0.1642512077294686
64,GSPC,2022,kmeans_2,264,9240,26200,0.09171772003173828,0.14381904900074005,0.0018857980437431544,0.002894976239290194,0.2768787741661072,0.3507869839668274,0.05210132151842117,0.047726552933454514,0.05640988424420357,sig,0.011363636363636364
128,GSPC,2022,acf1_hi,303,9240,52376,0.08777941763401031,0.0995374247431755,0.0018224976483844522,0.002089889238524694,0.27328747510910034,0.4185374677181244,0.011758015491068363,0.006839198060333729,0.017068209126591682,sig,0.504950495049505
128,GSPC,2022,acf1_lo,176,9240,52376,0.1460934579372406,0.15274600684642792,0.0023732155462408023,0.0024944519322112973,0.3153443932533264,0.3782552480697632,0.006652565207332373,-0.002647153101861477,0.015675755217671394,ns,0.4090909090909091
128,GSPC,2022,sign_persistence_hi,331,9240,52376,0.08285533636808395,0.08862000703811646,0.0015017520019769256,0.0016172304314768843,0.17689833045005798,0.2031065672636032,0.0057646650820970535,0.0030643907375633717,0.008520031347870827,sig,0.459214501510574
128,GSPC,2022,sign_persistence_lo,148,9240,52376,0.16813845932483673,0.187229186296463,0.003194748722598026,0.003628085854887311,0.32504838705062866,0.47122737765312195,0.019090717658400536,0.005149816628545523,0.033072274178266525,sig,0.49324324324324326
128,GSPC,2022,jump_ratio_hi,150,9240,52376,0.16035638749599457,0.16814842820167542,0.002695219656519176,0.0028222583987771084,0.3219386041164398,0.36421090364456177,0.007792038843035698,-0.002046206034719944,0.017179958522319794,ns,0.36666666666666664
128,GSPC,2022,jump_ratio_lo,329,9240,52376,0.0858849585056305,0.09671998769044876,0.0017192090429209537,0.001972404922570227,0.2559594213962555,0.437185138463974,0.010835028253495693,0.005669640377163887,0.01613074541091919,sig,0.5167173252279635
128,GSPC,2022,rv_rel_hi,288,9240,52376,0.1366126537322998,0.1494930386543274,0.002548546149985617,0.002822429321251224,0.31199464201927185,0.4431546926498413,0.012880370952188969,0.005274808034300804,0.020521551370620728,sig,0.4756944444444444
128,GSPC,2022,rv_rel_lo,171,9240,52376,0.06146078556776047,0.06381858140230179,0.001019787168588662,0.0010678158529522862,0.13079538941383362,0.15249142050743103,0.0023577965330332518,-0.0008128036861307919,0.005586783867329359,ns,0.5146198830409356
128,GSPC,2022,structure_strong,212,9240,52376,0.07242084294557571,0.0757148414850235,0.0013893806781355377,0.0014829533677502412,0.13326159119606018,0.16328273713588715,0.003293992020189762,0.0007039098418317735,0.005837814882397652,sig,0.4528301886792453
128,GSPC,2022,structure_weak,267,9240,52376,0.1384134441614151,0.15352655947208405,0.0025294158046222327,0.00283847889655101,0.3131954073905945,0.4454759657382965,0.015113121829926968,0.007304276339709759,0.023453999310731888,sig,0.48314606741573035
128,GSPC,2022,kmeans_1,207,9240,52376,0.130757138133049,0.13599932193756104,0.0021871766290651913,0.0022669583037117874,0.3135213553905487,0.34258365631103516,0.005242191255092621,-0.002299422863870859,0.012463180348277092,ns,0.42995169082125606
128,GSPC,2022,kmeans_2,264,9240,52376,0.09171772003173828,0.10562670975923538,0.0018857980437431544,0.0022075527301667597,0.2768787741661072,0.4440065324306488,0.013908998109400272,0.0078100236132740974,0.020346995443105698,sig,0.5
23,GSPC,2023,acf1_hi,303,9240,9431,0.0861785039305687,0.1509702205657959,0.0017856180826026427,0.003094647615335422,0.27040448784828186,0.334115594625473,0.06479170173406601,0.06040080636739731,0.06929882615804672,sig,0.0462046204620462
23,GSPC,2023,acf1_lo,176,9240,9431,0.14164908230304718,0.2586824595928192,0.0022858659446545852,0.004015804662782129,0.2743573486804962,0.4505930542945862,0.11703336983919144,0.10348542779684067,0.1301438808441162,sig,0.11363636363636363
23,GSPC,2023,sign_persistence_hi,331,9240,9431,0.08308830112218857,0.18029765784740448,0.001494054774111293,0.0031441785426123453,0.16904878616333008,0.34366369247436523,0.09720935672521591,0.09075714647769928,0.1041143387556076,sig,0.021148036253776436
23,GSPC,2023,sign_persistence_lo,148,9240,9431,0.1590547114610672,0.21347004175186157,0.0030325848314660124,0.004079302368186494,0.3159323036670685,0.4616795778274536,0.05441531538963318,0.043077219277620316,0.06517785042524338,sig,0.18243243243243243
23,GSPC,2023,jump_ratio_hi,150,9240,9431,0.15158970654010773,0.2333274632692337,0.002533889793048593,0.0037978534817901108,0.2959689795970917,0.46153417229652405,0.08173773437738419,0.06567627936601639,0.09742692857980728,sig,0.21333333333333335
23,GSPC,2023,jump_ratio_lo,329,9240,9431,0.0860300064086914,0.17104247212409973,0.0017120705663541602,0.003266814060266781,0.2552405297756195,0.35034456849098206,0.08501246571540833,0.07996810972690582,0.09006823599338531,sig,0.0060790273556231
23,GSPC,2023,rv_rel_hi,288,9240,9431,0.13149802386760712,0.2127429097890854,0.002454586811099071,0.003952089663619031,0.2869890332221985,0.42188796401023865,0.08124490827322006,0.07316706329584122,0.08887660503387451,sig,0.0763888888888889
23,GSPC,2023,rv_rel_lo,171,9240,9431,0.06278073042631149,0.1509147733449936,0.001027120708247858,0.0023453278854209617,0.13431577384471893,0.33608025312423706,0.0881340503692627,0.0777304470539093,0.09920352697372437,sig,0.07017543859649122
23,GSPC,2023,structure_strong,212,9240,9431,0.07454761117696762,0.17289932072162628,0.001414633883648734,0.0031468638403789,0.1322229504585266,0.32247933745384216,0.09835170209407806,0.09142053127288818,0.10570073127746582,sig,0.0
23,GSPC,2023,structure_weak,267,9240,9431,0.13197839260101318,0.20455966889858246,0.0024099337151845548,0.00366039218702607,0.2903287410736084,0.42297542095184326,0.07258128374814987,0.06374836713075638,0.08166184276342392,sig,0.12734082397003746
23,GSPC,2023,kmeans_1,207,9240,9431,0.12483899295330048,0.21397815644741058,0.0020750202663947486,0.003435036607243173,0.2753397226333618,0.4342568516731262,0.0891391709446907,0.07795948535203934,0.100710429251194,sig,0.14009661835748793
23,GSPC,2023,kmeans_2,264,9240,9431,0.09124704450368881,0.17368556559085846,0.001867920885540648,0.0034486269089641225,0.2703929543495178,0.3641115725040436,0.08243851363658905,0.07657963782548904,0.08854048699140549,sig,0.007575757575757576
64,GSPC,2023,acf1_hi,303,9240,26200,0.0861785039305687,0.07568266242742538,0.0017856180826026427,0.0015766707063482334,0.27040448784828186,0.35072511434555054,-0.01049584336578846,-0.015445602126419544,-0.005458019208163023,sig,0.6996699669966997
64,GSPC,2023,acf1_lo,176,9240,26200,0.14164908230304718,0.14465512335300446,0.0022858659446545852,0.0024082901539165193,0.2743573486804962,0.3977449834346771,0.0030060370918363333,-0.006526483688503504,0.013159475289285183,ns,0.5454545454545454
64,GSPC,2023,sign_persistence_hi,331,9240,26200,0.08308830112218857,0.06626932322978973,0.001494054774111293,0.0012169236261312594,0.16904878616333008,0.21876607835292816,-0.016818977892398834,-0.021671060472726822,-0.012118354439735413,sig,0.6948640483383686
64,GSPC,2023,sign_persistence_lo,148,9240,26200,0.1590547114610672,0.17875677347183228,0.0030325848314660124,0.003370193046374158,0.3159323036670685,0.42189687490463257,0.01970205083489418,0.009484781883656979,0.030384566634893417,sig,0.527027027027027
64,GSPC,2023,jump_ratio_hi,150,9240,26200,0.15158970654010773,0.17403371632099152,0.002533889793048593,0.0029611515709265864,0.2959689795970917,0.40149760246276855,0.02244398556649685,0.011287624016404152,0.03322725370526314,sig,0.4533333333333333
64,GSPC,2023,jump_ratio_lo,329,9240,26200,0.0860300064086914,0.06773889064788818,0.0017120705663541602,0.001390326916333843,0.2552405297756195,0.3226894736289978,-0.018291110172867775,-0.022609978914260864,-0.014002594165503979,sig,0.729483282674772
64,GSPC,2023,rv_rel_hi,288,9240,26200,0.13149802386760712,0.12489128112792969,0.002454586811099071,0.002301464889010236,0.2869890332221985,0.396089106798172,-0.006606745067983866,-0.01323596853762865,0.00037533306749537587,ns,0.7152777777777778
64,GSPC,2023,rv_rel_lo,171,9240,26200,0.06278073042631149,0.060214005410671234,0.001027120708247858,0.0010844416861681195,0.13431577384471893,0.22057661414146423,-0.002566725481301546,-0.009727634489536285,0.004394301678985357,ns,0.5087719298245614
64,GSPC,2023,structure_strong,212,9240,26200,0.07454761117696762,0.049091313034296036,0.001414633883648734,0.0009651657201540826,0.1322229504585266,0.10781410336494446,-0.025456301867961884,-0.03024573251605034,-0.020843660458922386,sig,0.7311320754716981
64,GSPC,2023,structure_weak,267,9240,26200,0.13197839260101318,0.14226138591766357,0.0024099337151845548,0.002610393851835793,0.2903287410736084,0.39696642756462097,0.010282987728714943,0.002965453779324889,0.01765088178217411,sig,0.5730337078651685
64,GSPC,2023,kmeans_1,207,9240,26200,0.12483899295330048,0.13608552515506744,0.0020750202663947486,0.002294519097633305,0.2753397226333618,0.39696642756462097,0.011246556416153908,0.0028245134744793177,0.019929809495806694,sig,0.5217391304347826
64,GSPC,2023,kmeans_2,264,9240,26200,0.09124704450368881,0.0728161558508873,0.001867920885540648,0.001545750584486509,0.2703929543495178,0.3505181670188904,-0.01843089982867241,-0.02349725179374218,-0.013239738531410694,sig,0.7310606060606061
128,GSPC,2023,acf1_hi,303,9240,52376,0.0861785039305687,0.06648235768079758,0.0017856180826026427,0.0013920154680445343,0.27040448784828186,0.29047974944114685,-0.01969616487622261,-0.023303916677832603,-0.016026627272367477,sig,0.7557755775577558
128,GSPC,2023,acf1_lo,176,9240,52376,0.14164908230304718,0.13920894265174866,0.0022858659446545852,0.0023162105196043296,0.2743573486804962,0.4113213121891022,-0.0024401491973549128,-0.013757378794252872,0.009059534408152103,ns,0.6079545454545454
128,GSPC,2023,sign_persistence_hi,331,9240,52376,0.08308830112218857,0.0564885251224041,0.001494054774111293,0.0010480329082533935,0.16904878616333008,0.20643016695976257,-0.02659977227449417,-0.03134944289922714,-0.022011473774909973,sig,0.7764350453172205
128,GSPC,2023,sign_persistence_lo,148,9240,52376,0.1590547114610672,0.17531904578208923,0.0030325848314660124,0.003260370578621504,0.3159323036670685,0.41866764426231384,0.016264328733086586,0.006389016751199961,0.026712365448474884,sig,0.5337837837837838
128,GSPC,2023,jump_ratio_hi,150,9240,52376,0.15158970654010773,0.17233064770698547,0.002533889793048593,0.002915792660534027,0.2959689795970917,0.41805389523506165,0.020740928128361702,0.008962820284068584,0.03211555629968643,sig,0.4266666666666667
128,GSPC,2023,jump_ratio_lo,329,9240,52376,0.0860300064086914,0.05712865665555,0.0017120705663541602,0.0011916864413001576,0.2552405297756195,0.2587369680404663,-0.028901346027851105,-0.03224095702171326,-0.02556958794593811,sig,0.8267477203647416
128,GSPC,2023,rv_rel_hi,288,9240,52376,0.13149802386760712,0.12244220823049545,0.002454586811099071,0.002229758191013154,0.2869890332221985,0.391393780708313,-0.009055817499756813,-0.015859471634030342,-0.0018676825566217303,sig,0.7083333333333334
128,GSPC,2023,rv_rel_lo,171,9240,52376,0.06278073042631149,0.0424448661506176,0.001027120708247858,0.0007848048237118909,0.13431577384471893,0.17878127098083496,-0.02033586986362934,-0.026860393583774567,-0.014172503724694252,sig,0.6842105263157895
128,GSPC,2023,structure_strong,212,9240,52376,0.07454761117696762,0.03905634954571724,0.001414633883648734,0.0007975338289442789,0.1322229504585266,0.106082983314991,-0.03549126535654068,-0.039946433156728745,-0.031247325241565704,sig,0.8443396226415094
128,GSPC,2023,structure_weak,267,9240,52376,0.13197839260101318,0.13619841635227203,0.0024099337151845548,0.0024732455675343396,0.2903287410736084,0.39658084511756897,0.004220015835016966,-0.002906279405578971,0.011583000421524048,ns,0.5880149812734082
128,GSPC,2023,kmeans_1,207,9240,52376,0.12483899295330048,0.13050007820129395,0.0020750202663947486,0.002199935233776891,0.2753397226333618,0.40881308913230896,0.005661105737090111,-0.003313792869448662,0.014920315705239773,ns,0.5990338164251208
128,GSPC,2023,kmeans_2,264,9240,52376,0.09124704450368881,0.06282150745391846,0.001867920885540648,0.0013437414185329664,0.2703929543495178,0.2904558777809143,-0.028425542637705803,-0.03250765800476074,-0.024361049756407738,sig,0.7840909090909091
23,BTCUSD,2021,acf1_hi,286,9240,9431,0.27697113156318665,0.3578537404537201,0.009590153785294384,0.012476756518405534,1.0387144088745117,1.6290431022644043,0.08088261634111404,0.05360808223485947,0.1085449755191803,sig,0.36363636363636365
23,BTCUSD,2021,acf1_lo,421,9240,9431,0.21896518766880035,0.34296050667762756,0.010238118079653781,0.013933576051494494,0.7616021037101746,1.2814364433288574,0.12399531155824661,0.10501276701688766,0.14436748623847961,sig,0.3016627078384798
23,BTCUSD,2021,sign_persistence_hi,182,9240,9431,0.2474694550037384,0.37187036871910095,0.012440842478472776,0.017096443090349106,0.8729173541069031,1.2016243934631348,0.12440096586942673,0.09913986176252365,0.15077437460422516,sig,0.37362637362637363
23,BTCUSD,2021,sign_persistence_lo,525,9240,9431,0.24068310856819153,0.3410516679286957,0.009121520691516935,0.012043495694285004,0.8432000279426575,1.3313599824905396,0.10036852210760117,0.08080340176820755,0.12020853906869888,sig,0.31047619047619046
23,BTCUSD,2021,jump_ratio_hi,21,9240,9431,0.39175087213516235,0.7716017961502075,0.007774445169489725,0.01540115077120381,0.49735650420188904,0.994932234287262,0.37985095381736755,0.33847296237945557,0.4191886782646179,sig,0.0
23,BTCUSD,2021,jump_ratio_lo,686,9240,9431,0.23785905539989471,0.3360479474067688,0.01004339408975095,0.013281288215375926,0.8633479475975037,1.2899301052093506,0.09818890690803528,0.08275822550058365,0.11465851962566376,sig,0.336734693877551
23,BTCUSD,2021,rv_rel_hi,362,9240,9431,0.26237350702285767,0.3661881685256958,0.010980430903835893,0.015124053768346597,0.8361911177635193,1.314212679862976,0.10381466895341873,0.07984662055969238,0.12764520943164825,sig,0.30662983425414364
23,BTCUSD,2021,rv_rel_lo,325,9240,9431,0.2335604578256607,0.3501279056072235,0.009224505560804086,0.01200635152699349,0.8923622965812683,1.2515798807144165,0.1165674552321434,0.09391532838344574,0.14070212841033936,sig,0.31384615384615383
23,BTCUSD,2021,structure_strong,284,9240,9431,0.23719362914562225,0.3422648012638092,0.012433847711006462,0.016235976259182213,0.81133633852005,1.2868365049362183,0.10507120192050934,0.08346109092235565,0.12744835019111633,sig,0.3485915492957746
23,BTCUSD,2021,structure_weak,423,9240,9431,0.24594585597515106,0.3534972369670868,0.008325813106861939,0.011402767433417057,0.8866652846336365,1.3040210008621216,0.10755137354135513,0.08477160334587097,0.12953391671180725,sig,0.3120567375886525
23,BTCUSD,2021,kmeans_0,116,9240,9431,0.24133433401584625,0.40044325590133667,0.008998572413013307,0.014260642517286887,0.8880376219749451,1.2994968891143799,0.15910889208316803,0.12115603685379028,0.19790008664131165,sig,0.25862068965517243
23,BTCUSD,2021,kmeans_2,591,9240,9431,0.24264518916606903,0.3388851583003998,0.010167846521520968,0.013164388070960889,0.8436300754547119,1.2872633934020996,0.09623996168375015,0.07902675867080688,0.11396157741546631,sig,0.3401015228426396
64,BTCUSD,2021,acf1_hi,286,9240,26200,0.27697113156318665,0.37879204750061035,0.009590153785294384,0.013060457571938393,1.0387144088745117,1.661306619644165,0.1018209233880043,0.07398173958063126,0.13037745654582977,sig,0.32867132867132864
64,BTCUSD,2021,acf1_lo,421,9240,26200,0.21896518766880035,0.381940633058548,0.010238118079653781,0.015193915890740935,0.7616021037101746,1.2843379974365234,0.1629754900932312,0.14114239811897278,0.18593955039978027,sig,0.17577197149643706
64,BTCUSD,2021,sign_persistence_hi,182,9240,26200,0.2474694550037384,0.3902357816696167,0.012440842478472776,0.01773965043079152,0.8729173541069031,1.1322578191757202,0.1427663415670395,0.11682388186454773,0.16976426541805267,sig,0.1978021978021978
64,BTCUSD,2021,sign_persistence_lo,525,9240,26200,0.24068310856819153,0.37734973430633545,0.009121520691516935,0.013149167766042396,0.8432000279426575,1.3741202354431152,0.13666664063930511,0.11466742306947708,0.1581697165966034,sig,0.25142857142857145
64,BTCUSD,2021,jump_ratio_hi,21,9240,26200,0.39175087213516235,0.8957947492599487,0.007774445169489725,0.017884653691994625,0.49735650420188904,1.1229513883590698,0.5040438771247864,0.46474161744117737,0.542075514793396,sig,0.0
64,BTCUSD,2021,jump_ratio_lo,686,9240,26200,0.23785905539989471,0.364897757768631,0.01004339408975095,0.014222087067120156,0.8633479475975037,1.3404521942138672,0.12703868746757507,0.11009213328361511,0.14479756355285645,sig,0.24489795918367346
64,BTCUSD,2021,rv_rel_hi,362,9240,26200,0.26237350702285767,0.38811877369880676,0.010980430903835893,0.01602198415972142,0.8361911177635193,1.3630403280258179,0.1257452666759491,0.10053908824920654,0.1516442894935608,sig,0.212707182320442
64,BTCUSD,2021,rv_rel_lo,325,9240,26200,0.2335604578256607,0.3940558433532715,0.009224505560804086,0.013056393333784326,0.8923622965812683,1.2270491123199463,0.1604953557252884,0.13540330529212952,0.18669861555099487,sig,0.27076923076923076
64,BTCUSD,2021,structure_strong,284,9240,26200,0.23719362914562225,0.363444060087204,0.012433847711006462,0.017151514881872172,0.81133633852005,1.263089656829834,0.12625041604042053,0.10355540364980698,0.14934693276882172,sig,0.1936619718309859
64,BTCUSD,2021,structure_weak,423,9240,26200,0.24594585597515106,0.392230361700058,0.008325813106861939,0.01243711401684307,0.8866652846336365,1.3585186004638672,0.14628449082374573,0.12070661783218384,0.170403853058815,sig,0.26713947990543735
64,BTCUSD,2021,kmeans_0,116,9240,26200,0.24133433401584625,0.3973643183708191,0.008998572413013307,0.013914798937107281,0.8880376219749451,1.2666397094726562,0.15603002905845642,0.11857683211565018,0.19464179873466492,sig,0.21551724137931033
64,BTCUSD,2021,kmeans_2,591,9240,26200,0.24264518916606903,0.3773896396160126,0.010167846521520968,0.014412542773048848,0.8436300754547119,1.3344911336898804,0.13474445044994354,0.11556531488895416,0.15437667071819305,sig,0.24196277495769883
128,BTCUSD,2021,acf1_hi,286,9240,52376,0.27697113156318665,0.45885568857192993,0.009590153785294384,0.015088350623243119,1.0387144088745117,1.8138585090637207,0.18188458681106567,0.13539686799049377,0.22809939086437225,sig,0.2902097902097902
128,BTCUSD,2021,acf1_lo,421,9240,52376,0.21896518766880035,0.5088927745819092,0.010238118079653781,0.019130657029783883,0.7616021037101746,1.4197078943252563,0.28992760181427,0.25275662541389465,0.3265428841114044,sig,0.27315914489311166
128,BTCUSD,2021,sign_persistence_hi,182,9240,52376,0.2474694550037384,0.5091603994369507,0.012440842478472776,0.020912717290984827,0.8729173541069031,1.699305772781372,0.2616909444332123,0.20319049060344696,0.32239851355552673,sig,0.4175824175824176
128,BTCUSD,2021,sign_persistence_lo,525,9240,52376,0.24068310856819153,0.4815417230129242,0.009121520691516935,0.016310781601575824,0.8432000279426575,1.4177762269973755,0.24085858464241028,0.20745189487934113,0.2738519012928009,sig,0.23238095238095238
128,BTCUSD,2021,jump_ratio_hi,21,9240,52376,0.39175087213516235,1.6467832326889038,0.007774445169489725,0.03306157461764765,0.49735650420188904,2.0137765407562256,1.2550324201583862,1.1856274604797363,1.326667308807373,sig,0.0
128,BTCUSD,2021,jump_ratio_lo,686,9240,52376,0.23785905539989471,0.45319849252700806,0.01004339408975095,0.017018923937049485,0.8633479475975037,1.3296105861663818,0.21533942222595215,0.18888363242149353,0.24283386766910553,sig,0.2886297376093295
128,BTCUSD,2021,rv_rel_hi,362,9240,52376,0.26237350702285767,0.44411060214042664,0.010980430903835893,0.018676210273559587,0.8361911177635193,1.3299890756607056,0.18173711001873016,0.14664362370967865,0.21521739661693573,sig,0.26795580110497236
128,BTCUSD,2021,rv_rel_lo,325,9240,52376,0.2335604578256607,0.5668464303016663,0.009224505560804086,0.017036640793749967,0.8923622965812683,1.7415152788162231,0.33328598737716675,0.28496310114860535,0.3829326927661896,sig,0.25846153846153846
128,BTCUSD,2021,structure_strong,284,9240,52376,0.23719362914562225,0.45255622267723083,0.012433847711006462,0.0205478390677776,0.81133633852005,1.3420895338058472,0.2153625786304474,0.17804625630378723,0.2550591826438904,sig,0.34507042253521125
128,BTCUSD,2021,structure_weak,423,9240,52376,0.24594585597515106,0.5128856897354126,0.008325813106861939,0.015446072322784178,0.8866652846336365,1.6004236936569214,0.26693978905677795,0.2240937501192093,0.3062290847301483,sig,0.2364066193853428
128,BTCUSD,2021,kmeans_0,116,9240,52376,0.24133433401584625,0.4670054018497467,0.008998572413013307,0.01494973833607112,0.8880376219749451,1.6070924997329712,0.22567108273506165,0.15737611055374146,0.29551437497138977,sig,0.3620689655172414
128,BTCUSD,2021,kmeans_2,591,9240,52376,0.24264518916606903,0.4929001033306122,0.010167846521520968,0.01799510193029153,0.8436300754547119,1.422813892364502,0.25025492906570435,0.21835684776306152,0.2832737863063812,sig,0.2639593908629442
23,BTCUSD,2022,acf1_hi,286,9240,9431,0.27694040536880493,0.4778345227241516,0.009717647195260465,0.016214373993672773,1.1118075847625732,1.8915133476257324,0.20089411735534668,0.1705913096666336,0.2329021692276001,sig,0.16783216783216784
23,BTCUSD,2022,acf1_lo,421,9240,9431,0.2408878356218338,0.5001971125602722,0.010962222518894319,0.018723703801084835,0.8688166737556458,1.756247878074646,0.25930923223495483,0.22798706591129303,0.2900469899177551,sig,0.1496437054631829
23,BTCUSD,2022,sign_persistence_hi,182,9240,9431,0.27985167503356934,0.4667451083660126,0.013697253271565655,0.020100197076473897,0.9525814056396484,1.3208940029144287,0.18689344823360443,0.15267664194107056,0.22403566539287567,sig,0.2087912087912088
23,BTCUSD,2022,sign_persistence_lo,525,9240,9431,0.2470204383134842,0.4996114671230316,0.00933608130071248,0.01687953218005501,0.919421374797821,1.886520266532898,0.2525910437107086,0.22501496970653534,0.28112083673477173,sig,0.13904761904761906
23,BTCUSD,2022,jump_ratio_hi,21,9240,9431,0.47960594296455383,1.100160002708435,0.00952076087475146,0.022020511604624652,0.6609443426132202,1.3805633783340454,0.6205541491508484,0.5817639231681824,0.6572355628013611,sig,0.0
23,BTCUSD,2022,jump_ratio_lo,686,9240,9431,0.24861082434654236,0.4725077152252197,0.010487473469284579,0.017576617374271155,0.9446811079978943,1.7779130935668945,0.22389687597751617,0.2022317796945572,0.24703139066696167,sig,0.1618075801749271
23,BTCUSD,2022,rv_rel_hi,362,9240,9431,0.27499035000801086,0.5077296495437622,0.011672629712438355,0.020062871321963712,0.8698059320449829,1.8871502876281738,0.23273931443691254,0.19867926836013794,0.2683274447917938,sig,0.15193370165745856
23,BTCUSD,2022,rv_rel_lo,325,9240,9431,0.24816781282424927,0.5013448596000671,0.009555604313844052,0.015934557034688147,0.9976780414581299,1.3657175302505493,0.2531769871711731,0.222672700881958,0.2835654020309448,sig,0.16923076923076924
23,BTCUSD,2022,structure_strong,284,9240,9431,0.26343849301338196,0.45385172963142395,0.013495954847236908,0.020092536147015592,0.9714890122413635,1.7792997360229492,0.1904132068157196,0.1566554605960846,0.22555017471313477,sig,0.2007042253521127
23,BTCUSD,2022,structure_weak,423,9240,9431,0.25012341141700745,0.5161933302879333,0.00841960189523338,0.01610806145790709,0.8628159165382385,1.756339430809021,0.26606985926628113,0.236969456076622,0.29670196771621704,sig,0.1276595744680851
23,BTCUSD,2022,kmeans_0,116,9240,9431,0.27768129110336304,0.48705151677131653,0.010239464717274126,0.01665684522608672,1.0160284042358398,1.5562818050384521,0.2093702256679535,0.1661628782749176,0.2528526782989502,sig,0.1724137931034483
23,BTCUSD,2022,kmeans_2,591,9240,9431,0.2511128783226013,0.491955429315567,0.01050180181234383,0.01791505281932499,0.8968251943588257,1.7868971824645996,0.2408425509929657,0.21546629071235657,0.2670953571796417,sig,0.15397631133671744
64,BTCUSD,2022,acf1_hi,286,9240,26200,0.27694040536880493,0.39116421341896057,0.009717647195260465,0.013425818147272135,1.1118075847625732,1.7845613956451416,0.11422381550073624,0.0854591503739357,0.1443864107131958,sig,0.24825174825174826
64,BTCUSD,2022,acf1_lo,421,9240,26200,0.2408878356218338,0.42557328939437866,0.010962222518894319,0.01641736434392311,0.8688166737556458,1.475182056427002,0.18468543887138367,0.16017848253250122,0.20834600925445557,sig,0.15201900237529692
64,BTCUSD,2022,sign_persistence_hi,182,9240,26200,0.27985167503356934,0.4306703507900238,0.013697253271565655,0.018885390139679825,0.9525814056396484,1.2621022462844849,0.15081873536109924,0.12283585965633392,0.18126562237739563,sig,0.13186813186813187
64,BTCUSD,2022,sign_persistence_lo,525,9240,26200,0.2470204383134842,0.4050615727901459,0.00933608130071248,0.013932101663789963,0.919421374797821,1.5309418439865112,0.1580410897731781,0.1348164677619934,0.181392639875412,sig,0.21142857142857144
64,BTCUSD,2022,jump_ratio_hi,21,9240,26200,0.47960594296455383,1.0815370082855225,0.00952076087475146,0.021641437558641317,0.6609443426132202,1.3391062021255493,0.6019311547279358,0.5577619671821594,0.642447292804718,sig,0.0
64,BTCUSD,2022,jump_ratio_lo,686,9240,26200,0.24861082434654236,0.391147255897522,0.010487473469284579,0.015010239344285702,0.9446811079978943,1.504288911819458,0.1425364911556244,0.12449772655963898,0.16148878633975983,sig,0.1967930029154519
64,BTCUSD,2022,rv_rel_hi,362,9240,26200,0.27499035000801086,0.41383740305900574,0.011672629712438355,0.01699999971980071,0.8698059320449829,1.5269370079040527,0.13884708285331726,0.11162898689508438,0.1672811508178711,sig,0.17679558011049723
64,BTCUSD,2022,rv_rel_lo,325,9240,26200,0.24816781282424927,0.4327728748321533,0.009555604313844052,0.013865113737321232,0.9976780414581299,1.2985783815383911,0.18460506200790405,0.1569748967885971,0.2124851495027542,sig,0.2153846153846154
64,BTCUSD,2022,structure_strong,284,9240,26200,0.26343849301338196,0.3967500329017639,0.013495954847236908,0.018224195820459293,0.9714890122413635,1.4699819087982178,0.13331152498722076,0.10810532420873642,0.15937885642051697,sig,0.16901408450704225
64,BTCUSD,2022,structure_weak,423,9240,26200,0.25012341141700745,0.4216603636741638,0.00841960189523338,0.013181614103784914,0.8628159165382385,1.5045186281204224,0.1715368926525116,0.14543141424655914,0.19883984327316284,sig,0.20567375886524822
64,BTCUSD,2022,kmeans_0,116,9240,26200,0.27768129110336304,0.43463873863220215,0.010239464717274126,0.01482232487487543,1.0160284042358398,1.340111255645752,0.1569574624300003,0.12118203938007355,0.19525830447673798,sig,0.1206896551724138
64,BTCUSD,2022,kmeans_2,591,9240,26200,0.2511128783226013,0.4071425199508667,0.01050180181234383,0.015282749058250267,0.8968251943588257,1.5039061307907104,0.15602965652942657,0.13474920392036438,0.1777743250131607,sig,0.20473773265651438
128,BTCUSD,2022,acf1_hi,286,9240,52376,0.27694040536880493,0.4217246174812317,0.009717647195260465,0.013978357960006904,1.1118075847625732,1.7482459545135498,0.14478419721126556,0.10804197192192078,0.1817670613527298,sig,0.2972027972027972
128,BTCUSD,2022,acf1_lo,421,9240,52376,0.2408878356218338,0.4708554148674011,0.010962222518894319,0.01795067605102938,0.8688166737556458,1.3060359954833984,0.2299676090478897,0.19945533573627472,0.2600081264972687,sig,0.21377672209026127
128,BTCUSD,2022,sign_persistence_hi,182,9240,52376,0.27985167503356934,0.47775089740753174,0.013697253271565655,0.02006767346235842,0.9525814056396484,1.5608971118927002,0.1978992372751236,0.15379993617534637,0.24707117676734924,sig,0.3241758241758242
128,BTCUSD,2022,sign_persistence_lo,525,9240,52376,0.2470204383134842,0.44170039892196655,0.00933608130071248,0.015052816045516403,0.919421374797821,1.3026031255722046,0.19467994570732117,0.16792385280132294,0.22143720090389252,sig,0.22095238095238096
128,BTCUSD,2022,jump_ratio_hi,21,9240,52376,0.47960594296455383,1.4959800243377686,0.00952076087475146,0.02991154108882003,0.6609443426132202,1.7827816009521484,1.016374111175537,0.9676939249038696,1.0612590312957764,sig,0.0
128,BTCUSD,2022,jump_ratio_lo,686,9240,52376,0.24861082434654236,0.41899096965789795,0.010487473469284579,0.015928429491516214,0.9446811079978943,1.2387490272521973,0.1703801304101944,0.14951181411743164,0.19239762425422668,sig,0.25510204081632654
128,BTCUSD,2022,rv_rel_hi,362,9240,52376,0.27499035000801086,0.4096064567565918,0.011672629712438355,0.01743368164462774,0.8698059320449829,1.1912171840667725,0.13461610674858093,0.1086425706744194,0.16044071316719055,sig,0.2292817679558011
128,BTCUSD,2022,rv_rel_lo,325,9240,52376,0.24816781282424927,0.5231214165687561,0.009555604313844052,0.015878416435248236,0.9976780414581299,1.6528230905532837,0.27495360374450684,0.2348773330450058,0.3156434893608093,sig,0.27384615384615385
128,BTCUSD,2022,structure_strong,284,9240,52376,0.26343849301338196,0.4230309724807739,0.013495954847236908,0.0195125857298856,0.9714890122413635,1.2888251543045044,0.1595924347639084,0.13059362769126892,0.1901257038116455,sig,0.27816901408450706
128,BTCUSD,2022,structure_weak,423,9240,52376,0.25012341141700745,0.46974608302116394,0.00841960189523338,0.014216242663730103,0.8628159165382385,1.4918466806411743,0.2196226567029953,0.1869053840637207,0.25382858514785767,sig,0.22695035460992907
128,BTCUSD,2022,kmeans_0,116,9240,52376,0.27768129110336304,0.4297470450401306,0.010239464717274126,0.013979738763507525,1.0160284042358398,1.4549190998077393,0.15206579864025116,0.10538358241319656,0.2036513090133667,sig,0.4224137931034483
128,BTCUSD,2022,kmeans_2,591,9240,52376,0.2511128783226013,0.45514845848083496,0.01050180181234383,0.016807775461046483,0.8968251943588257,1.321991205215454,0.20403553545475006,0.17858199775218964,0.2292429804801941,sig,0.2131979695431472
23,BTCUSD,2023,acf1_hi,286,9240,9431,0.2805384397506714,0.38461825251579285,0.00985879631551583,0.013198054570296094,1.202564001083374,1.7245564460754395,0.10407984256744385,0.0808897465467453,0.12709327042102814,sig,0.2762237762237762
23,BTCUSD,2023,acf1_lo,421,9240,9431,0.25065532326698303,0.37761372327804565,0.011168671915486216,0.014604901513684477,0.9124484062194824,1.4022064208984375,0.12695838510990143,0.10857496410608292,0.14526645839214325,sig,0.2589073634204275
23,BTCUSD,2023,sign_persistence_hi,182,9240,9431,0.2854565978050232,0.40407034754753113,0.013886043121517776,0.01795429192524181,0.9657757878303528,1.1977664232254028,0.11861371248960495,0.09615866094827652,0.1421327441930771,sig,0.29120879120879123
23,BTCUSD,2023,sign_persistence_lo,525,9240,9431,0.25487008690834045,0.37225794792175293,0.009513079570554268,0.012677382883755882,0.9210947155952454,1.5724703073501587,0.11738783866167068,0.09994272887706757,0.13602256774902344,sig,0.2571428571428571
23,BTCUSD,2023,jump_ratio_hi,21,9240,9431,0.5093729496002197,0.8520020842552185,0.010095541534115982,0.016952111478349585,0.6402323842048645,1.0717072486877441,0.3426292836666107,0.3135465979576111,0.3710201382637024,sig,0.0
23,BTCUSD,2023,jump_ratio_lo,686,9240,9431,0.25519394874572754,0.36601191759109497,0.010655423105598819,0.013946520121458464,0.9650418758392334,1.490290641784668,0.11081792414188385,0.09677764773368835,0.12566016614437103,sig,0.27405247813411077
23,BTCUSD,2023,rv_rel_hi,362,9240,9431,0.2840350270271301,0.3934386968612671,0.011940882229650908,0.01575891650815406,0.911015510559082,1.5411157608032227,0.10940363258123398,0.08839022368192673,0.13213320076465607,sig,0.24861878453038674
23,BTCUSD,2023,rv_rel_lo,325,9240,9431,0.25373750925064087,0.3881380558013916,0.009621764833683245,0.012789736119115666,1.0280801057815552,1.2817755937576294,0.13440056145191193,0.11477924138307571,0.15442316234111786,sig,0.24615384615384617
23,BTCUSD,2023,structure_strong,284,9240,9431,0.2692185938358307,0.37478408217430115,0.013559517912364488,0.016859642473669858,0.9910696148872375,1.4415397644042969,0.10556546598672867,0.08414378762245178,0.12809915840625763,sig,0.30633802816901406
23,BTCUSD,2023,structure_weak,423,9240,9431,0.2583966851234436,0.3842494487762451,0.008677833417365746,0.012139878680481343,0.8684771060943604,1.4931720495224,0.1258527636528015,0.10627203434705734,0.14485809206962585,sig,0.23877068557919623
23,BTCUSD,2023,kmeans_0,116,9240,9431,0.27730777859687805,0.46406301856040955,0.010191915183824231,0.016289630239712576,0.9786028265953064,1.5363490581512451,0.1867552399635315,0.15076622366905212,0.22510002553462982,sig,0.15517241379310345
23,BTCUSD,2023,kmeans_2,591,9240,9431,0.2598852515220642,0.36403533816337585,0.010726505010716775,0.01359341799756208,0.9257160425186157,1.4623823165893555,0.10415009409189224,0.08881072700023651,0.12019288539886475,sig,0.2876480541455161
64,BTCUSD,2023,acf1_hi,286,9240,26200,0.2805384397506714,0.40717583894729614,0.00985879631551583,0.013632904953150171,1.202564001083374,1.6565563678741455,0.12663741409778595,0.09794667363166809,0.15454316139221191,sig,0.23776223776223776
64,BTCUSD,2023,acf1_lo,421,9240,26200,0.25065532326698303,0.4347948729991913,0.011168671915486216,0.017023592294980846,0.9124484062194824,1.23674476146698,0.18413956463336945,0.16134773194789886,0.20796112716197968,sig,0.15201900237529692
64,BTCUSD,2023,sign_persistence_hi,182,9240,26200,0.2854565978050232,0.44979649782180786,0.013886043121517776,0.01950427840345488,0.9657757878303528,1.3437609672546387,0.16433992981910706,0.1304006725549698,0.20082488656044006,sig,0.15384615384615385
64,BTCUSD,2023,sign_persistence_lo,525,9240,26200,0.25487008690834045,0.41454851627349854,0.009513079570554268,0.014316503815922088,0.9210947155952454,1.182047724723816,0.15967844426631927,0.139322891831398,0.1812373846769333,sig,0.1980952380952381
64,BTCUSD,2023,jump_ratio_hi,21,9240,26200,0.5093729496002197,1.2664453983306885,0.010095541534115982,0.025355311690132307,0.6402323842048645,1.558756709098816,0.7570724487304688,0.7038377523422241,0.8091081380844116,sig,0.0
64,BTCUSD,2023,jump_ratio_lo,686,9240,26200,0.25519394874572754,0.3978215456008911,0.010655423105598819,0.015354929485852925,0.9650418758392334,1.1791210174560547,0.14262759685516357,0.12643630802631378,0.1596895307302475,sig,0.1924198250728863
64,BTCUSD,2023,rv_rel_hi,362,9240,26200,0.2840350270271301,0.39711976051330566,0.011940882229650908,0.016986049431267074,0.911015510559082,1.1445801258087158,0.11308476328849792,0.09278270602226257,0.13267472386360168,sig,0.16298342541436464
64,BTCUSD,2023,rv_rel_lo,325,9240,26200,0.25373750925064087,0.47747892141342163,0.009621764833683245,0.01486352313111766,1.0280801057815552,1.3877893686294556,0.22374136745929718,0.19334189593791962,0.2550574541091919,sig,0.2123076923076923
64,BTCUSD,2023,structure_strong,284,9240,26200,0.2692185938358307,0.3976999819278717,0.013559517912364488,0.018816492380120228,0.9910696148872375,1.2272204160690308,0.12848137319087982,0.1061972975730896,0.1512162983417511,sig,0.18309859154929578
64,BTCUSD,2023,structure_weak,423,9240,26200,0.2583966851234436,0.44102632999420166,0.008677833417365746,0.01352732703743201,0.8684771060943604,1.336753487586975,0.18262962996959686,0.15599793195724487,0.20788222551345825,sig,0.18912529550827423
64,BTCUSD,2023,kmeans_0,116,9240,26200,0.27730777859687805,0.4079858660697937,0.010191915183824231,0.01361699636371685,0.9786028265953064,1.3153066635131836,0.13067805767059326,0.09182082116603851,0.17151378095149994,sig,0.25
64,BTCUSD,2023,kmeans_2,591,9240,26200,0.2598852515220642,0.42669129371643066,0.010726505010716775,0.016051390176982625,0.9257160425186157,1.2339403629302979,0.16680608689785004,0.14667747914791107,0.18725328147411346,sig,0.17428087986463622
128,BTCUSD,2023,acf1_hi,286,9240,52376,0.2805384397506714,0.47147855162620544,0.00985879631551583,0.015424794380858352,1.202564001083374,1.7847872972488403,0.19094008207321167,0.15144459903240204,0.22966192662715912,sig,0.26223776223776224
128,BTCUSD,2023,acf1_lo,421,9240,52376,0.25065532326698303,0.5213087797164917,0.011168671915486216,0.019482968207867855,0.9124484062194824,1.4714089632034302,0.27065348625183105,0.23750236630439758,0.30559027194976807,sig,0.23990498812351543
128,BTCUSD,2023,sign_persistence_hi,182,9240,52376,0.2854565978050232,0.5185814499855042,0.013886043121517776,0.02113565851407791,0.9657757878303528,1.7870385646820068,0.23312479257583618,0.1793614774942398,0.2898503243923187,sig,0.4230769230769231
128,BTCUSD,2023,sign_persistence_lo,525,9240,52376,0.25487008690834045,0.4951086938381195,0.009513079570554268,0.016699297064525095,0.9210947155952454,1.4490044116973877,0.24023859202861786,0.21191781759262085,0.27006271481513977,sig,0.18857142857142858
128,BTCUSD,2023,jump_ratio_hi,21,9240,52376,0.5093729496002197,1.7402898073196411,0.010095541534115982,0.034948312304668896,0.6402323842048645,2.0974478721618652,1.230916976928711,1.1684067249298096,1.293481469154358,sig,0.0
128,BTCUSD,2023,jump_ratio_lo,686,9240,52376,0.25519394874572754,0.4632183015346527,0.010655423105598819,0.017317647594810217,0.9650418758392334,1.3252898454666138,0.20802438259124756,0.18603871762752533,0.23095808923244476,sig,0.2565597667638484
128,BTCUSD,2023,rv_rel_hi,362,9240,52376,0.2840350270271301,0.45037972927093506,0.011940882229650908,0.01892905930595952,0.911015510559082,1.30747652053833,0.16634467244148254,0.1395893692970276,0.19289584457874298,sig,0.2430939226519337
128,BTCUSD,2023,rv_rel_lo,325,9240,52376,0.25373750925064087,0.5870332717895508,0.009621764833683245,0.017501797464529387,1.0280801057815552,1.8215323686599731,0.3332957625389099,0.28819847106933594,0.37773436307907104,sig,0.24615384615384617
128,BTCUSD,2023,structure_strong,284,9240,52376,0.2692185938358307,0.46177399158477783,0.013559517912364488,0.020865501424464177,0.9910696148872375,1.3421555757522583,0.19255533814430237,0.15915000438690186,0.22704613208770752,sig,0.33098591549295775
128,BTCUSD,2023,structure_weak,423,9240,52376,0.2583966851234436,0.5275887846946716,0.008677833417365746,0.015810918212505975,0.8684771060943604,1.6923469305038452,0.2691921293735504,0.23167894780635834,0.30430683493614197,sig,0.1938534278959811
128,BTCUSD,2023,kmeans_0,116,9240,52376,0.27730777859687805,0.47183850407600403,0.010191915183824231,0.014998864504524761,0.9786028265953064,1.6189888715744019,0.1945306807756424,0.13702620565891266,0.2572472393512726,sig,0.4396551724137931
128,BTCUSD,2023,kmeans_2,591,9240,52376,0.2598852515220642,0.5069045424461365,0.010726505010716775,0.018399242852644642,0.9257160425186157,1.4729849100112915,0.24701935052871704,0.21915599703788757,0.27580833435058594,sig,0.21150592216582065
23,ETHUSD,2021,acf1_hi,390,9240,9431,0.16935068368911743,0.18928265571594238,0.020028417714699265,0.02127335399108316,0.5731432437896729,0.7160051465034485,0.019931990653276443,0.0134333660826087,0.02665269747376442,sig,0.45897435897435895
23,ETHUSD,2021,acf1_lo,182,9240,9431,0.12803055346012115,0.14051571488380432,0.02886055041402326,0.030860282566592134,0.37490302324295044,0.4622437059879303,0.012485163286328316,0.0063325101509690285,0.018821120262145996,sig,0.42857142857142855
23,ETHUSD,2021,sign_persistence_hi,124,9240,9431,0.13841333985328674,0.19023720920085907,0.011874149710161134,0.015560368422299409,0.41450896859169006,0.6855713129043579,0.05182389169931412,0.03537357598543167,0.06918295472860336,sig,0.3467741935483871
23,ETHUSD,2021,sign_persistence_lo,448,9240,9431,0.16112740337848663,0.1692068874835968,0.025873456517912872,0.02674931651624347,0.4495960772037506,0.50253826379776,0.008079495280981064,0.004168998450040817,0.012034513056278229,sig,0.47767857142857145
23,ETHUSD,2021,jump_ratio_hi,285,9240,9431,0.16247819364070892,0.1708478480577469,0.02608522658956677,0.027565678808467005,0.5160109996795654,0.5313675999641418,0.008369643241167068,0.004097402095794678,0.012494497001171112,sig,0.4105263157894737
23,ETHUSD,2021,jump_ratio_lo,287,9240,9431,0.14997225999832153,0.17666365206241608,0.019614681205778462,0.021104393809160644,0.3800998032093048,0.5789595246315002,0.026691386476159096,0.018150093033909798,0.03599543124437332,sig,0.4878048780487805
23,ETHUSD,2021,rv_rel_hi,364,9240,9431,0.14414040744304657,0.1462337076663971,0.025740792369637253,0.026242530565976155,0.43501707911491394,0.48363521695137024,0.0020932939369231462,-0.00145529315341264,0.005811743903905153,ns,0.49175824175824173
23,ETHUSD,2021,rv_rel_lo,188,9240,9431,0.17630885541439056,0.22056911885738373,0.01780184194883566,0.020881416333262584,0.5421739816665649,0.8089158535003662,0.04426026716828346,0.03260521590709686,0.05655941367149353,sig,0.39893617021276595
23,ETHUSD,2021,structure_strong,278,9240,9431,0.15492531657218933,0.19351233541965485,0.022546080426753348,0.02603535448623954,0.38882574439048767,0.5813958644866943,0.03858701512217522,0.03000478632748127,0.04766775667667389,sig,0.35611510791366907
23,ETHUSD,2021,structure_weak,294,9240,9431,0.1574118584394455,0.15509413182735443,0.023115281379073187,0.022705275294107513,0.49041491746902466,0.5289599895477295,-0.002317735692486167,-0.005824040621519089,0.0011202434543520212,ns,0.5374149659863946
23,ETHUSD,2021,kmeans_0,180,9240,9431,0.17211921513080597,0.21649596095085144,0.019879792908108766,0.024799734878815517,0.433313250541687,0.5493530035018921,0.04437674582004547,0.0341695137321949,0.05544360727071762,sig,0.31666666666666665
23,ETHUSD,2021,kmeans_1,392,9240,9431,0.14889508485794067,0.15414497256278992,0.024197296838330027,0.024105171442488284,0.4608232378959656,0.5715949535369873,0.005249901674687862,0.0005521466955542564,0.010204378515481949,sig,0.5102040816326531
64,ETHUSD,2021,acf1_hi,390,9240,26200,0.16935068368911743,0.14778760075569153,0.020028417714699265,0.01691215672149404,0.5731432437896729,0.5124505758285522,-0.021563086658716202,-0.0260480847209692,-0.017185818403959274,sig,0.7461538461538462
64,ETHUSD,2021,acf1_lo,182,9240,26200,0.12803055346012115,0.11216375231742859,0.02886055041402326,0.025302442403399086,0.37490302324295044,0.3407619595527649,-0.015866803005337715,-0.02051030471920967,-0.01118353009223938,sig,0.6593406593406593
64,ETHUSD,2021,sign_persistence_hi,124,9240,26200,0.13841333985328674,0.11695826798677444,0.011874149710161134,0.010188153911346838,0.41450896859169006,0.3563147783279419,-0.021455062553286552,-0.027565009891986847,-0.015365425497293472,sig,0.7419354838709677
64,ETHUSD,2021,sign_persistence_lo,448,9240,26200,0.16112740337848663,0.14184853434562683,0.025873456517912872,0.022181818200433707,0.4495960772037506,0.5084046721458435,-0.01927887089550495,-0.02322007715702057,-0.015490692108869553,sig,0.7120535714285714
64,ETHUSD,2021,jump_ratio_hi,285,9240,26200,0.16247819364070892,0.1427704095840454,0.02608522658956677,0.022846757284915056,0.5160109996795654,0.5306310057640076,-0.019707785919308662,-0.024886691942811012,-0.014865785837173462,sig,0.6947368421052632
64,ETHUSD,2021,jump_ratio_lo,287,9240,26200,0.14997225999832153,0.13017907738685608,0.019614681205778462,0.01633958122857323,0.3800998032093048,0.4099946916103363,-0.019793178886175156,-0.024539055302739143,-0.015275227837264538,sig,0.7421602787456446
64,ETHUSD,2021,rv_rel_hi,364,9240,26200,0.14414040744304657,0.12067010998725891,0.025740792369637253,0.021585101491512985,0.43501707911491394,0.44536325335502625,-0.02347029373049736,-0.02767636440694332,-0.019601857289671898,sig,0.7637362637362637
64,ETHUSD,2021,rv_rel_lo,188,9240,26200,0.17630885541439056,0.15910229086875916,0.01780184194883566,0.015708755517948685,0.5421739816665649,0.43230098485946655,-0.01720655895769596,-0.023688415065407753,-0.01089368388056755,sig,0.675531914893617
64,ETHUSD,2021,structure_strong,278,9240,26200,0.15492531657218933,0.13765564560890198,0.022546080426753348,0.019989431516718687,0.38882574439048767,0.410244345664978,-0.017269670963287354,-0.02161310613155365,-0.013121038675308228,sig,0.7050359712230215
64,ETHUSD,2021,structure_weak,294,9240,26200,0.1574118584394455,0.13531528413295746,0.023115281379073187,0.019196339037937125,0.49041491746902466,0.5284179449081421,-0.022096578031778336,-0.02727195993065834,-0.01708303950726986,sig,0.7312925170068028
64,ETHUSD,2021,kmeans_0,180,9240,26200,0.17211921513080597,0.16255149245262146,0.019879792908108766,0.018571599968383538,0.433313250541687,0.488346666097641,-0.009567731991410255,-0.015544078312814236,-0.003559297416359186,sig,0.6555555555555556
64,ETHUSD,2021,kmeans_1,392,9240,26200,0.14889508485794067,0.12446862459182739,0.024197296838330027,0.02004565725635784,0.4608232378959656,0.4428645372390747,-0.024426454678177834,-0.02869359403848648,-0.020373083651065826,sig,0.7474489795918368
128,ETHUSD,2021,acf1_hi,390,9240,52376,0.16935068368911743,0.13513725996017456,0.020028417714699265,0.015770848610430557,0.5731432437896729,0.48466992378234863,-0.03421343117952347,-0.0416049063205719,-0.02700943686068058,sig,0.7051282051282052
128,ETHUSD,2021,acf1_lo,182,9240,52376,0.12803055346012115,0.10350564122200012,0.02886055041402326,0.02482831651453715,0.37490302324295044,0.28500428795814514,-0.024524908512830734,-0.03120325691998005,-0.017840350046753883,sig,0.6978021978021978
128,ETHUSD,2021,sign_persistence_hi,124,9240,52376,0.13841333985328674,0.09644081443548203,0.011874149710161134,0.008946209642902225,0.41450896859169006,0.2426902949810028,-0.04197249189019203,-0.056510280817747116,-0.028212906792759895,sig,0.6693548387096774
128,ETHUSD,2021,sign_persistence_lo,448,9240,52376,0.16112740337848663,0.1329975426197052,0.025873456517912872,0.021339407517843308,0.4495960772037506,0.5087757706642151,-0.02812987007200718,-0.03406263887882233,-0.022511878982186317,sig,0.7120535714285714
128,ETHUSD,2021,jump_ratio_hi,285,9240,52376,0.16247819364070892,0.13320831954479218,0.02608522658956677,0.022034774875977395,0.5160109996795654,0.5439007878303528,-0.029269903898239136,-0.03650277480483055,-0.02222350798547268,sig,0.6631578947368421
128,ETHUSD,2021,jump_ratio_lo,287,9240,52376,0.14997225999832153,0.11699369549751282,0.019614681205778462,0.015294333533310526,0.3800998032093048,0.3774413466453552,-0.032978564500808716,-0.04185150936245918,-0.02506384626030922,sig,0.7421602787456446
128,ETHUSD,2021,rv_rel_hi,364,9240,52376,0.14414040744304657,0.11374148726463318,0.025740792369637253,0.020974768847670345,0.43501707911491394,0.45724260807037354,-0.030398918315768242,-0.03625418245792389,-0.024870891124010086,sig,0.7417582417582418
128,ETHUSD,2021,rv_rel_lo,188,9240,52376,0.17630885541439056,0.1393761932849884,0.01780184194883566,0.01419594690533264,0.5421739816665649,0.39413341879844666,-0.03693266957998276,-0.05013523995876312,-0.024382982403039932,sig,0.6276595744680851
128,ETHUSD,2021,structure_strong,278,9240,52376,0.15492531657218933,0.11898505687713623,0.022546080426753348,0.018616244580271217,0.38882574439048767,0.37860873341560364,-0.0359402559697628,-0.04450026899576187,-0.027735697105526924,sig,0.6942446043165468
128,ETHUSD,2021,structure_weak,294,9240,52376,0.1574118584394455,0.13082896173000336,0.023115281379073187,0.01868730806257918,0.49041491746902466,0.5436604022979736,-0.02658292092382908,-0.03341956064105034,-0.019473692402243614,sig,0.7108843537414966
128,ETHUSD,2021,kmeans_0,180,9240,52376,0.17211921513080597,0.14563900232315063,0.019879792908108766,0.016242683304694576,0.433313250541687,0.5039732456207275,-0.02648022770881653,-0.036553509533405304,-0.01623302698135376,sig,0.6166666666666667
128,ETHUSD,2021,kmeans_1,392,9240,52376,0.14889508485794067,0.1156289353966713,0.024197296838330027,0.01975944277772616,0.4608232378959656,0.41212061047554016,-0.03326614573597908,-0.0398845300078392,-0.02663092501461506,sig,0.7423469387755102
23,ETHUSD,2022,acf1_hi,390,9240,9431,0.17858773469924927,0.17923009395599365,0.02111486851246917,0.01969186984146098,0.6285117268562317,0.6902862787246704,0.000642354367300868,-0.004856215789914131,0.006012174766510725,ns,0.5897435897435898
23,ETHUSD,2022,acf1_lo,182,9240,9431,0.1396407037973404,0.1330595165491104,0.031984468525234525,0.029940706431353884,0.3665429949760437,0.41033947467803955,-0.006581180728971958,-0.01213240809738636,-0.0010915726888924837,sig,0.5769230769230769
23,ETHUSD,2022,sign_persistence_hi,124,9240,9431,0.1569787561893463,0.1914180964231491,0.013539285577274811,0.015481101788291589,0.5135114789009094,0.6665216088294983,0.0344393365085125,0.023589838296175003,0.045656830072402954,sig,0.3629032258064516
23,ETHUSD,2022,sign_persistence_lo,448,9240,9431,0.16874656081199646,0.15709982812404633,0.027627456651503537,0.025020940149392927,0.4340893030166626,0.4980821907520294,-0.01164672989398241,-0.015558267943561077,-0.007733532227575779,sig,0.6473214285714286
23,ETHUSD,2022,jump_ratio_hi,285,9240,9431,0.1663510501384735,0.1567530632019043,0.02754783424674299,0.025936015688202915,0.4762275218963623,0.5139915943145752,-0.009597979485988617,-0.01433650404214859,-0.004826955031603575,sig,0.5929824561403508
23,ETHUSD,2022,jump_ratio_lo,287,9240,9431,0.1660410314798355,0.17227157950401306,0.02161964888896832,0.019990499433931563,0.4838212728500366,0.6154581904411316,0.0062305498868227005,-0.0002687614760361612,0.012884964235126972,ns,0.578397212543554
23,ETHUSD,2022,rv_rel_hi,364,9240,9431,0.14960287511348724,0.13286945223808289,0.02748665230395736,0.02443584692430653,0.41916364431381226,0.4163002073764801,-0.016733389347791672,-0.02064218744635582,-0.01305352058261633,sig,0.6895604395604396
23,ETHUSD,2022,rv_rel_lo,188,9240,9431,0.19385597109794617,0.21822933852672577,0.019490650714878502,0.02018794968966318,0.6808468103408813,0.78301602602005,0.024373341351747513,0.015737859532237053,0.03280485421419144,sig,0.4148936170212766
23,ETHUSD,2022,structure_strong,278,9240,9431,0.170943483710289,0.1878909468650818,0.024857779033471493,0.025107653149626968,0.48709836602211,0.6160972714424133,0.016947461292147636,0.010854301042854786,0.023079080507159233,sig,0.4748201438848921
23,ETHUSD,2022,structure_weak,294,9240,9431,0.1617058962583542,0.14245881140232086,0.024304453810035997,0.020915340928843174,0.4692004919052124,0.5107315182685852,-0.019247107207775116,-0.023852212354540825,-0.01458617951720953,sig,0.6904761904761905
23,ETHUSD,2022,kmeans_0,180,9240,9431,0.18167807161808014,0.20637571811676025,0.020743311177382928,0.022929060818406132,0.4645717442035675,0.5775060653686523,0.024697642773389816,0.017159126698970795,0.03228194639086723,sig,0.3611111111111111
23,ETHUSD,2022,kmeans_1,392,9240,9431,0.15908615291118622,0.14532890915870667,0.026332081580425333,0.02296379301368134,0.5026993751525879,0.6043301224708557,-0.013757224194705486,-0.01790882647037506,-0.00944581814110279,sig,0.6887755102040817
64,ETHUSD,2022,acf1_hi,390,9240,26200,0.17858773469924927,0.14783664047718048,0.02111486851246917,0.01650020112016827,0.6285117268562317,0.5290869474411011,-0.030751097947359085,-0.037102703005075455,-0.024677736684679985,sig,0.6897435897435897
64,ETHUSD,2022,acf1_lo,182,9240,26200,0.1396407037973404,0.11381309479475021,0.031984468525234525,0.025363911894459416,0.3665429949760437,0.3239094913005829,-0.02582760713994503,-0.03356669843196869,-0.018172040581703186,sig,0.7747252747252747
64,ETHUSD,2022,sign_persistence_hi,124,9240,26200,0.1569787561893463,0.13097821176052094,0.013539285577274811,0.011176329446304154,0.5135114789009094,0.39480698108673096,-0.026000555604696274,-0.035741984844207764,-0.017231818288564682,sig,0.6532258064516129
64,ETHUSD,2022,sign_persistence_lo,448,9240,26200,0.16874656081199646,0.13868074119091034,0.027627456651503537,0.02157465524624001,0.4340893030166626,0.5477014183998108,-0.030065814033150673,-0.036059729754924774,-0.024180542677640915,sig,0.734375
64,ETHUSD,2022,jump_ratio_hi,285,9240,26200,0.1663510501384735,0.1387580782175064,0.02754783424674299,0.02247623822313567,0.4762275218963623,0.5700846314430237,-0.02759297378361225,-0.035349369049072266,-0.020030245184898376,sig,0.7192982456140351
64,ETHUSD,2022,jump_ratio_lo,287,9240,26200,0.1660410314798355,0.13527601957321167,0.02161964888896832,0.016186698634367856,0.4838212728500366,0.4238286018371582,-0.030765002593398094,-0.03753819689154625,-0.02425975352525711,sig,0.7142857142857143
64,ETHUSD,2022,rv_rel_hi,364,9240,26200,0.14960287511348724,0.11429856717586517,0.02748665230395736,0.02072233857866806,0.41916364431381226,0.45032671093940735,-0.03530428931117058,-0.041156966239213943,-0.029629940167069435,sig,0.7884615384615384
64,ETHUSD,2022,rv_rel_lo,188,9240,26200,0.19385597109794617,0.16933779418468475,0.019490650714878502,0.016229855611432316,0.6808468103408813,0.4736661911010742,-0.024518169462680817,-0.03364014998078346,-0.015698691830039024,sig,0.6117021276595744
64,ETHUSD,2022,structure_strong,278,9240,26200,0.170943483710289,0.14443373680114746,0.024857779033471493,0.020259144030924613,0.48709836602211,0.4246160089969635,-0.02650974877178669,-0.03242539241909981,-0.020808324217796326,sig,0.7302158273381295
64,ETHUSD,2022,structure_weak,294,9240,26200,0.1617058962583542,0.12999215722084045,0.024304453810035997,0.018432885581837408,0.4692004919052124,0.5655479431152344,-0.03171375021338463,-0.0396425798535347,-0.023289425298571587,sig,0.7040816326530612
64,ETHUSD,2022,kmeans_0,180,9240,26200,0.18167807161808014,0.17119614779949188,0.020743311177382928,0.019141679235550314,0.4645717442035675,0.5418209433555603,-0.010481939651072025,-0.018070755526423454,-0.0030680878553539515,sig,0.6277777777777778
64,ETHUSD,2022,kmeans_1,392,9240,26200,0.15908615291118622,0.12131369113922119,0.026332081580425333,0.019402571783821893,0.5026993751525879,0.48847588896751404,-0.03777245432138443,-0.04392891377210617,-0.03168236091732979,sig,0.7576530612244898
128,ETHUSD,2022,acf1_hi,390,9240,52376,0.17858773469924927,0.13996416330337524,0.02111486851246917,0.01676624738544563,0.6285117268562317,0.4784006178379059,-0.03862358629703522,-0.04629160463809967,-0.03114638291299343,sig,0.717948717948718
128,ETHUSD,2022,acf1_lo,182,9240,52376,0.1396407037973404,0.11349178850650787,0.031984468525234525,0.027741589228450124,0.3665429949760437,0.3273596465587616,-0.026148900389671326,-0.03197328746318817,-0.020541232079267502,sig,0.7692307692307693
128,ETHUSD,2022,sign_persistence_hi,124,9240,52376,0.1569787561893463,0.10223943740129471,0.013539285577274811,0.009533895387634514,0.5135114789009094,0.26737180352211,-0.0547393262386322,-0.07409483939409256,-0.037223391234874725,sig,0.6129032258064516
128,ETHUSD,2022,sign_persistence_lo,448,9240,52376,0.16874656081199646,0.13965141773223877,0.027627456651503537,0.023226791722846068,0.4340893030166626,0.46873533725738525,-0.029095139354467392,-0.0342678502202034,-0.024020422250032425,sig,0.7678571428571429
128,ETHUSD,2022,jump_ratio_hi,285,9240,52376,0.1663510501384735,0.13748465478420258,0.02754783424674299,0.02339970561236039,0.4762275218963623,0.5143117308616638,-0.02886641025543213,-0.035669464617967606,-0.02238430269062519,sig,0.6982456140350877
128,ETHUSD,2022,jump_ratio_lo,287,9240,52376,0.1660410314798355,0.12563903629779816,0.02161964888896832,0.01713898822431709,0.4838212728500366,0.35221239924430847,-0.040401995182037354,-0.049781691282987595,-0.03127242997288704,sig,0.7700348432055749
128,ETHUSD,2022,rv_rel_hi,364,9240,52376,0.14960287511348724,0.12234051525592804,0.02748665230395736,0.023207630561678336,0.41916364431381226,0.41410601139068604,-0.02726234495639801,-0.03216613084077835,-0.02254343591630459,sig,0.7554945054945055
128,ETHUSD,2022,rv_rel_lo,188,9240,52376,0.19385597109794617,0.14319062232971191,0.019490650714878502,0.014837240685988934,0.6808468103408813,0.38208407163619995,-0.05066536366939545,-0.06467887759208679,-0.03716232255101204,sig,0.6914893617021277
128,ETHUSD,2022,structure_strong,278,9240,52376,0.170943483710289,0.12726859748363495,0.024857779033471493,0.02042454086961467,0.48709836602211,0.35337650775909424,-0.04367489367723465,-0.05295497179031372,-0.034471843391656876,sig,0.737410071942446
128,ETHUSD,2022,structure_weak,294,9240,52376,0.1617058962583542,0.1355811506509781,0.024304453810035997,0.020101303939281768,0.4692004919052124,0.5012960433959961,-0.026124753057956696,-0.03266483545303345,-0.019818412140011787,sig,0.7312925170068028
128,ETHUSD,2022,kmeans_0,180,9240,52376,0.18167807161808014,0.14640475809574127,0.020743311177382928,0.01650228296924082,0.4645717442035675,0.4567544162273407,-0.035273339599370956,-0.04673416540026665,-0.024434231221675873,sig,0.6666666666666666
128,ETHUSD,2022,kmeans_1,392,9240,52376,0.15908615291118622,0.12471599876880646,0.026332081580425333,0.021983149962852985,0.5026993751525879,0.4104703962802887,-0.03437015041708946,-0.040933407843112946,-0.027924159541726112,sig,0.7653061224489796
23,ETHUSD,2023,acf1_hi,390,9240,9431,0.1795293539762497,0.1958756297826767,0.021141854455653156,0.021202182561908072,0.6526436805725098,0.7684430480003357,0.016346251592040062,0.008287178352475166,0.02455565705895424,sig,0.5923076923076923
23,ETHUSD,2023,acf1_lo,182,9240,9431,0.13858965039253235,0.14522184431552887,0.032176250408114344,0.03334278701057111,0.3833853602409363,0.41308239102363586,0.0066322023048996925,0.0008779728086665273,0.012193569913506508,sig,0.43956043956043955
23,ETHUSD,2023,sign_persistence_hi,124,9240,9431,0.16211044788360596,0.23193404078483582,0.013747400729552198,0.018400499730861036,0.5552878975868225,0.816342830657959,0.06982359290122986,0.05203000083565712,0.08821990340948105,sig,0.3064516129032258
23,ETHUSD,2023,sign_persistence_lo,448,9240,9431,0.16771891713142395,0.16531707346439362,0.027671256967672024,0.026909768902770807,0.45602479577064514,0.5276429653167725,-0.0024018476251512766,-0.007091237232089043,0.0025991585571318865,ns,0.609375
23,ETHUSD,2023,jump_ratio_hi,285,9240,9431,0.16741324961185455,0.16228872537612915,0.02788806986915063,0.027725214388018077,0.4992617666721344,0.5150415897369385,-0.0051245312206447124,-0.0101282624527812,-0.00037388355121947825,sig,0.5333333333333333
23,ETHUSD,2023,jump_ratio_lo,287,9240,9431,0.1655992716550827,0.19710655510425568,0.021440072819768678,0.022423527297849955,0.4720965325832367,0.739547073841095,0.031507283449172974,0.021088402718305588,0.04177308455109596,sig,0.554006968641115
23,ETHUSD,2023,rv_rel_hi,364,9240,9431,0.14963556826114655,0.13873639702796936,0.027712204444847236,0.026313921852595464,0.42969420552253723,0.4124397933483124,-0.010899164713919163,-0.015233837999403477,-0.006877849344164133,sig,0.6318681318681318
23,ETHUSD,2023,rv_rel_lo,188,9240,9431,0.19575734436511993,0.25033360719680786,0.019395237434737596,0.022707657234336064,0.695541262626648,0.8744395971298218,0.05457625910639763,0.04111989960074425,0.06887084990739822,sig,0.425531914893617
23,ETHUSD,2023,structure_strong,278,9240,9431,0.17221134901046753,0.21655261516571045,0.025029062463047813,0.02843321162036763,0.47904184460639954,0.7420675754547119,0.044341251254081726,0.03439079225063324,0.05527382344007492,sig,0.37050359712230213
23,ETHUSD,2023,structure_weak,294,9240,9431,0.1611054688692093,0.14496682584285736,0.024297011725354586,0.021880291172128873,0.4873424172401428,0.5124067664146423,-0.01613866724073887,-0.02085702121257782,-0.011641815304756165,sig,0.7074829931972789
23,ETHUSD,2023,kmeans_0,180,9240,9431,0.18291977047920227,0.23109260201454163,0.020683045244674892,0.025200389601020463,0.4578602612018585,0.7070171236991882,0.048172786831855774,0.036737266927957535,0.06028880923986435,sig,0.31666666666666665
23,ETHUSD,2023,kmeans_1,392,9240,9431,0.15896481275558472,0.15618674457073212,0.02647564456107158,0.02500298037470511,0.5062534809112549,0.6700062155723572,-0.0027780672535300255,-0.008784581907093525,0.003434053622186184,ns,0.6479591836734694
64,ETHUSD,2023,acf1_hi,390,9240,26200,0.1795293539762497,0.14094418287277222,0.021141854455653156,0.016362472502252975,0.6526436805725098,0.5093767046928406,-0.03858519345521927,-0.04637957736849785,-0.030843522399663925,sig,0.6974358974358974
64,ETHUSD,2023,acf1_lo,182,9240,26200,0.13858965039253235,0.11052249372005463,0.032176250408114344,0.025612155398592823,0.3833853602409363,0.3202308714389801,-0.02806716412305832,-0.03452860936522484,-0.021694976836442947,sig,0.7307692307692307
64,ETHUSD,2023,sign_persistence_hi,124,9240,26200,0.16211044788360596,0.10429897159337997,0.013747400729552198,0.009459676087107098,0.5552878975868225,0.29583847522735596,-0.057811472564935684,-0.07579658925533295,-0.04190327972173691,sig,0.6854838709677419
64,ETHUSD,2023,sign_persistence_lo,448,9240,26200,0.16771891713142395,0.13872824609279633,0.027671256967672024,0.02203075161522606,0.45602479577064514,0.5186364650726318,-0.02899068221449852,-0.03438394144177437,-0.023851608857512474,sig,0.7142857142857143
64,ETHUSD,2023,jump_ratio_hi,285,9240,26200,0.16741324961185455,0.1388712227344513,0.02788806986915063,0.02269753115517459,0.4992617666721344,0.5632917284965515,-0.028542017564177513,-0.035451240837574005,-0.02189468778669834,sig,0.6912280701754386
64,ETHUSD,2023,jump_ratio_lo,287,9240,26200,0.1655992716550827,0.12371087074279785,0.021440072819768678,0.01593721316793657,0.4720965325832367,0.3783259391784668,-0.041888412088155746,-0.050773270428180695,-0.03301883116364479,sig,0.7247386759581882
64,ETHUSD,2023,rv_rel_hi,364,9240,26200,0.14963556826114655,0.11806291341781616,0.027712204444847236,0.02155702366888965,0.42969420552253723,0.4475865364074707,-0.03157265484333038,-0.03712378814816475,-0.026436064392328262,sig,0.7582417582417582
64,ETHUSD,2023,rv_rel_lo,188,9240,26200,0.19575734436511993,0.14805848896503448,0.019395237434737596,0.014892654238555849,0.695541262626648,0.389659583568573,-0.04769887402653694,-0.06118809059262276,-0.034742385149002075,sig,0.648936170212766
64,ETHUSD,2023,structure_strong,278,9240,26200,0.17221134901046753,0.1282942146062851,0.025029062463047813,0.019504143730545483,0.47904184460639954,0.37929752469062805,-0.043917153030633926,-0.05274783447384834,-0.03529973328113556,sig,0.7266187050359713
64,ETHUSD,2023,structure_weak,294,9240,26200,0.1611054688692093,0.13407321274280548,0.024297011725354586,0.01911777075282622,0.4873424172401428,0.5568462014198303,-0.027032244950532913,-0.0342714823782444,-0.020020559430122375,sig,0.6904761904761905
64,ETHUSD,2023,kmeans_0,180,9240,26200,0.18291977047920227,0.1532859057188034,0.020683045244674892,0.017444017094530646,0.4578602612018585,0.5077654123306274,-0.029633892700076103,-0.040648698806762695,-0.01976572722196579,sig,0.65
64,ETHUSD,2023,kmeans_1,392,9240,26200,0.15896481275558472,0.12115269899368286,0.02647564456107158,0.02016034051379346,0.5062534809112549,0.4434044063091278,-0.03781211003661156,-0.044511422514915466,-0.031243037432432175,sig,0.7346938775510204
128,ETHUSD,2023,acf1_hi,390,9240,52376,0.1795293539762497,0.14799901843070984,0.021141854455653156,0.018318542996960206,0.6526436805725098,0.43250396847724915,-0.03153035044670105,-0.04009914770722389,-0.02343803457915783,sig,0.5948717948717949
128,ETHUSD,2023,acf1_lo,182,9240,52376,0.13858965039253235,0.12421043962240219,0.032176250408114344,0.03147163176082315,0.3833853602409363,0.34569644927978516,-0.014379210770130157,-0.020854169502854347,-0.00819998886436224,sig,0.5824175824175825
128,ETHUSD,2023,sign_persistence_hi,124,9240,52376,0.16211044788360596,0.11448878794908524,0.013747400729552198,0.01106422123992548,0.5552878975868225,0.2872160077095032,-0.04762166365981102,-0.06858203560113907,-0.028140000998973846,sig,0.49193548387096775
128,ETHUSD,2023,sign_persistence_lo,448,9240,52376,0.16771891713142395,0.14761005342006683,0.027671256967672024,0.025669877936458786,0.45602479577064514,0.42762237787246704,-0.02010885812342167,-0.025365568697452545,-0.015219044871628284,sig,0.6183035714285714
128,ETHUSD,2023,jump_ratio_hi,285,9240,52376,0.16741324961185455,0.14511272311210632,0.02788806986915063,0.025959102330875183,0.4992617666721344,0.45648956298828125,-0.022300532087683678,-0.028358228504657745,-0.016492562368512154,sig,0.631578947368421
128,ETHUSD,2023,jump_ratio_lo,287,9240,52376,0.1655992716550827,0.1357797533273697,0.021440072819768678,0.01907221109750824,0.4720965325832367,0.33318227529525757,-0.029819518327713013,-0.040177468210458755,-0.01954331435263157,sig,0.5505226480836237
128,ETHUSD,2023,rv_rel_hi,364,9240,52376,0.14963556826114655,0.13519462943077087,0.027712204444847236,0.026404350564257186,0.42969420552253723,0.39804625511169434,-0.014440919272601604,-0.019134730100631714,-0.009771691635251045,sig,0.5604395604395604
128,ETHUSD,2023,rv_rel_lo,188,9240,52376,0.19575734436511993,0.14704172313213348,0.019395237434737596,0.01562410079344523,0.695541262626648,0.35632121562957764,-0.048715636134147644,-0.06403493881225586,-0.03413588926196098,sig,0.6276595744680851
128,ETHUSD,2023,structure_strong,278,9240,52376,0.17221134901046753,0.13564638793468475,0.025029062463047813,0.022575266403351064,0.47904184460639954,0.3328545391559601,-0.03656497970223427,-0.04786960408091545,-0.025459954515099525,sig,0.5611510791366906
128,ETHUSD,2023,structure_weak,294,9240,52376,0.1611054688692093,0.14495313167572021,0.024297011725354586,0.022435866289635023,0.4873424172401428,0.4515744745731354,-0.01615235023200512,-0.021347448229789734,-0.011217950843274593,sig,0.6190476190476191
128,ETHUSD,2023,kmeans_0,180,9240,52376,0.18291977047920227,0.1493375152349472,0.020683045244674892,0.01675595445906341,0.4578602612018585,0.42333173751831055,-0.03358229994773865,-0.04690013453364372,-0.02186891995370388,sig,0.5888888888888889
128,ETHUSD,2023,kmeans_1,392,9240,52376,0.15896481275558472,0.1363397091627121,0.02647564456107158,0.025142849353706326,0.5062534809112549,0.3965814411640167,-0.02262510173022747,-0.02925765886902809,-0.016241291537880898,sig,0.5918367346938775
