date,Open,High,Low,Close
2016-01-04,1.3,1.33,1.3,1.3
2016-01-05,1.24,1.3,1.24,1.29
2016-01-06,1.29,1.3,1.28,1.3
2016-01-07,1.26,1.26,1.26,1.26
2016-01-08,1.29,1.29,1.2,1.28
2016-01-11,1.26,1.26,1.21,1.21
2016-01-12,1.17,1.29,1.17,1.21
2016-01-13,1.2,1.27,1.15,1.21
2016-01-14,1.18,1.2,1.13,1.18
2016-01-15,1.16,1.16,1.1,1.12
2016-01-18,1.13,1.13,1.08,1.12
2016-01-19,1.13,1.15,1.11,1.15
2016-01-20,1.15,1.15,1.12,1.14
2016-01-21,1.16,1.16,1.12,1.12
2016-01-22,1.09,1.15,1.09,1.13
2016-01-25,1.15,1.15,1.09,1.14
2016-01-26,1.14,1.14,1.1,1.11
2016-01-27,1.06,1.12,1.06,1.12
2016-01-28,1.12,1.12,1.06,1.08
2016-01-29,1.1,1.11,1.06,1.11
2016-02-01,1.16,1.16,1.06,1.09
2016-02-02,1.14,1.14,1.08,1.12
2016-02-03,1.09,1.12,1.08,1.12
2016-02-04,1.12,1.16,1.11,1.15
2016-02-05,1.14,1.14,1.11,1.13
2016-02-15,1.13,1.13,1.09,1.12
2016-02-16,1.13,1.14,1.11,1.13
2016-02-17,1.13,1.13,1.12,1.13
2016-02-18,1.12,1.13,1.11,1.11
2016-02-19,1.1,1.11,1.1,1.1
2016-02-22,1.12,1.13,1.11,1.13
2016-02-23,1.13,1.13,1.11,1.12
2016-02-24,1.12,1.14,1.11,1.12
2016-02-25,1.12,1.12,1.06,1.1
2016-02-26,1.1,1.1,1.06,1.08
2016-02-29,1.08,1.08,1.03,1.05
2016-03-01,1.05,1.06,1.04,1.06
2016-03-02,1.06,1.09,1.04,1.08
2016-03-03,1.07,1.1,1.07,1.08
2016-03-04,1.16,1.16,1.07,1.09
2016-03-07,1.13,1.13,1.06,1.08
2016-03-08,1.1,1.1,1.08,1.09
2016-03-09,1.07,1.1,1.07,1.09
2016-03-10,1.09,1.09,1.08,1.09
2016-03-11,1.08,1.08,1.08,1.08
2016-03-14,1.09,1.12,1.09,1.09
2016-03-15,1.1,1.1,1.09,1.1
2016-03-16,1.1,1.1,1.09,1.1
2016-03-17,1.1,1.11,1.1,1.11
2016-03-18,1.11,1.13,1.11,1.12
2016-03-21,1.15,1.15,1.12,1.14
2016-03-22,1.12,1.14,1.12,1.13
2016-03-23,1.11,1.13,1.11,1.12
2016-03-24,1.12,1.12,1.11,1.11
2016-03-25,1.11,1.13,1.09,1.13
2016-03-28,1.12,1.14,1.12,1.13
2016-03-29,1.13,1.14,1.12,1.13
2016-03-30,1.11,1.14,1.11,1.14
2016-03-31,1.13,1.14,1.13,1.13
2016-04-01,1.14,1.14,1.12,1.13
2016-04-05,1.13,1.14,1.12,1.14
2016-04-06,1.14,1.15,1.14,1.14
2016-04-07,1.13,1.14,1.13,1.14
2016-04-08,1.12,1.13,1.12,1.12
2016-04-11,1.14,1.14,1.12,1.14
2016-04-12,1.13,1.14,1.13,1.14
2016-04-13,1.13,1.16,1.13,1.15
2016-04-14,1.16,1.16,1.14,1.15
2016-04-15,1.13,1.15,1.13,1.15
2016-04-18,1.14,1.14,1.13,1.14
2016-04-19,1.14,1.14,1.14,1.14
2016-04-20,1.14,1.14,1.1,1.11
2016-04-21,1.12,1.14,1.12,1.12
2016-04-22,1.13,1.13,1.13,1.13
2016-04-25,1.14,1.14,1.11,1.12
2016-04-26,1.12,1.12,1.1,1.12
2016-04-27,1.12,1.12,1.11,1.11
2016-04-28,1.13,1.13,1.1,1.12
2016-04-29,1.12,1.12,1.11,1.12
2016-05-03,1.09,1.14,1.09,1.14
2016-05-04,1.14,1.15,1.12,1.14
2016-05-05,1.15,1.15,1.13,1.14
2016-05-06,1.13,1.13,1.12,1.12
2016-05-09,1.11,1.12,1.1,1.1
2016-05-10,1.14,1.14,1.1,1.12
2016-05-11,1.12,1.14,1.12,1.14
2016-05-12,1.11,1.14,1.11,1.14
2016-05-13,1.14,1.14,1.12,1.12
2016-05-16,1.12,1.13,1.12,1.13
2016-05-17,1.12,1.13,1.12,1.13
2016-05-18,1.13,1.13,1.1,1.13
2016-05-19,1.1,1.13,1.1,1.12
2016-05-20,1.12,1.12,1.12,1.12
2016-05-23,1.16,1.16,1.11,1.12
2016-05-24,1.12,1.12,1.1,1.12
2016-05-25,1.12,1.12,1.11,1.12
2016-05-26,1.1,1.11,1.1,1.11
2016-05-27,1.11,1.11,1.1,1.11
2016-05-30,1.11,1.11,1.1,1.11
2016-05-31,1.11,1.13,1.11,1.13
2016-06-01,1.13,1.13,1.12,1.13
2016-06-02,1.12,1.13,1.12,1.13
2016-06-03,1.13,1.13,1.13,1.13
2016-06-06,1.13,1.13,1.13,1.13
2016-06-07,1.14,1.14,1.13,1.13
2016-06-08,1.14,1.14,1.13,1.14
2016-06-13,1.14,1.14,1.12,1.12
2016-06-14,1.15,1.15,1.13,1.13
2016-06-15,1.1,1.14,1.1,1.13
2016-06-16,1.14,1.14,1.14,1.14
2016-06-17,1.14,1.15,1.14,1.15
2016-06-20,1.12,1.14,1.12,1.14
2016-06-21,1.12,1.14,1.12,1.14
2016-06-22,1.14,1.14,1.12,1.14
2016-06-23,1.12,1.14,1.12,1.14
2016-06-24,1.14,1.14,1.12,1.13
2016-06-27,1.11,1.14,1.11,1.13
2016-06-28,1.13,1.17,1.13,1.16
2016-06-29,1.17,1.17,1.14,1.17
2016-06-30,1.15,1.18,1.15,1.17
2016-07-01,1.17,1.17,1.16,1.17
2016-07-04,1.14,1.18,1.14,1.17
2016-07-05,1.15,1.18,1.15,1.17
2016-07-06,1.15,1.19,1.15,1.17
2016-07-07,1.19,1.22,1.19,1.2
2016-07-08,1.18,1.2,1.18,1.2
2016-07-11,1.2,1.22,1.2,1.21
2016-07-12,1.23,1.25,1.2,1.24
2016-07-13,1.25,1.28,1.25,1.25
2016-07-14,1.25,1.28,1.24,1.24
2016-07-15,1.22,1.25,1.22,1.25
2016-07-18,1.25,1.25,1.23,1.24
2016-07-19,1.24,1.24,1.24,1.24
2016-07-20,1.24,1.24,1.22,1.24
2016-07-21,1.24,1.25,1.23,1.24
2016-07-22,1.22,1.24,1.22,1.22
2016-07-25,1.22,1.23,1.22,1.23
2016-07-26,1.24,1.25,1.24,1.25
2016-07-27,1.25,1.26,1.21,1.24
2016-07-28,1.22,1.25,1.22,1.25
2016-07-29,1.26,1.26,1.23,1.26
2016-08-01,1.23,1.25,1.23,1.24
2016-08-02,1.24,1.25,1.24,1.24
2016-08-03,1.24,1.25,1.24,1.25
2016-08-04,1.26,1.26,1.25,1.26
2016-08-05,1.25,1.27,1.23,1.27
2016-08-08,1.24,1.26,1.23,1.26
2016-08-09,1.26,1.27,1.25,1.27
2016-08-10,1.26,1.27,1.25,1.27
2016-08-11,1.27,1.27,1.26,1.26
2016-08-12,1.26,1.28,1.25,1.28
2016-08-15,1.26,1.3,1.26,1.28
2016-08-16,1.29,1.29,1.27,1.27
2016-08-17,1.28,1.28,1.27,1.28
2016-08-18,1.26,1.29,1.26,1.28
2016-08-19,1.29,1.29,1.27,1.28
2016-08-22,1.28,1.28,1.27,1.28
2016-08-23,1.28,1.29,1.27,1.29
2016-08-24,1.29,1.29,1.28,1.28
2016-08-25,1.29,1.29,1.26,1.28
2016-08-26,1.28,1.29,1.27,1.29
2016-08-29,1.29,1.29,1.25,1.29
2016-08-30,1.3,1.3,1.28,1.29
2016-08-31,1.29,1.29,1.28,1.29
2016-09-01,1.29,1.3,1.28,1.29
2016-09-02,1.29,1.29,1.28,1.28
2016-09-05,1.28,1.3,1.28,1.29
2016-09-06,1.28,1.29,1.28,1.29
2016-09-07,1.27,1.29,1.27,1.29
2016-09-08,1.29,1.29,1.28,1.29
2016-09-09,1.27,1.29,1.27,1.29
2016-09-12,1.29,1.29,1.26,1.26
2016-09-13,1.26,1.28,1.26,1.28
2016-09-14,1.26,1.27,1.26,1.26
2016-09-19,1.26,1.28,1.26,1.27
2016-09-20,1.27,1.28,1.26,1.28
2016-09-21,1.28,1.28,1.28,1.28
2016-09-22,1.27,1.29,1.27,1.29
2016-09-23,1.29,1.29,1.27,1.29
2016-09-26,1.27,1.28,1.27,1.28
2016-09-27,1.26,1.28,1.26,1.28
2016-09-28,1.28,1.28,1.26,1.27
2016-09-29,1.27,1.28,1.27,1.28
2016-09-30,1.28,1.28,1.28,1.28
2016-10-10,1.28,1.3,1.28,1.3
2016-10-11,1.31,1.31,1.3,1.31
2016-10-12,1.29,1.31,1.29,1.31
2016-10-13,1.3,1.31,1.3,1.31
2016-10-14,1.3,1.31,1.3,1.31
2016-10-17,1.36,1.36,1.29,1.31
2016-10-18,1.31,1.33,1.31,1.32
2016-10-19,1.32,1.32,1.3,1.32
2016-10-20,1.31,1.31,1.31,1.31
2016-10-21,1.3,1.31,1.3,1.31
2016-10-24,1.31,1.31,1.3,1.31
2016-10-25,1.3,1.31,1.3,1.31
2016-10-26,1.31,1.31,1.3,1.3
2016-10-27,1.31,1.31,1.3,1.3
2016-10-28,1.3,1.31,1.3,1.31
2016-10-31,1.3,1.3,1.29,1.3
2016-11-01,1.3,1.31,1.3,1.31
2016-11-02,1.3,1.31,1.3,1.31
2016-11-03,1.3,1.31,1.3,1.31
2016-11-04,1.31,1.31,1.3,1.31
2016-11-07,1.31,1.31,1.3,1.3
2016-11-08,1.31,1.31,1.3,1.31
2016-11-09,1.3,1.31,1.3,1.31
2016-11-10,1.31,1.32,1.3,1.32
2016-11-11,1.31,1.31,1.3,1.31
2016-11-14,1.28,1.32,1.28,1.3
2016-11-15,1.3,1.3,1.3,1.3
2016-11-16,1.3,1.31,1.3,1.31
2016-11-17,1.31,1.31,1.3,1.31
2016-11-18,1.33,1.34,1.3,1.32
2016-11-21,1.31,1.31,1.3,1.31
2016-11-22,1.29,1.31,1.29,1.31
2016-11-23,1.3,1.32,1.3,1.31
2016-11-24,1.31,1.32,1.31,1.32
2016-11-25,1.32,1.33,1.3,1.33
2016-11-28,1.33,1.35,1.32,1.32
2016-11-29,1.34,1.35,1.32,1.34
2016-11-30,1.33,1.33,1.33,1.33
2016-12-01,1.31,1.35,1.31,1.34
2016-12-02,1.34,1.34,1.32,1.32
2016-12-05,1.29,1.32,1.29,1.32
2016-12-06,1.29,1.32,1.29,1.31
2016-12-07,1.32,1.32,1.3,1.32
2016-12-08,1.35,1.35,1.31,1.32
2016-12-09,1.32,1.32,1.31,1.31
2016-12-12,1.32,1.32,1.29,1.29
2016-12-13,1.29,1.34,1.27,1.29
2016-12-14,1.28,1.3,1.27,1.29
2016-12-15,1.29,1.31,1.29,1.29
2016-12-16,1.26,1.33,1.26,1.3
2016-12-19,1.34,1.34,1.27,1.34
2016-12-20,1.27,1.31,1.27,1.31
2016-12-21,1.3,1.31,1.28,1.3
2016-12-22,1.31,1.31,1.31,1.31
2016-12-23,1.27,1.34,1.27,1.31
2016-12-26,1.27,1.32,1.27,1.32
2016-12-27,1.32,1.32,1.29,1.31
2016-12-28,1.28,1.31,1.28,1.31
2016-12-29,1.31,1.31,1.28,1.29
2016-12-30,1.34,1.36,1.31,1.32
2017-01-03,1.31,1.34,1.3,1.34
2017-01-04,1.3,1.34,1.3,1.33
2017-01-05,1.31,1.33,1.31,1.32
2017-01-06,1.3,1.32,1.3,1.32
2017-01-09,1.3,1.34,1.3,1.32
2017-01-10,1.32,1.32,1.3,1.32
2017-01-11,1.32,1.32,1.31,1.32
2017-01-13,1.29,1.31,1.29,1.3
2017-01-16,1.34,1.34,1.29,1.29
2017-01-17,1.31,1.31,1.3,1.3
2017-01-18,1.3,1.3,1.3,1.3
2017-01-19,1.3,1.3,1.3,1.3
2017-01-20,1.29,1.31,1.28,1.31
2017-01-23,1.29,1.31,1.29,1.3
2017-01-24,1.3,1.3,1.28,1.3
2017-01-25,1.3,1.32,1.3,1.31
2017-01-26,1.3,1.33,1.3,1.33
2017-02-03,1.32,1.33,1.31,1.33
2017-02-06,1.33,1.34,1.31,1.34
2017-02-07,1.32,1.34,1.32,1.32
2017-02-08,1.32,1.33,1.31,1.32
2017-02-09,1.32,1.32,1.31,1.32
2017-02-10,1.31,1.32,1.31,1.32
2017-02-13,1.31,1.32,1.3,1.32
2017-02-14,1.31,1.32,1.31,1.32
2017-02-15,1.32,1.32,1.31,1.32
2017-02-16,1.3,1.32,1.3,1.32
2017-02-17,1.31,1.32,1.31,1.31
2017-02-20,1.32,1.33,1.32,1.33
2017-02-21,1.33,1.33,1.32,1.33
2017-02-22,1.32,1.34,1.32,1.33
2017-02-23,1.33,1.34,1.31,1.33
2017-02-24,1.34,1.34,1.34,1.34
2017-02-27,1.35,1.35,1.34,1.34
2017-02-28,1.33,1.33,1.32,1.33
2017-03-01,1.32,1.34,1.32,1.33
2017-03-02,1.33,1.34,1.33,1.33
2017-03-03,1.3,1.33,1.3,1.31
2017-03-06,1.31,1.34,1.31,1.32
2017-03-07,1.34,1.34,1.32,1.33
2017-03-08,1.34,1.34,1.32,1.33
2017-03-09,1.31,1.33,1.31,1.32
2017-03-10,1.33,1.33,1.32,1.33
2017-03-13,1.31,1.34,1.31,1.34
2017-03-14,1.34,1.34,1.33,1.34
2017-03-15,1.34,1.36,1.34,1.36
2017-03-16,1.34,1.36,1.34,1.36
2017-03-17,1.34,1.36,1.34,1.36
2017-03-20,1.4,1.4,1.34,1.38
2017-03-21,1.38,1.4,1.36,1.4
2017-03-22,1.4,1.45,1.4,1.44
2017-03-23,1.44,1.5,1.41,1.42
2017-03-24,1.42,1.43,1.41,1.43
2017-03-27,1.43,1.43,1.41,1.41
2017-03-28,1.43,1.43,1.41,1.41
2017-03-29,1.41,1.43,1.41,1.42
2017-03-30,1.42,1.42,1.38,1.42
2017-03-31,1.4,1.43,1.4,1.43
2017-04-05,1.43,1.47,1.43,1.44
2017-04-06,1.43,1.5,1.43,1.48
2017-04-07,1.48,1.48,1.41,1.47
2017-04-10,1.43,1.47,1.43,1.44
2017-04-11,1.42,1.43,1.41,1.42
2017-04-12,1.42,1.43,1.39,1.42
2017-04-13,1.41,1.44,1.4,1.43
2017-04-14,1.4,1.43,1.4,1.42
2017-04-17,1.41,1.44,1.38,1.41
2017-04-18,1.43,1.43,1.4,1.42
2017-04-19,1.41,1.43,1.4,1.43
2017-04-20,1.42,1.48,1.42,1.45
2017-04-21,1.45,1.46,1.44,1.44
2017-04-24,1.45,1.45,1.42,1.44
2017-04-25,1.45,1.45,1.43,1.44
2017-04-26,1.43,1.45,1.43,1.44
2017-04-27,1.4,1.44,1.4,1.44
2017-04-28,1.44,1.44,1.41,1.43
2017-05-02,1.4,1.43,1.4,1.41
2017-05-03,1.41,1.43,1.4,1.43
2017-05-04,1.42,1.42,1.41,1.41
2017-05-05,1.48,1.48,1.41,1.44
2017-05-08,1.43,1.43,1.41,1.42
2017-05-09,1.42,1.42,1.41,1.41
2017-05-10,1.4,1.42,1.4,1.41
2017-05-11,1.39,1.41,1.39,1.41
2017-05-12,1.42,1.42,1.41,1.42
2017-05-15,1.42,1.44,1.42,1.44
2017-05-16,1.44,1.47,1.43,1.45
2017-05-17,1.47,1.47,1.44,1.45
2017-05-18,1.45,1.45,1.45,1.45
2017-05-19,1.46,1.46,1.45,1.45
2017-05-22,1.45,1.46,1.45,1.46
2017-05-23,1.44,1.47,1.44,1.47
2017-05-24,1.47,1.47,1.45,1.47
2017-05-25,1.47,1.47,1.46,1.46
2017-05-26,1.46,1.46,1.45,1.46
2017-05-31,1.45,1.46,1.45,1.46
2017-06-01,1.46,1.48,1.45,1.47
2017-06-02,1.48,1.48,1.46,1.47
2017-06-05,1.47,1.47,1.45,1.45
2017-06-06,1.45,1.46,1.45,1.46
2017-06-07,1.46,1.49,1.46,1.48
2017-06-08,1.49,1.5,1.48,1.5
2017-06-09,1.5,1.52,1.5,1.52
2017-06-12,1.52,1.55,1.52,1.55
2017-06-13,1.53,1.55,1.52,1.55
2017-06-14,1.52,1.55,1.52,1.54
2017-06-15,1.54,1.54,1.5,1.53
2017-06-16,1.49,1.53,1.49,1.52
2017-06-19,1.52,1.53,1.51,1.53
2017-06-20,1.53,1.54,1.51,1.53
2017-06-21,1.52,1.52,1.51,1.52
2017-06-22,1.53,1.53,1.5,1.5
2017-06-23,1.5,1.51,1.5,1.51
2017-06-26,1.52,1.54,1.52,1.54
2017-06-27,1.54,1.55,1.54,1.54
2017-06-28,1.54,1.55,1.53,1.54
2017-06-29,1.53,1.54,1.52,1.53
2017-06-30,1.52,1.54,1.52,1.53
2017-07-03,1.53,1.54,1.52,1.53
2017-07-04,1.52,1.53,1.51,1.51
2017-07-05,1.51,1.52,1.5,1.52
2017-07-06,1.52,1.52,1.51,1.52
2017-07-07,1.5,1.52,1.5,1.52
2017-07-10,1.52,1.52,1.5,1.52
2017-07-11,1.5,1.51,1.5,1.51
2017-07-12,1.51,1.51,1.49,1.51
2017-07-13,1.51,1.51,1.48,1.49
2017-07-14,1.49,1.49,1.48,1.48
2017-07-17,1.48,1.5,1.39,1.49
2017-07-18,1.44,1.5,1.44,1.46
2017-07-19,1.48,1.48,1.47,1.47
2017-07-20,1.5,1.5,1.47,1.49
2017-07-21,1.47,1.49,1.47,1.49
2017-07-24,1.48,1.49,1.48,1.49
2017-07-25,1.47,1.49,1.47,1.49
2017-07-26,1.49,1.49,1.47,1.47
2017-07-27,1.47,1.48,1.47,1.48
2017-07-28,1.48,1.48,1.47,1.48
2017-07-31,1.48,1.5,1.48,1.5
2017-08-01,1.5,1.51,1.46,1.5
2017-08-02,1.47,1.49,1.47,1.49
2017-08-03,1.47,1.49,1.47,1.47
2017-08-04,1.49,1.49,1.47,1.47
2017-08-07,1.47,1.48,1.44,1.44
2017-08-08,1.46,1.46,1.45,1.46
2017-08-09,1.46,1.48,1.46,1.47
2017-08-10,1.48,1.48,1.46,1.47
2017-08-11,1.46,1.47,1.44,1.46
2017-08-14,1.46,1.48,1.46,1.48
2017-08-15,1.48,1.48,1.47,1.47
2017-08-16,1.47,1.47,1.46,1.46
2017-08-17,1.47,1.47,1.46,1.47
2017-08-18,1.46,1.46,1.46,1.46
2017-08-21,1.46,1.47,1.46,1.47
2017-08-22,1.48,1.48,1.46,1.46
2017-08-23,1.47,1.47,1.46,1.47
2017-08-24,1.47,1.47,1.46,1.46
2017-08-25,1.46,1.47,1.46,1.47
2017-08-28,1.46,1.47,1.46,1.47
2017-08-29,1.47,1.47,1.46,1.47
2017-08-30,1.47,1.47,1.46,1.47
2017-08-31,1.47,1.47,1.46,1.47
2017-09-01,1.46,1.47,1.46,1.47
2017-09-04,1.47,1.49,1.47,1.48
2017-09-05,1.48,1.49,1.48,1.49
2017-09-06,1.48,1.49,1.48,1.48
2017-09-07,1.48,1.48,1.48,1.48
2017-09-08,1.47,1.49,1.47,1.48
2017-09-11,1.48,1.48,1.46,1.48
2017-09-12,1.48,1.48,1.4,1.47
2017-09-13,1.46,1.48,1.46,1.48
2017-09-14,1.49,1.49,1.47,1.47
2017-09-15,1.47,1.48,1.46,1.48
2017-09-18,1.48,1.49,1.48,1.48
2017-09-19,1.49,1.49,1.48,1.48
2017-09-20,1.47,1.48,1.47,1.48
2017-09-21,1.48,1.48,1.47,1.47
2017-09-22,1.48,1.48,1.47,1.48
2017-09-25,1.48,1.48,1.47,1.48
2017-09-26,1.48,1.48,1.48,1.48
2017-09-27,1.48,1.48,1.48,1.48
2017-09-28,1.48,1.5,1.47,1.5
2017-09-29,1.49,1.52,1.49,1.52
2017-10-09,1.54,1.54,1.52,1.54
2017-10-10,1.54,1.54,1.52,1.54
2017-10-11,1.54,1.62,1.54,1.56
2017-10-12,1.56,1.62,1.56,1.58
2017-10-13,1.58,1.6,1.56,1.59
2017-10-16,1.58,1.59,1.56,1.57
2017-10-17,1.56,1.58,1.56,1.58
2017-10-18,1.6,1.62,1.6,1.61
2017-10-19,1.63,1.63,1.61,1.63
2017-10-20,1.63,1.63,1.61,1.63
2017-10-23,1.63,1.64,1.62,1.64
2017-10-24,1.64,1.64,1.62,1.64
2017-10-25,1.64,1.66,1.63,1.66
2017-10-26,1.66,1.69,1.65,1.68
2017-10-27,1.68,1.68,1.63,1.68
2017-10-30,1.68,1.69,1.63,1.67
2017-10-31,1.67,1.67,1.65,1.66
2017-11-01,1.66,1.69,1.65,1.66
2017-11-02,1.65,1.66,1.64,1.65
2017-11-03,1.66,1.66,1.64,1.65
2017-11-06,1.66,1.75,1.65,1.75
2017-11-07,1.75,1.75,1.71,1.72
2017-11-08,1.72,1.72,1.68,1.7
2017-11-09,1.7,1.7,1.67,1.68
2017-11-10,1.68,1.7,1.67,1.69
2017-11-13,1.69,1.69,1.67,1.68
2017-11-14,1.68,1.69,1.66,1.66
2017-11-15,1.66,1.66,1.64,1.66
2017-11-16,1.65,1.69,1.65,1.68
2017-11-17,1.68,1.69,1.66,1.68
2017-11-20,1.68,1.68,1.66,1.68
2017-11-21,1.68,1.7,1.68,1.69
2017-11-22,1.7,1.7,1.69,1.7
2017-11-23,1.69,1.69,1.62,1.62
2017-11-24,1.62,1.63,1.6,1.61
2017-11-27,1.65,1.65,1.5,1.61
2017-11-28,1.58,1.61,1.58,1.61
2017-11-29,1.62,1.62,1.58,1.6
2017-11-30,1.61,1.61,1.58,1.59
2017-12-01,1.58,1.6,1.58,1.59
2017-12-04,1.59,1.61,1.58,1.6
2017-12-05,1.6,1.6,1.59,1.6
2017-12-06,1.59,1.61,1.58,1.59
2017-12-07,1.59,1.59,1.58,1.58
2017-12-08,1.58,1.6,1.58,1.6
2017-12-11,1.6,1.64,1.6,1.64
2017-12-12,1.62,1.67,1.6,1.62
2017-12-13,1.64,1.64,1.62,1.64
2017-12-14,1.64,1.65,1.63,1.64
2017-12-15,1.64,1.64,1.61,1.62
2017-12-18,1.62,1.64,1.61,1.62
2017-12-19,1.64,1.64,1.59,1.63
2017-12-20,1.64,1.64,1.63,1.64
2017-12-21,1.64,1.66,1.62,1.66
2017-12-22,1.67,1.67,1.66,1.67
2017-12-25,1.67,1.68,1.65,1.67
2017-12-26,1.67,1.67,1.65,1.66
2017-12-27,1.66,1.66,1.64,1.64
2017-12-28,1.64,1.65,1.63,1.64
2017-12-29,1.64,1.66,1.64,1.65
2018-01-02,1.69,1.69,1.64,1.64
2018-01-03,1.64,1.66,1.64,1.66
2018-01-04,1.66,1.66,1.65,1.66
2018-01-05,1.66,1.66,1.65,1.66
2018-01-08,1.66,1.67,1.65,1.67
2018-01-09,1.67,1.71,1.66,1.71
2018-01-10,1.71,1.71,1.69,1.71
2018-01-11,1.71,1.71,1.69,1.7
2018-01-12,1.7,1.72,1.69,1.71
2018-01-15,1.71,1.73,1.7,1.71
2018-01-16,1.71,1.73,1.69,1.73
2018-01-17,1.73,1.74,1.71,1.72
2018-01-18,1.71,1.73,1.7,1.7
2018-01-19,1.7,1.71,1.69,1.7
2018-01-22,1.7,1.73,1.7,1.73
2018-01-23,1.73,1.73,1.72,1.73
2018-01-24,1.73,1.74,1.72,1.74
2018-01-25,1.74,1.74,1.71,1.71
2018-01-26,1.72,1.72,1.72,1.72
2018-01-29,1.72,1.72,1.6,1.68
2018-01-30,1.68,1.68,1.66,1.67
2018-01-31,1.67,1.68,1.66,1.67
2018-02-01,1.67,1.68,1.63,1.65
2018-02-02,1.65,1.66,1.64,1.65
2018-02-05,1.65,1.65,1.6,1.63
2018-02-06,1.63,1.63,1.57,1.59
2018-02-07,1.59,1.62,1.57,1.58
2018-02-08,1.58,1.6,1.57,1.6
2018-02-09,1.57,1.57,1.51,1.53
2018-02-12,1.53,1.59,1.53,1.58
2018-02-13,1.6,1.72,1.5,1.59
2018-02-14,1.58,1.62,1.57,1.62
2018-02-22,1.63,1.64,1.61,1.62
2018-02-23,1.63,1.63,1.62,1.62
2018-02-26,1.64,1.65,1.63,1.65
2018-02-27,1.65,1.65,1.63,1.63
2018-02-28,1.63,1.64,1.62,1.62
2018-03-01,1.62,1.64,1.62,1.64
2018-03-02,1.64,1.64,1.63,1.64
2018-03-05,1.63,1.65,1.63,1.65
2018-03-06,1.65,1.69,1.65,1.68
2018-03-07,1.69,1.69,1.67,1.67
2018-03-08,1.67,1.73,1.67,1.73
2018-03-09,1.73,1.76,1.72,1.76
2018-03-12,1.76,1.78,1.75,1.76
2018-03-13,1.75,1.76,1.74,1.74
2018-03-14,1.72,1.76,1.72,1.74
2018-03-15,1.74,1.76,1.72,1.76
2018-03-16,1.75,1.77,1.75,1.76
2018-03-19,1.75,1.81,1.74,1.8
2018-03-20,1.8,1.88,1.79,1.84
2018-03-21,1.85,1.87,1.83,1.84
2018-03-22,1.84,1.85,1.8,1.84
2018-03-23,1.78,1.82,1.75,1.78
2018-03-26,1.76,1.85,1.75,1.83
2018-03-27,1.87,1.9,1.83,1.87
2018-03-28,1.84,1.87,1.81,1.83
2018-03-29,1.83,1.83,1.77,1.79
2018-03-30,1.8,1.84,1.79,1.84
2018-04-02,1.85,1.85,1.82,1.83
2018-04-03,1.8,1.82,1.79,1.81
2018-04-04,1.83,1.85,1.82,1.82
2018-04-09,1.82,1.83,1.8,1.82
2018-04-10,1.82,1.84,1.82,1.84
2018-04-11,1.84,1.84,1.83,1.83
2018-04-12,1.83,1.84,1.82,1.84
2018-04-13,1.84,1.85,1.8,1.8
2018-04-16,1.78,1.81,1.78,1.8
2018-04-17,1.8,1.81,1.77,1.78
2018-04-18,1.78,1.78,1.74,1.76
2018-04-19,1.76,1.79,1.75,1.78
2018-04-20,1.76,1.81,1.76,1.78
2018-04-23,1.78,1.8,1.76,1.78
2018-04-24,1.78,1.8,1.78,1.79
2018-04-25,1.79,1.83,1.79,1.83
2018-04-26,1.83,1.83,1.8,1.81
2018-04-27,1.81,1.84,1.8,1.84
2018-05-02,1.84,1.87,1.83,1.86
2018-05-03,1.86,1.86,1.82,1.85
2018-05-04,1.84,1.88,1.84,1.87
2018-05-07,1.87,1.92,1.87,1.92
2018-05-08,1.92,1.93,1.91,1.92
2018-05-09,1.91,1.92,1.91,1.92
2018-05-10,1.92,2.05,1.92,1.99
2018-05-11,1.99,2.02,1.93,1.94
2018-05-14,1.92,1.98,1.92,1.97
2018-05-15,1.95,2.01,1.95,2.0
2018-05-16,1.99,2.05,1.99,2.04
2018-05-17,2.04,2.05,2.0,2.01
2018-05-18,2.01,2.04,1.98,2.03
2018-05-21,2.03,2.04,2.01,2.03
2018-05-22,2.02,2.06,2.02,2.06
2018-05-23,2.05,2.09,2.05,2.05
2018-05-24,2.05,2.07,2.05,2.06
2018-05-25,2.06,2.13,2.06,2.11
2018-05-28,2.1,2.16,2.09,2.16
2018-05-29,2.16,2.19,2.04,2.04
2018-05-30,1.97,2.08,1.97,2.03
2018-05-31,2.04,2.11,2.03,2.1
2018-06-01,2.08,2.1,1.99,2.03
2018-06-04,2.04,2.04,1.98,2.01
2018-06-05,2.01,2.1,2.01,2.08
2018-06-06,2.09,2.11,2.06,2.1
2018-06-07,2.1,2.11,2.07,2.07
2018-06-08,2.06,2.08,2.04,2.06
2018-06-11,2.06,2.06,1.98,2.0
2018-06-12,2.0,2.05,1.99,2.04
2018-06-13,2.04,2.04,2.0,2.0
2018-06-14,2.0,2.02,1.97,1.98
2018-06-15,1.98,1.99,1.94,1.95
2018-06-19,1.94,1.98,1.89,1.91
2018-06-20,1.91,1.98,1.89,1.97
2018-06-21,1.96,2.01,1.95,1.96
2018-06-22,1.95,1.99,1.93,1.98
2018-06-25,2.0,2.0,1.97,1.98
2018-06-26,1.97,1.98,1.95,1.97
2018-06-27,1.97,1.98,1.9,1.92
2018-06-28,1.9,1.92,1.81,1.88
2018-06-29,1.88,1.95,1.88,1.94
2018-07-02,1.94,1.99,1.92,1.94
2018-07-03,1.93,1.95,1.85,1.92
2018-07-04,1.91,1.91,1.87,1.88
2018-07-05,1.88,1.88,1.83,1.83
2018-07-06,1.83,1.88,1.82,1.86
2018-07-09,1.86,1.92,1.85,1.92
2018-07-10,1.92,1.93,1.9,1.93
2018-07-11,1.92,1.94,1.88,1.93
2018-07-12,1.93,1.98,1.93,1.97
2018-07-13,1.98,2.02,1.96,2.0
2018-07-16,2.0,2.02,1.99,2.02
2018-07-17,2.02,2.02,1.97,1.99
2018-07-18,1.97,2.01,1.97,1.99
2018-07-19,1.98,1.99,1.94,1.95
2018-07-20,1.94,1.96,1.93,1.96
2018-07-23,1.87,1.9,1.84,1.88
2018-07-24,1.86,1.91,1.85,1.9
2018-07-25,1.88,1.93,1.88,1.92
2018-07-26,1.93,1.95,1.9,1.9
2018-07-27,1.9,1.9,1.88,1.88
2018-07-30,1.88,1.88,1.82,1.84
2018-07-31,1.83,1.85,1.83,1.84
2018-08-01,1.84,1.85,1.8,1.8
2018-08-02,1.8,1.81,1.77,1.8
2018-08-03,1.8,1.81,1.75,1.75
2018-08-06,1.72,1.75,1.66,1.68
2018-08-07,1.68,1.72,1.66,1.72
2018-08-08,1.71,1.72,1.67,1.68
2018-08-09,1.67,1.75,1.67,1.74
2018-08-10,1.73,1.8,1.73,1.78
2018-08-13,1.78,1.79,1.75,1.79
2018-08-14,1.79,1.8,1.78,1.79
2018-08-15,1.78,1.78,1.72,1.72
2018-08-16,1.71,1.74,1.69,1.72
2018-08-17,1.73,1.73,1.65,1.66
2018-08-20,1.66,1.66,1.58,1.63
2018-08-21,1.63,1.7,1.63,1.7
2018-08-22,1.7,1.7,1.68,1.69
2018-08-23,1.69,1.71,1.68,1.7
2018-08-24,1.7,1.72,1.68,1.7
2018-08-27,1.71,1.78,1.71,1.77
2018-08-28,1.78,1.78,1.76,1.77
2018-08-29,1.76,1.77,1.75,1.76
2018-08-30,1.75,1.77,1.73,1.74
2018-08-31,1.74,1.74,1.69,1.69
2018-09-03,1.7,1.7,1.67,1.69
2018-09-04,1.7,1.71,1.67,1.7
2018-09-05,1.7,1.7,1.68,1.68
2018-09-06,1.67,1.69,1.66,1.66
2018-09-07,1.66,1.7,1.66,1.69
2018-09-10,1.69,1.69,1.66,1.66
2018-09-11,1.67,1.68,1.66,1.67
2018-09-12,1.67,1.67,1.62,1.62
2018-09-13,1.64,1.65,1.54,1.59
2018-09-14,1.59,1.59,1.57,1.58
2018-09-17,1.58,1.58,1.54,1.55
2018-09-18,1.54,1.58,1.53,1.58
2018-09-19,1.57,1.62,1.56,1.6
2018-09-20,1.6,1.61,1.59,1.59
2018-09-21,1.59,1.64,1.58,1.63
2018-09-25,1.61,1.64,1.61,1.63
2018-09-26,1.64,1.68,1.64,1.66
2018-09-27,1.67,1.7,1.66,1.67
2018-09-28,1.67,1.7,1.67,1.7
2018-10-08,1.68,1.68,1.61,1.61
2018-10-09,1.61,1.64,1.61,1.62
2018-10-10,1.62,1.63,1.58,1.6
2018-10-11,1.54,1.57,1.53,1.54
2018-10-12,1.54,1.57,1.53,1.56
2018-10-15,1.56,1.59,1.55,1.56
2018-10-16,1.56,1.57,1.51,1.53
2018-10-17,1.54,1.55,1.48,1.51
2018-10-18,1.5,1.5,1.45,1.45
2018-10-19,1.44,1.47,1.42,1.47
2018-10-22,1.47,1.56,1.47,1.55
2018-10-23,1.53,1.54,1.5,1.51
2018-10-24,1.49,1.51,1.46,1.48
2018-10-25,1.45,1.46,1.42,1.46
2018-10-26,1.46,1.47,1.44,1.46
2018-10-29,1.45,1.45,1.4,1.41
2018-10-30,1.41,1.45,1.39,1.43
2018-10-31,1.44,1.48,1.44,1.48
2018-11-01,1.49,1.52,1.49,1.49
2018-11-02,1.52,1.58,1.52,1.57
2018-11-05,1.57,1.57,1.53,1.55
2018-11-06,1.55,1.56,1.54,1.56
2018-11-07,1.56,1.57,1.54,1.54
2018-11-08,1.56,1.57,1.54,1.55
2018-11-09,1.55,1.55,1.53,1.54
2018-11-12,1.54,1.56,1.52,1.56
2018-11-13,1.55,1.58,1.54,1.58
2018-11-14,1.58,1.58,1.56,1.56
2018-11-15,1.56,1.57,1.54,1.57
2018-11-16,1.57,1.57,1.52,1.54
2018-11-19,1.53,1.56,1.53,1.56
2018-11-20,1.54,1.55,1.53,1.53
2018-11-21,1.48,1.56,1.48,1.56
2018-11-22,1.56,1.57,1.55,1.56
2018-11-23,1.55,1.55,1.52,1.53
2018-11-26,1.52,1.53,1.51,1.52
2018-11-27,1.53,1.53,1.52,1.52
2018-11-28,1.52,1.53,1.5,1.53
2018-11-29,1.54,1.55,1.52,1.52
2018-11-30,1.52,1.54,1.51,1.54
2018-12-03,1.58,1.6,1.56,1.59
2018-12-04,1.59,1.61,1.58,1.61
2018-12-05,1.59,1.63,1.58,1.62
2018-12-06,1.61,1.61,1.54,1.54
2018-12-07,1.52,1.52,1.47,1.48
2018-12-10,1.45,1.46,1.44,1.45
2018-12-11,1.46,1.48,1.46,1.48
2018-12-12,1.48,1.48,1.45,1.46
2018-12-13,1.46,1.48,1.45,1.47
2018-12-17,1.42,1.44,1.39,1.41
2018-12-18,1.4,1.41,1.39,1.4
2018-12-19,1.4,1.4,1.35,1.35
2018-12-20,1.35,1.35,1.32,1.34
2018-12-21,1.33,1.34,1.29,1.3
2018-12-24,1.3,1.34,1.3,1.34
2018-12-26,1.34,1.35,1.33,1.33
2018-12-27,1.34,1.36,1.31,1.32
2018-12-28,1.32,1.33,1.31,1.33
2019-01-02,1.33,1.33,1.28,1.28
2019-01-15,1.27,1.31,1.27,1.31
2019-01-16,1.31,1.33,1.3,1.33
2019-01-17,1.32,1.34,1.32,1.32
2019-01-18,1.33,1.37,1.32,1.37
2019-01-21,1.37,1.39,1.36,1.36
2019-01-22,1.36,1.36,1.33,1.34
2019-01-23,1.33,1.34,1.33,1.34
2019-01-24,1.34,1.35,1.33,1.35
2019-01-25,1.35,1.36,1.34,1.35
2019-01-28,1.36,1.36,1.32,1.32
2019-01-29,1.31,1.34,1.31,1.33
2019-01-30,1.33,1.34,1.32,1.32
2019-01-31,1.32,1.33,1.32,1.33
2019-02-01,1.33,1.38,1.33,1.38
2019-02-11,1.38,1.4,1.36,1.4
2019-02-12,1.4,1.45,1.4,1.44
2019-02-13,1.45,1.47,1.44,1.46
2019-02-14,1.46,1.47,1.45,1.47
2019-02-15,1.46,1.47,1.44,1.44
2019-02-18,1.44,1.5,1.44,1.5
2019-02-19,1.5,1.51,1.47,1.5
2019-02-20,1.48,1.48,1.45,1.47
2019-02-21,1.46,1.48,1.45,1.46
2019-02-22,1.45,1.48,1.44,1.48
2019-02-25,1.48,1.54,1.48,1.53
2019-02-26,1.54,1.62,1.52,1.54
2019-02-27,1.54,1.55,1.52,1.53
2019-02-28,1.52,1.57,1.52,1.56
2019-03-01,1.58,1.59,1.55,1.58
2019-03-04,1.58,1.62,1.57,1.6
2019-03-05,1.59,1.6,1.57,1.6
2019-03-06,1.6,1.61,1.58,1.6
2019-03-07,1.59,1.6,1.57,1.58
2019-03-08,1.55,1.6,1.54,1.55
2019-03-11,1.56,1.6,1.56,1.6
2019-03-12,1.61,1.62,1.58,1.61
2019-03-13,1.6,1.61,1.59,1.6
2019-03-14,1.6,1.61,1.58,1.59
2019-03-15,1.58,1.62,1.58,1.61
2019-03-18,1.61,1.68,1.61,1.68
2019-03-19,1.69,1.69,1.64,1.66
2019-03-20,1.65,1.66,1.62,1.65
2019-03-21,1.65,1.65,1.64,1.65
2019-03-22,1.65,1.67,1.64,1.67
2019-03-25,1.64,1.66,1.63,1.63
2019-03-26,1.63,1.64,1.6,1.6
2019-03-27,1.61,1.66,1.61,1.66
2019-03-28,1.65,1.68,1.65,1.66
2019-03-29,1.67,1.71,1.65,1.71
2019-04-01,1.72,1.75,1.72,1.75
2019-04-02,1.75,1.75,1.72,1.73
2019-04-03,1.72,1.74,1.72,1.74
2019-04-04,1.74,1.74,1.72,1.74
2019-04-08,1.74,1.75,1.7,1.72
2019-04-09,1.72,1.75,1.7,1.75
2019-04-10,1.75,1.79,1.74,1.78
2019-04-11,1.78,1.79,1.72,1.73
2019-04-12,1.74,1.74,1.7,1.72
2019-04-15,1.74,1.75,1.69,1.7
2019-04-16,1.7,1.72,1.68,1.72
2019-04-17,1.72,1.73,1.71,1.72
2019-04-18,1.72,1.72,1.71,1.71
2019-04-19,1.71,1.73,1.7,1.72
2019-04-22,1.72,1.72,1.69,1.7
2019-04-23,1.7,1.71,1.69,1.7
2019-04-24,1.7,1.71,1.68,1.7
2019-04-25,1.7,1.72,1.68,1.69
2019-04-26,1.68,1.68,1.65,1.65
2019-04-29,1.65,1.71,1.65,1.69
2019-04-30,1.68,1.7,1.68,1.69
2019-05-06,1.64,1.65,1.59,1.6
2019-05-07,1.6,1.65,1.6,1.64
2019-05-08,1.6,1.64,1.6,1.62
2019-05-09,1.61,1.61,1.56,1.57
2019-05-10,1.59,1.61,1.55,1.61
2019-05-13,1.59,1.62,1.58,1.6
2019-05-14,1.58,1.61,1.58,1.59
2019-05-15,1.6,1.64,1.6,1.63
2019-05-16,1.63,1.64,1.62,1.64
2019-05-17,1.64,1.64,1.6,1.6
2019-05-20,1.6,1.6,1.56,1.58
2019-05-21,1.58,1.61,1.54,1.6
2019-05-22,1.6,1.6,1.58,1.59
2019-05-23,1.59,1.59,1.55,1.56
2019-05-24,1.55,1.57,1.55,1.55
2019-05-27,1.56,1.57,1.54,1.57
2019-05-28,1.57,1.59,1.57,1.58
2019-05-29,1.58,1.59,1.57,1.58
2019-05-30,1.57,1.58,1.55,1.57
2019-05-31,1.57,1.59,1.57,1.58
2019-06-03,1.58,1.59,1.57,1.58
2019-06-04,1.58,1.58,1.54,1.55
2019-06-05,1.55,1.56,1.49,1.49
2019-06-06,1.49,1.49,1.46,1.47
2019-06-10,1.48,1.5,1.46,1.49
2019-06-11,1.49,1.54,1.49,1.54
2019-06-12,1.53,1.53,1.52,1.53
2019-06-13,1.53,1.54,1.51,1.53
2019-06-14,1.53,1.55,1.53,1.53
2019-07-02,1.68,1.71,1.68,1.71
2019-07-03,1.71,1.72,1.67,1.68
2019-07-04,1.68,1.69,1.64,1.65
2019-07-05,1.65,1.68,1.65,1.68
2019-07-08,1.67,1.68,1.62,1.64
2019-07-09,1.64,1.65,1.63,1.64
2019-07-10,1.64,1.66,1.64,1.65
2019-07-11,1.65,1.67,1.64,1.65
2019-07-12,1.64,1.66,1.64,1.66
2019-07-15,1.64,1.67,1.63,1.66
2019-07-16,1.66,1.66,1.64,1.65
2019-07-17,1.64,1.65,1.63,1.64
2019-07-18,1.63,1.64,1.62,1.63
2019-07-19,1.63,1.64,1.62,1.63
2019-07-22,1.63,1.64,1.61,1.62
2019-07-23,1.62,1.63,1.62,1.63
2019-07-24,1.63,1.65,1.63,1.64
2019-07-25,1.64,1.65,1.63,1.65
2019-07-26,1.64,1.66,1.64,1.66
2019-07-29,1.66,1.66,1.64,1.64
2019-07-30,1.64,1.66,1.64,1.65
2019-07-31,1.65,1.65,1.64,1.64
2019-08-01,1.63,1.64,1.62,1.63
2019-08-02,1.6,1.62,1.6,1.61
2019-08-05,1.61,1.61,1.58,1.58
2019-08-06,1.55,1.58,1.54,1.58
2019-08-07,1.58,1.59,1.57,1.58
2019-08-08,1.58,1.61,1.58,1.61
2019-08-09,1.62,1.63,1.61,1.61
2019-08-12,1.61,1.63,1.6,1.63
2019-08-13,1.62,1.63,1.61,1.63
2019-08-14,1.64,1.66,1.64,1.65
2019-08-15,1.63,1.66,1.62,1.66
2019-08-16,1.67,1.68,1.65,1.67
2019-08-19,1.68,1.7,1.68,1.7
2019-08-20,1.7,1.7,1.68,1.69
2019-08-21,1.69,1.69,1.68,1.68
2019-08-22,1.68,1.7,1.68,1.7
2019-08-23,1.7,1.77,1.7,1.76
2019-08-26,1.72,1.78,1.72,1.76
2019-08-27,1.77,1.8,1.77,1.78
2019-08-28,1.78,1.78,1.75,1.76
2019-08-29,1.76,1.77,1.75,1.76
2019-08-30,1.77,1.8,1.76,1.77
2019-09-02,1.78,1.79,1.76,1.79
2019-09-03,1.79,1.79,1.76,1.78
2019-09-04,1.77,1.78,1.76,1.77
2019-09-05,1.77,1.79,1.77,1.78
2019-09-06,1.78,1.8,1.76,1.8
2019-09-09,1.8,1.8,1.78,1.8
2019-09-10,1.8,1.84,1.79,1.83
2019-09-11,1.83,1.83,1.78,1.78
2019-09-12,1.78,1.79,1.78,1.79
2019-09-16,1.79,1.8,1.79,1.8
2019-09-17,1.79,1.8,1.77,1.77
2019-09-18,1.78,1.8,1.78,1.78
2019-09-19,1.79,1.8,1.78,1.8
2019-09-20,1.8,1.83,1.8,1.82
2019-09-23,1.81,1.82,1.78,1.79
2019-09-24,1.79,1.82,1.79,1.81
2019-09-25,1.79,1.81,1.78,1.79
2019-09-26,1.79,1.8,1.76,1.76
2019-09-27,1.76,1.78,1.75,1.77
2019-09-30,1.76,1.78,1.76,1.76
2019-10-08,1.76,1.78,1.76,1.76
2019-10-09,1.76,1.76,1.73,1.75
2019-10-10,1.75,1.81,1.75,1.81
2019-10-11,1.81,1.82,1.8,1.81
2019-10-14,1.83,1.84,1.82,1.83
2019-10-15,1.83,1.86,1.83,1.84
2019-10-16,1.84,1.87,1.84,1.85
2019-10-17,1.85,1.87,1.84,1.84
2019-10-18,1.84,1.87,1.83,1.84
2019-10-21,1.84,1.85,1.8,1.82
2019-10-22,1.82,1.85,1.82,1.84
2019-10-23,1.84,1.85,1.81,1.82
2019-10-24,1.82,1.83,1.79,1.81
2019-10-25,1.81,1.85,1.81,1.85
2019-10-28,1.85,1.88,1.85,1.88
2019-10-29,1.88,1.9,1.87,1.89
2019-10-30,1.89,1.89,1.87,1.88
2019-10-31,1.88,1.91,1.88,1.9
2019-11-01,1.9,1.93,1.89,1.93
2019-11-04,1.94,1.95,1.93,1.94
2019-11-05,1.93,1.94,1.92,1.94
2019-11-06,1.94,1.94,1.93,1.93
2019-11-07,1.94,1.95,1.93,1.94
2019-11-08,1.95,1.96,1.94,1.95
2019-11-11,1.93,1.94,1.9,1.9
2019-11-12,1.9,1.92,1.9,1.92
2019-11-13,1.92,1.95,1.91,1.94
2019-11-14,1.94,1.98,1.94,1.97
2019-11-15,1.96,1.98,1.95,1.95
2019-11-18,1.96,1.97,1.95,1.97
2019-11-19,1.97,2.01,1.97,2.01
2019-11-20,2.01,2.02,1.99,2.0
2019-11-21,2.0,2.0,1.95,1.96
2019-11-22,1.96,1.98,1.88,1.9
2019-11-25,1.89,1.91,1.86,1.89
2019-11-26,1.89,1.92,1.89,1.9
2019-11-27,1.9,1.91,1.88,1.9
2019-11-28,1.9,1.91,1.89,1.9
2019-11-29,1.91,1.91,1.82,1.84
2019-12-02,1.83,1.84,1.81,1.82
2019-12-03,1.82,1.82,1.78,1.82
2019-12-04,1.81,1.84,1.8,1.83
2019-12-05,1.83,1.86,1.83,1.84
2019-12-06,1.85,1.86,1.84,1.86
2019-12-09,1.86,1.86,1.81,1.82
2019-12-10,1.81,1.84,1.81,1.83
2019-12-11,1.84,1.84,1.82,1.83
2019-12-12,1.83,1.84,1.82,1.83
2019-12-13,1.84,1.86,1.84,1.86
2019-12-16,1.86,1.87,1.85,1.86
2019-12-17,1.87,1.89,1.85,1.88
2019-12-18,1.88,1.88,1.85,1.86
2019-12-19,1.86,1.86,1.85,1.86
2019-12-20,1.86,1.86,1.84,1.84
2019-12-23,1.84,1.86,1.84,1.84
2019-12-24,1.84,1.84,1.83,1.84
2019-12-25,1.84,1.84,1.83,1.84
2019-12-26,1.84,1.86,1.84,1.86
2019-12-27,1.86,1.86,1.84,1.84
2019-12-30,1.84,1.86,1.82,1.86
2019-12-31,1.85,1.9,1.85,1.9
2020-01-02,1.9,1.9,1.88,1.9
2020-01-03,1.9,1.9,1.88,1.89
2020-01-06,1.88,1.89,1.86,1.87
2020-01-07,1.87,1.89,1.87,1.89
2020-01-08,1.88,1.88,1.87,1.87
2020-01-09,1.88,1.92,1.88,1.92
2020-01-10,1.92,1.94,1.92,1.93
2020-01-13,1.93,1.94,1.92,1.94
2020-01-14,1.94,1.94,1.92,1.92
2020-01-15,1.92,1.95,1.92,1.93
2020-01-16,1.93,1.94,1.91,1.93
2020-01-17,1.93,1.97,1.93,1.96
2020-01-20,2.02,2.02,1.95,1.98
2020-01-21,2.01,2.02,1.98,2.0
2020-01-22,2.02,2.02,1.96,1.98
2020-01-23,1.98,1.99,1.91,1.93
2020-02-03,2.0,2.0,1.74,1.8
2020-02-04,1.82,1.9,1.82,1.89
2020-02-05,1.91,1.96,1.89,1.95
2020-02-06,1.96,2.04,1.94,2.01
2020-02-07,2.02,2.03,1.96,1.99
2020-02-10,1.98,1.98,1.94,1.96
2020-02-11,1.96,1.98,1.95,1.98
2020-02-12,1.98,2.0,1.98,2.0
2020-02-13,2.0,2.0,1.97,1.98
2020-02-14,1.99,2.0,1.97,1.99
2020-02-17,1.99,2.02,1.98,2.02
2020-02-18,2.03,2.04,1.99,2.0
2020-02-19,1.99,2.0,1.97,1.97
2020-02-20,1.97,2.0,1.97,2.0
2020-02-21,2.0,2.01,1.98,2.0
2020-02-24,2.0,2.01,1.98,2.0
2020-02-25,1.97,2.03,1.96,2.02
2020-02-26,2.0,2.0,1.95,1.95
2020-02-27,1.96,1.98,1.95,1.96
2020-02-28,1.93,1.96,1.9,1.9
2020-03-02,1.92,1.96,1.9,1.95
2020-03-03,1.97,2.02,1.97,2.0
2020-03-04,2.0,2.0,1.98,2.0
2020-03-05,2.02,2.06,2.01,2.06
2020-03-06,2.06,2.1,2.05,2.06
2020-03-09,2.03,2.05,2.0,2.0
2020-03-10,1.99,2.03,1.96,2.03
2020-03-11,2.02,2.04,1.99,1.99
2020-03-12,1.97,1.98,1.92,1.93
2020-03-13,1.85,1.91,1.82,1.89
2020-03-16,1.91,1.92,1.83,1.84
2020-03-17,1.83,1.88,1.77,1.83
2020-03-18,1.84,1.88,1.81,1.82
2020-03-19,1.81,1.83,1.75,1.79
2020-03-20,1.8,1.84,1.8,1.84
2020-03-23,1.82,1.83,1.78,1.8
2020-03-24,1.83,1.87,1.82,1.86
2020-03-25,1.9,1.93,1.88,1.92
2020-03-26,1.91,1.96,1.9,1.96
2020-03-27,1.99,2.01,1.96,1.97
2020-03-30,1.94,1.96,1.91,1.94
2020-03-31,1.94,1.96,1.93,1.96
2020-04-01,1.96,1.96,1.92,1.93
2020-04-02,1.92,1.96,1.91,1.96
2020-04-03,1.96,2.0,1.96,1.98
2020-04-07,2.0,2.03,1.99,2.03
2020-04-08,2.02,2.04,2.0,2.02
2020-04-09,2.03,2.09,2.02,2.07
2020-04-10,2.07,2.12,2.04,2.05
2020-04-13,2.05,2.08,2.04,2.06
2020-04-14,2.07,2.1,2.04,2.09
2020-04-15,2.09,2.11,2.07,2.08
2020-04-16,2.07,2.1,2.06,2.08
2020-04-17,2.08,2.1,2.07,2.07
2020-04-20,2.07,2.1,2.07,2.08
2020-04-21,2.09,2.09,2.05,2.07
2020-04-22,2.06,2.11,2.05,2.11
2020-04-23,2.12,2.14,2.1,2.11
2020-04-24,2.11,2.11,2.07,2.08
2020-04-27,2.08,2.14,2.07,2.12
2020-04-28,2.12,2.14,2.08,2.12
2020-04-29,2.12,2.14,2.09,2.1
2020-04-30,2.09,2.1,2.08,2.09
2020-05-06,2.08,2.13,2.06,2.13
2020-05-07,2.13,2.14,2.12,2.13
2020-05-08,2.14,2.17,2.13,2.15
2020-05-11,2.16,2.16,2.11,2.12
2020-05-12,2.12,2.15,2.11,2.14
2020-05-13,2.14,2.18,2.14,2.18
2020-05-14,2.179,2.185,2.159,2.175
2020-05-15,2.173,2.188,2.141,2.154
2020-05-18,2.143,2.205,2.138,2.192
2020-05-19,2.209,2.239,2.192,2.207
2020-05-20,2.212,2.218,2.173,2.187
2020-05-21,2.187,2.233,2.184,2.198
2020-05-22,2.2,2.205,2.123,2.142
2020-05-25,2.144,2.173,2.127,2.172
2020-05-26,2.172,2.21,2.169,2.209
2020-05-27,2.21,2.21,2.158,2.166
2020-05-28,2.164,2.164,2.104,2.136
2020-05-29,2.124,2.167,2.121,2.158
2020-06-01,2.172,2.205,2.171,2.2
2020-06-02,2.2,2.2,2.17,2.182
2020-06-03,2.183,2.211,2.183,2.191
2020-06-04,2.205,2.217,2.184,2.214
2020-06-05,2.21,2.234,2.196,2.231
2020-06-08,2.238,2.242,2.192,2.202
2020-06-09,2.202,2.244,2.202,2.242
2020-06-10,2.24,2.293,2.24,2.281
2020-06-11,2.284,2.3,2.253,2.27
2020-06-12,2.244,2.306,2.238,2.302
2020-06-15,2.312,2.329,2.29,2.295
2020-06-16,2.307,2.352,2.301,2.347
2020-06-17,2.358,2.412,2.355,2.405
2020-06-18,2.403,2.406,2.345,2.391
2020-06-19,2.38,2.456,2.376,2.449
2020-06-22,2.452,2.511,2.448,2.473
2020-06-23,2.471,2.524,2.456,2.523
2020-06-24,2.53,2.534,2.466,2.512
2020-06-29,2.495,2.512,2.48,2.507
2020-06-30,2.506,2.545,2.506,2.528
2020-07-01,2.531,2.54,2.464,2.503
2020-07-02,2.505,2.517,2.468,2.484
2020-07-03,2.483,2.523,2.451,2.522
2020-07-06,2.522,2.57,2.492,2.536
2020-07-07,2.536,2.641,2.503,2.609
2020-07-08,2.61,2.633,2.582,2.61
2020-07-09,2.609,2.709,2.596,2.707
2020-07-10,2.716,2.754,2.687,2.734
2020-07-13,2.74,2.851,2.74,2.823
2020-07-14,2.851,2.881,2.778,2.856
2020-07-15,2.868,2.973,2.856,2.894
2020-07-16,2.92,2.92,2.697,2.718
2020-07-17,2.689,2.785,2.689,2.745
2020-07-20,2.764,2.777,2.661,2.75
2020-07-21,2.751,2.851,2.724,2.845
2020-07-22,2.83,2.897,2.801,2.866
2020-07-23,2.84,2.938,2.838,2.938
2020-07-24,2.912,2.912,2.753,2.782
2020-07-27,2.793,2.856,2.793,2.841
2020-07-28,2.856,2.88,2.784,2.841
2020-07-29,2.819,2.948,2.81,2.944
2020-07-30,2.963,3.049,2.935,2.966
2020-07-31,2.961,3.007,2.927,3.006
2020-08-03,3.021,3.088,2.98,3.082
2020-08-04,3.075,3.153,3.037,3.053
2020-08-05,3.05,3.109,2.987,3.101
2020-08-06,3.108,3.143,2.986,3.025
2020-08-07,3.021,3.051,2.906,2.966
2020-08-10,2.95,2.98,2.872,2.948
2020-08-11,2.946,3.008,2.915,2.928
2020-08-12,2.916,2.94,2.781,2.835
2020-08-13,2.836,2.848,2.77,2.782
2020-08-14,2.775,2.816,2.738,2.806
2020-08-17,2.808,2.85,2.785,2.848
2020-08-18,2.851,2.909,2.851,2.888
2020-08-19,2.888,2.888,2.785,2.787
2020-08-20,2.765,2.802,2.741,2.771
2020-08-21,2.791,2.819,2.771,2.79
2020-08-24,2.8,2.812,2.735,2.806
2020-08-25,2.802,2.841,2.802,2.82
2020-08-26,2.814,2.89,2.814,2.827
2020-08-27,2.833,2.85,2.792,2.85
2020-08-28,2.848,2.945,2.835,2.944
2020-08-31,2.956,2.959,2.906,2.915
2020-09-01,2.904,2.932,2.884,2.904
2020-09-02,2.904,2.919,2.871,2.914
2020-09-03,2.9,2.975,2.883,2.901
2020-09-04,2.848,2.866,2.812,2.853
2020-09-07,2.838,2.862,2.756,2.76
2020-09-08,2.763,2.787,2.743,2.776
2020-09-09,2.732,2.732,2.62,2.652
2020-09-10,2.679,2.709,2.645,2.65
2020-09-11,2.639,2.7,2.619,2.697
2020-09-14,2.713,2.73,2.651,2.669
2020-09-15,2.672,2.7,2.629,2.699
2020-09-16,2.69,2.711,2.633,2.651
2020-09-17,2.637,2.641,2.567,2.589
2020-09-18,2.595,2.629,2.57,2.628
2020-09-21,2.63,2.652,2.608,2.621
2020-09-22,2.622,2.66,2.61,2.621
2020-09-23,2.63,2.715,2.604,2.697
2020-09-24,2.676,2.68,2.644,2.655
2020-09-25,2.659,2.7,2.639,2.659
2020-09-28,2.667,2.675,2.619,2.626
2020-09-29,2.636,2.671,2.605,2.655
2020-09-30,2.668,2.714,2.662,2.678
2020-10-09,2.717,2.77,2.709,2.769
2020-10-12,2.775,2.85,2.773,2.85
2020-10-13,2.852,2.886,2.827,2.868
2020-10-14,2.864,2.888,2.851,2.856
2020-10-15,2.855,2.856,2.821,2.838
2020-10-16,2.828,2.867,2.807,2.851
2020-10-19,2.853,2.864,2.773,2.776
2020-10-20,2.769,2.803,2.75,2.797
2020-10-21,2.805,2.844,2.793,2.804
2020-10-22,2.785,2.792,2.73,2.759
2020-10-23,2.758,2.775,2.645,2.688
2020-10-26,2.643,2.692,2.611,2.685
2020-10-27,2.677,2.76,2.675,2.755
2020-10-28,2.755,2.794,2.735,2.785
2020-10-29,2.76,2.853,2.756,2.835
2020-10-30,2.835,2.852,2.773,2.79
2020-11-02,2.789,2.797,2.734,2.759
2020-11-03,2.763,2.797,2.737,2.791
2020-11-04,2.795,2.81,2.778,2.807
2020-11-05,2.834,2.834,2.78,2.809
2020-11-06,2.812,2.812,2.701,2.732
2020-11-09,2.74,2.795,2.727,2.785
2020-11-10,2.814,2.843,2.75,2.767
2020-11-11,2.765,2.765,2.683,2.697
2020-11-12,2.708,2.748,2.705,2.725
2020-11-13,2.722,2.722,2.69,2.716
2020-11-16,2.729,2.733,2.696,2.725
2020-11-17,2.71,2.716,2.645,2.658
2020-11-18,2.662,2.675,2.614,2.616
2020-11-19,2.617,2.636,2.598,2.631
2020-11-20,2.638,2.655,2.635,2.644
2020-11-23,2.663,2.665,2.617,2.635
2020-11-24,2.634,2.635,2.601,2.614
2020-11-25,2.613,2.614,2.561,2.565
2020-11-26,2.57,2.584,2.538,2.547
2020-11-27,2.554,2.575,2.53,2.569
2020-11-30,2.577,2.602,2.548,2.589
2020-12-01,2.586,2.664,2.58,2.658
2020-12-02,2.661,2.669,2.632,2.659
2020-12-03,2.666,2.738,2.653,2.722
2020-12-04,2.722,2.758,2.703,2.754
2020-12-07,2.732,2.735,2.692,2.707
2020-12-08,2.72,2.724,2.7,2.705
2020-12-09,2.701,2.725,2.672,2.675
2020-12-10,2.686,2.704,2.653,2.701
2020-12-11,2.715,2.72,2.665,2.685
2020-12-14,2.691,2.727,2.667,2.725
2020-12-15,2.711,2.805,2.711,2.794
2020-12-16,2.8,2.82,2.771,2.81
2020-12-17,2.865,2.927,2.86,2.913
2020-12-18,2.909,2.931,2.874,2.92
2020-12-21,2.915,2.946,2.882,2.942
2020-12-22,2.942,2.988,2.914,2.923
2020-12-23,2.913,2.936,2.878,2.923
2020-12-24,2.923,2.964,2.915,2.931
2020-12-25,2.937,3.015,2.929,3.012
2020-12-28,3.02,3.032,2.959,2.967
2020-12-29,2.96,2.974,2.901,2.919
2020-12-30,2.929,2.984,2.916,2.973
2020-12-31,2.988,3.016,2.95,3.002
2021-01-04,2.991,3.037,2.976,3.026
2021-01-05,3.021,3.078,3.0,3.077
2021-01-06,3.088,3.14,3.069,3.131
2021-01-07,3.13,3.184,3.1,3.183
2021-01-08,3.175,3.219,3.13,3.162
2021-01-11,3.154,3.172,3.08,3.096
2021-01-12,3.085,3.169,3.074,3.167
2021-01-13,3.17,3.171,3.083,3.107
2021-01-14,3.1,3.108,3.044,3.052
2021-01-15,3.048,3.056,2.99,3.044
2021-01-18,3.039,3.076,2.995,3.053
2021-01-19,3.054,3.06,2.982,2.988
2021-01-20,3.001,3.111,2.999,3.11
2021-01-21,3.125,3.172,3.118,3.169
2021-01-22,3.18,3.326,3.17,3.322
2021-01-25,3.33,3.347,3.287,3.326
2021-01-26,3.318,3.318,3.213,3.221
2021-01-27,3.223,3.239,3.141,3.203
2021-01-28,3.171,3.193,3.102,3.114
2021-01-29,3.119,3.156,3.05,3.094
2021-02-01,3.092,3.169,3.088,3.168
2021-02-02,3.178,3.237,3.127,3.236
2021-02-03,3.24,3.311,3.218,3.252
2021-02-04,3.227,3.271,3.172,3.216
2021-02-05,3.216,3.36,3.216,3.311
2021-02-08,3.315,3.414,3.311,3.406
2021-02-09,3.421,3.477,3.388,3.473
2021-02-10,3.474,3.569,3.43,3.56
2021-02-18,3.623,3.628,3.39,3.397
2021-02-19,3.381,3.417,3.296,3.395
2021-02-22,3.395,3.398,3.215,3.217
2021-02-23,3.199,3.262,3.178,3.212
2021-02-24,3.21,3.216,3.04,3.068
2021-02-25,3.078,3.12,3.057,3.076
2021-02-26,3.02,3.083,2.971,3.027
2021-03-01,3.055,3.072,2.997,3.071
2021-03-02,3.087,3.089,2.962,2.99
2021-03-03,2.98,3.055,2.962,3.053
2021-03-04,3.01,3.02,2.916,2.935
2021-03-05,2.86,2.958,2.86,2.936
2021-03-08,2.95,2.967,2.74,2.743
2021-03-09,2.739,2.773,2.63,2.673
2021-03-10,2.72,2.776,2.711,2.744
2021-03-11,2.738,2.855,2.738,2.817
2021-03-12,2.828,2.834,2.771,2.82
2021-03-15,2.81,2.81,2.669,2.707
2021-03-16,2.718,2.753,2.682,2.729
2021-03-17,2.717,2.759,2.678,2.743
2021-03-18,2.75,2.81,2.75,2.802
2021-03-19,2.749,2.785,2.713,2.737
2021-03-22,2.749,2.795,2.716,2.753
2021-03-23,2.75,2.785,2.713,2.753
2021-03-24,2.735,2.778,2.721,2.738
2021-03-25,2.707,2.777,2.694,2.769
2021-03-26,2.783,2.883,2.782,2.88
2021-03-29,2.873,2.895,2.836,2.861
2021-03-30,2.865,2.937,2.85,2.909
2021-03-31,2.904,2.904,2.851,2.888
2021-04-01,2.888,2.956,2.888,2.946
2021-04-02,2.964,2.99,2.937,2.968
2021-04-06,2.967,2.968,2.907,2.918
2021-04-07,2.907,2.919,2.86,2.902
2021-04-08,2.893,2.963,2.87,2.96
2021-04-09,2.952,2.959,2.89,2.905
2021-04-12,2.9,2.92,2.81,2.822
2021-04-13,2.809,2.88,2.805,2.849
2021-04-14,2.85,2.88,2.8,2.849
2021-04-15,2.838,2.852,2.793,2.825
2021-04-16,2.842,2.843,2.78,2.809
2021-04-19,2.817,2.894,2.786,2.893
2021-04-20,2.892,2.926,2.857,2.9
2021-04-21,2.88,2.965,2.877,2.963
2021-04-22,2.964,2.977,2.937,2.964
2021-04-23,2.962,3.053,2.956,3.032
2021-04-26,3.059,3.119,3.014,3.018
2021-04-27,3.003,3.098,2.99,3.098
2021-04-28,3.095,3.162,3.079,3.162
2021-04-29,3.157,3.171,3.104,3.15
2021-04-30,3.145,3.229,3.14,3.202
2021-05-06,3.153,3.17,3.022,3.061
2021-05-07,3.061,3.094,2.983,2.985
2021-05-10,2.997,3.073,2.997,3.044
2021-05-11,3.035,3.105,2.99,3.103
2021-05-12,3.099,3.155,3.073,3.149
2021-05-13,3.13,3.182,3.111,3.167
2021-05-14,3.183,3.28,3.158,3.242
2021-05-17,3.261,3.336,3.261,3.311
2021-05-18,3.307,3.329,3.24,3.282
2021-05-19,3.27,3.288,3.241,3.272
2021-05-20,3.263,3.295,3.253,3.26
2021-05-21,3.263,3.292,3.204,3.214
2021-05-24,3.209,3.213,3.117,3.197
2021-05-25,3.213,3.296,3.213,3.293
2021-05-26,3.291,3.314,3.248,3.289
2021-05-27,3.282,3.322,3.241,3.314
2021-05-28,3.312,3.318,3.226,3.248
2021-05-31,3.246,3.309,3.241,3.296
2021-06-01,3.296,3.359,3.274,3.356
2021-06-02,3.356,3.369,3.274,3.288
2021-06-03,3.276,3.298,3.239,3.255
2021-06-04,3.243,3.289,3.208,3.272
2021-06-07,3.269,3.283,3.221,3.28
2021-06-08,3.28,3.317,3.201,3.229
2021-06-09,3.219,3.251,3.196,3.236
2021-06-10,3.245,3.32,3.244,3.296
2021-06-11,3.293,3.302,3.233,3.282
2021-06-15,3.262,3.288,3.21,3.219
2021-06-16,3.214,3.228,3.113,3.116
2021-06-17,3.103,3.163,3.103,3.136
2021-06-18,3.136,3.189,3.129,3.165
2021-06-21,3.155,3.195,3.125,3.176
2021-06-22,3.179,3.261,3.149,3.26
2021-06-23,3.261,3.3,3.245,3.258
2021-06-24,3.256,3.258,3.177,3.206
2021-06-28,0.821,0.837,0.821,0.836
2021-06-29,0.838,0.841,0.826,0.829
2021-06-30,0.83,0.835,0.825,0.832
2021-07-01,0.834,0.855,0.832,0.848
2021-07-02,0.844,0.846,0.808,0.809
2021-07-05,0.8,0.815,0.796,0.804
2021-07-06,0.805,0.806,0.754,0.775
2021-07-07,0.766,0.798,0.766,0.791
2021-07-08,0.791,0.8,0.775,0.777
2021-07-09,0.771,0.78,0.755,0.779
2021-07-12,0.782,0.799,0.768,0.797
2021-07-13,0.795,0.804,0.788,0.799
2021-07-14,0.796,0.815,0.789,0.801
2021-07-15,0.802,0.807,0.793,0.807
2021-07-16,0.807,0.809,0.796,0.803
2021-07-19,0.802,0.822,0.802,0.821
2021-07-20,0.818,0.832,0.818,0.826
2021-07-21,0.828,0.836,0.82,0.835
2021-07-22,0.833,0.834,0.803,0.809
2021-07-23,0.805,0.805,0.78,0.783
2021-07-26,0.778,0.778,0.722,0.741
2021-07-27,0.737,0.742,0.71,0.711
2021-07-28,0.707,0.733,0.698,0.732
2021-07-29,0.74,0.754,0.74,0.748
2021-07-30,0.745,0.745,0.722,0.741
2021-08-02,0.738,0.753,0.711,0.751
2021-08-03,0.745,0.781,0.742,0.778
2021-08-04,0.779,0.781,0.763,0.778
2021-08-05,0.773,0.783,0.761,0.772
2021-08-06,0.767,0.768,0.737,0.744
2021-08-09,0.735,0.75,0.733,0.749
2021-08-10,0.751,0.759,0.738,0.759
2021-08-11,0.759,0.76,0.739,0.742
2021-08-12,0.735,0.742,0.726,0.729
2021-08-13,0.73,0.737,0.72,0.727
2021-08-16,0.725,0.728,0.719,0.724
2021-08-17,0.721,0.727,0.695,0.699
2021-08-18,0.699,0.707,0.694,0.698
2021-08-19,0.699,0.709,0.698,0.701
2021-08-20,0.69,0.691,0.658,0.665
2021-08-23,0.66,0.677,0.654,0.675
2021-08-24,0.676,0.691,0.674,0.688
2021-08-25,0.688,0.698,0.681,0.692
2021-08-26,0.692,0.692,0.665,0.666
2021-08-27,0.664,0.681,0.662,0.665
2021-08-30,0.668,0.673,0.657,0.663
2021-08-31,0.663,0.67,0.647,0.648
2021-09-01,0.649,0.667,0.636,0.659
2021-09-02,0.66,0.661,0.636,0.638
2021-09-03,0.637,0.646,0.626,0.641
2021-09-06,0.643,0.677,0.641,0.675
2021-09-07,0.673,0.673,0.664,0.673
2021-09-08,0.673,0.675,0.663,0.667
2021-09-09,0.667,0.674,0.662,0.667
2021-09-10,0.666,0.668,0.656,0.664
2021-09-13,0.668,0.675,0.654,0.659
2021-09-14,0.66,0.67,0.657,0.663
2021-09-15,0.66,0.662,0.648,0.652
2021-09-16,0.649,0.66,0.643,0.654
2021-09-17,0.652,0.688,0.647,0.684
2021-09-22,0.676,0.693,0.673,0.68
2021-09-23,0.678,0.69,0.67,0.68
2021-09-24,0.677,0.691,0.673,0.685
2021-09-27,0.694,0.706,0.683,0.696
2021-09-28,0.694,0.701,0.683,0.691
2021-09-29,0.684,0.69,0.673,0.68
2021-09-30,0.679,0.692,0.678,0.69
2021-10-08,0.687,0.698,0.678,0.694
2021-10-11,0.692,0.703,0.68,0.683
2021-10-12,0.679,0.69,0.673,0.68
2021-10-13,0.677,0.694,0.675,0.692
2021-10-14,0.689,0.692,0.672,0.677
2021-10-15,0.671,0.674,0.664,0.669
2021-10-18,0.668,0.669,0.653,0.657
2021-10-19,0.656,0.671,0.655,0.667
2021-10-20,0.666,0.671,0.653,0.665
2021-10-21,0.664,0.669,0.659,0.662
2021-10-22,0.662,0.67,0.658,0.666
2021-10-25,0.665,0.672,0.664,0.668
2021-10-26,0.665,0.672,0.661,0.663
2021-10-27,0.662,0.663,0.646,0.648
2021-10-28,0.646,0.653,0.642,0.646
2021-10-29,0.645,0.657,0.636,0.655
2021-11-01,0.654,0.657,0.638,0.642
2021-11-02,0.64,0.645,0.63,0.632
2021-11-03,0.634,0.644,0.634,0.638
2021-11-04,0.64,0.645,0.636,0.641
2021-11-05,0.64,0.647,0.638,0.641
2021-11-08,0.641,0.641,0.623,0.627
2021-11-09,0.627,0.633,0.624,0.631
2021-11-10,0.631,0.648,0.623,0.647
2021-11-11,0.644,0.65,0.64,0.645
2021-11-12,0.646,0.647,0.64,0.642
2021-11-15,0.642,0.656,0.641,0.656
2021-11-16,0.657,0.678,0.656,0.676
2021-11-17,0.677,0.685,0.671,0.676
2021-11-18,0.673,0.674,0.659,0.661
2021-11-19,0.656,0.661,0.653,0.659
2021-11-22,0.66,0.66,0.65,0.653
2021-11-23,0.655,0.658,0.651,0.654
2021-11-24,0.654,0.66,0.649,0.659
2021-11-25,0.659,0.668,0.657,0.665
2021-11-26,0.667,0.672,0.664,0.664
2021-11-29,0.676,0.686,0.663,0.664
2021-11-30,0.662,0.664,0.655,0.663
2021-12-01,0.66,0.661,0.653,0.655
2021-12-02,0.652,0.656,0.645,0.646
2021-12-03,0.647,0.652,0.646,0.651
2021-12-06,0.65,0.651,0.638,0.639
2021-12-07,0.641,0.647,0.639,0.644
2021-12-08,0.645,0.652,0.641,0.652
2021-12-09,0.654,0.67,0.65,0.668
2021-12-10,0.665,0.669,0.659,0.662
2021-12-13,0.661,0.667,0.656,0.656
2021-12-14,0.655,0.663,0.654,0.659
2021-12-15,0.658,0.659,0.636,0.639
2021-12-16,0.635,0.644,0.634,0.642
2021-12-17,0.644,0.648,0.635,0.636
2021-12-20,0.634,0.638,0.624,0.624
2021-12-21,0.625,0.632,0.624,0.631
2021-12-22,0.632,0.635,0.629,0.632
2021-12-23,0.634,0.635,0.625,0.627
2021-12-24,0.628,0.632,0.624,0.63
2021-12-27,0.63,0.634,0.627,0.634
2021-12-28,0.633,0.638,0.628,0.638
2021-12-29,0.638,0.643,0.628,0.629
2021-12-30,0.628,0.634,0.624,0.633
2021-12-31,0.633,0.636,0.63,0.633
2022-01-04,0.63,0.631,0.615,0.617
2022-01-05,0.616,0.617,0.606,0.609
2022-01-06,0.606,0.609,0.595,0.601
2022-01-07,0.601,0.604,0.597,0.599
2022-01-10,0.598,0.606,0.592,0.604
2022-01-11,0.601,0.607,0.599,0.604
2022-01-12,0.603,0.611,0.601,0.609
2022-01-13,0.609,0.61,0.596,0.596
2022-01-14,0.594,0.6,0.591,0.597
2022-01-17,0.597,0.601,0.594,0.599
2022-01-18,0.598,0.604,0.593,0.598
2022-01-19,0.598,0.598,0.58,0.582
2022-01-20,0.58,0.585,0.579,0.58
2022-01-21,0.58,0.58,0.565,0.566
2022-01-24,0.561,0.569,0.56,0.564
2022-01-25,0.562,0.566,0.551,0.552
2022-01-26,0.554,0.556,0.537,0.542
2022-01-27,0.542,0.543,0.533,0.534
2022-01-28,0.536,0.539,0.529,0.53
2022-02-07,0.538,0.545,0.534,0.536
2022-02-08,0.529,0.529,0.516,0.529
2022-02-09,0.528,0.535,0.522,0.533
2022-02-10,0.533,0.534,0.524,0.526
2022-02-11,0.523,0.523,0.508,0.509
2022-02-14,0.506,0.517,0.506,0.511
2022-02-15,0.51,0.534,0.508,0.533
2022-02-16,0.535,0.539,0.532,0.533
2022-02-17,0.533,0.538,0.53,0.534
2022-02-18,0.53,0.538,0.528,0.537
2022-02-21,0.542,0.543,0.534,0.537
2022-02-22,0.533,0.534,0.526,0.528
2022-02-23,0.529,0.539,0.529,0.539
2022-02-24,0.536,0.542,0.521,0.527
2022-02-25,0.531,0.548,0.531,0.544
2022-02-28,0.543,0.547,0.537,0.546
2022-03-01,0.546,0.552,0.544,0.548
2022-03-02,0.544,0.545,0.537,0.542
2022-03-03,0.544,0.546,0.536,0.536
2022-03-04,0.531,0.541,0.53,0.533
2022-03-07,0.53,0.531,0.512,0.515
2022-03-08,0.514,0.521,0.497,0.502
2022-03-09,0.501,0.502,0.468,0.487
2022-03-10,0.498,0.506,0.496,0.504
2022-03-11,0.495,0.516,0.493,0.516
2022-03-14,0.519,0.523,0.508,0.508
2022-03-15,0.502,0.512,0.486,0.488
2022-03-16,0.494,0.506,0.478,0.504
2022-03-17,0.511,0.533,0.51,0.524
2022-03-18,0.519,0.529,0.518,0.527
2022-03-21,0.53,0.533,0.521,0.532
2022-03-22,0.528,0.53,0.518,0.52
2022-03-23,0.521,0.534,0.517,0.532
2022-03-24,0.526,0.55,0.522,0.544
2022-03-25,0.542,0.544,0.526,0.527
2022-03-28,0.521,0.526,0.517,0.52
2022-03-29,0.522,0.528,0.517,0.525
2022-03-30,0.529,0.539,0.519,0.538
2022-03-31,0.534,0.545,0.533,0.535
2022-04-01,0.53,0.535,0.525,0.532
2022-04-06,0.534,0.539,0.527,0.53
2022-04-07,0.525,0.533,0.52,0.521
2022-04-08,0.521,0.522,0.511,0.516
2022-04-11,0.513,0.516,0.505,0.507
2022-04-12,0.506,0.522,0.504,0.519
2022-04-13,0.515,0.516,0.506,0.507
2022-04-14,0.509,0.515,0.504,0.51
2022-04-15,0.506,0.522,0.504,0.515
2022-04-18,0.512,0.516,0.508,0.514
2022-04-19,0.513,0.517,0.5,0.502
2022-04-20,0.502,0.504,0.492,0.494
2022-04-21,0.492,0.497,0.477,0.481
2022-04-22,0.478,0.487,0.471,0.48
2022-04-25,0.472,0.475,0.455,0.456
2022-04-26,0.456,0.471,0.453,0.463
2022-04-27,0.457,0.472,0.452,0.472
2022-04-28,0.47,0.472,0.462,0.469
2022-04-29,0.469,0.48,0.466,0.479
2022-05-05,0.476,0.483,0.474,0.48
2022-05-06,0.47,0.476,0.467,0.47
2022-05-09,0.467,0.472,0.464,0.465
2022-05-10,0.46,0.472,0.457,0.469
2022-05-11,0.47,0.488,0.468,0.479
2022-05-12,0.476,0.487,0.475,0.484
2022-05-13,0.488,0.492,0.48,0.483
2022-05-16,0.486,0.487,0.474,0.476
2022-05-17,0.475,0.476,0.467,0.471
2022-05-18,0.472,0.474,0.466,0.466
2022-05-19,0.461,0.466,0.46,0.465
2022-05-20,0.468,0.481,0.468,0.479
2022-05-23,0.483,0.484,0.476,0.479
2022-05-24,0.48,0.48,0.461,0.461
2022-05-25,0.46,0.465,0.46,0.463
2022-05-26,0.464,0.465,0.454,0.458
2022-05-27,0.461,0.471,0.461,0.462
2022-05-30,0.465,0.47,0.459,0.468
2022-05-31,0.467,0.479,0.462,0.478
2022-06-01,0.477,0.481,0.471,0.476
2022-06-02,0.473,0.474,0.466,0.469
2022-06-06,0.469,0.483,0.467,0.483
2022-06-07,0.482,0.491,0.48,0.49
2022-06-08,0.491,0.505,0.49,0.498
2022-06-09,0.498,0.501,0.486,0.488
2022-06-10,0.483,0.493,0.481,0.492
2022-06-13,0.484,0.486,0.478,0.482
2022-06-14,0.477,0.485,0.473,0.484
2022-06-15,0.485,0.498,0.484,0.492
2022-06-16,0.492,0.504,0.492,0.498
2022-06-17,0.494,0.515,0.491,0.514
2022-06-20,0.515,0.528,0.514,0.522
2022-06-21,0.521,0.526,0.512,0.517
2022-06-22,0.517,0.521,0.508,0.509
2022-06-23,0.51,0.512,0.502,0.512
2022-06-24,0.513,0.526,0.512,0.525
2022-06-27,0.527,0.541,0.527,0.535
2022-06-28,0.535,0.536,0.526,0.535
2022-06-29,0.533,0.546,0.53,0.533
2022-06-30,0.533,0.553,0.533,0.549
2022-07-01,0.549,0.554,0.542,0.546
2022-07-04,0.549,0.573,0.546,0.572
2022-07-05,0.573,0.579,0.56,0.575
2022-07-06,0.572,0.581,0.556,0.56
2022-07-07,0.559,0.563,0.542,0.551
2022-07-08,0.552,0.56,0.55,0.552
2022-07-11,0.553,0.556,0.541,0.546
2022-07-12,0.549,0.552,0.528,0.529
2022-07-13,0.528,0.534,0.526,0.53
2022-07-14,0.53,0.549,0.529,0.542
2022-07-15,0.54,0.545,0.529,0.529
2022-07-18,0.53,0.532,0.515,0.531
2022-07-19,0.53,0.533,0.518,0.523
2022-07-20,0.527,0.534,0.524,0.528
2022-07-21,0.527,0.532,0.524,0.527
2022-07-22,0.529,0.534,0.521,0.525
2022-07-25,0.522,0.524,0.516,0.521
2022-07-26,0.524,0.527,0.516,0.519
2022-07-27,0.519,0.519,0.509,0.51
2022-07-28,0.512,0.514,0.504,0.506
2022-07-29,0.506,0.507,0.49,0.491
2022-08-01,0.489,0.494,0.484,0.493
2022-08-02,0.489,0.49,0.479,0.482
2022-08-03,0.483,0.493,0.482,0.485
2022-08-04,0.488,0.497,0.487,0.496
2022-08-05,0.497,0.509,0.497,0.509
2022-08-08,0.51,0.51,0.5,0.503
2022-08-09,0.501,0.502,0.495,0.5
2022-08-10,0.498,0.499,0.487,0.489
2022-08-11,0.493,0.506,0.491,0.505
2022-08-12,0.503,0.508,0.5,0.506
2022-08-15,0.504,0.505,0.496,0.497
2022-08-16,0.498,0.499,0.489,0.491
2022-08-17,0.49,0.498,0.487,0.495
2022-08-18,0.494,0.494,0.484,0.485
2022-08-19,0.483,0.483,0.479,0.481
2022-08-22,0.479,0.484,0.474,0.484
2022-08-23,0.482,0.484,0.475,0.477
2022-08-24,0.476,0.481,0.471,0.472
2022-08-25,0.473,0.478,0.47,0.478
2022-08-26,0.478,0.485,0.476,0.479
2022-08-29,0.474,0.475,0.47,0.473
2022-08-30,0.472,0.475,0.467,0.471
2022-08-31,0.47,0.485,0.469,0.48
2022-09-01,0.479,0.484,0.477,0.478
2022-09-02,0.479,0.484,0.471,0.473
2022-09-05,0.473,0.476,0.462,0.465
2022-09-06,0.466,0.466,0.461,0.464
2022-09-07,0.463,0.465,0.458,0.463
2022-09-08,0.464,0.467,0.46,0.461
2022-09-09,0.465,0.475,0.465,0.475
2022-09-13,0.472,0.474,0.466,0.466
2022-09-14,0.461,0.465,0.458,0.464
2022-09-15,0.466,0.472,0.459,0.462
2022-09-16,0.46,0.462,0.448,0.448
2022-09-19,0.447,0.45,0.439,0.441
2022-09-20,0.443,0.444,0.437,0.442
2022-09-21,0.439,0.44,0.428,0.429
2022-09-22,0.425,0.427,0.419,0.421
2022-09-23,0.42,0.423,0.413,0.419
2022-09-26,0.415,0.423,0.415,0.416
2022-09-27,0.417,0.439,0.416,0.439
2022-09-28,0.435,0.442,0.433,0.434
2022-09-29,0.439,0.453,0.439,0.444
2022-09-30,0.441,0.449,0.441,0.442
2022-10-10,0.444,0.446,0.427,0.428
2022-10-11,0.429,0.431,0.42,0.426
2022-10-12,0.425,0.429,0.412,0.429
2022-10-13,0.426,0.443,0.424,0.438
2022-10-14,0.443,0.482,0.441,0.482
2022-10-17,0.479,0.49,0.476,0.481
2022-10-18,0.482,0.488,0.471,0.484
2022-10-19,0.479,0.481,0.471,0.474
2022-10-20,0.47,0.485,0.468,0.475
2022-10-21,0.473,0.478,0.468,0.473
2022-10-24,0.471,0.473,0.451,0.455
2022-10-25,0.454,0.455,0.439,0.444
2022-10-26,0.446,0.474,0.445,0.469
2022-10-27,0.47,0.47,0.454,0.46
2022-10-28,0.453,0.462,0.447,0.45
2022-10-31,0.443,0.452,0.438,0.446
2022-11-01,0.448,0.464,0.441,0.464
2022-11-02,0.46,0.48,0.458,0.471
2022-11-03,0.465,0.472,0.462,0.468
2022-11-04,0.467,0.483,0.466,0.478
2022-11-07,0.476,0.479,0.472,0.479
2022-11-08,0.477,0.478,0.466,0.47
2022-11-09,0.468,0.474,0.466,0.467
2022-11-10,0.465,0.47,0.461,0.464
2022-11-11,0.48,0.482,0.466,0.467
2022-11-14,0.467,0.482,0.465,0.479
2022-11-15,0.479,0.482,0.467,0.482
2022-11-16,0.481,0.493,0.478,0.482
2022-11-17,0.479,0.484,0.473,0.48
2022-11-18,0.483,0.491,0.482,0.487
2022-11-21,0.481,0.483,0.476,0.482
2022-11-22,0.48,0.487,0.468,0.473
2022-11-23,0.471,0.471,0.459,0.463
2022-11-24,0.464,0.469,0.462,0.465
2022-11-25,0.464,0.466,0.456,0.465
2022-11-28,0.454,0.459,0.45,0.457
2022-11-29,0.456,0.469,0.456,0.468
2022-11-30,0.467,0.468,0.462,0.464
2022-12-01,0.472,0.475,0.468,0.473
2022-12-02,0.471,0.474,0.468,0.469
2022-12-05,0.473,0.475,0.468,0.471
2022-12-06,0.47,0.477,0.467,0.471
2022-12-07,0.469,0.475,0.466,0.471
2022-12-08,0.471,0.473,0.468,0.47
2022-12-09,0.47,0.471,0.464,0.47
2022-12-12,0.471,0.478,0.47,0.473
2022-12-13,0.474,0.475,0.466,0.471
2022-12-14,0.471,0.475,0.467,0.47
2022-12-15,0.47,0.474,0.466,0.468
2022-12-16,0.467,0.472,0.466,0.47
2022-12-19,0.471,0.472,0.457,0.458
2022-12-20,0.457,0.46,0.45,0.451
2022-12-21,0.453,0.456,0.452,0.452
2022-12-22,0.455,0.467,0.452,0.46
2022-12-23,0.457,0.465,0.456,0.464
2022-12-26,0.465,0.467,0.462,0.463
2022-12-27,0.465,0.47,0.46,0.469
2022-12-28,0.467,0.473,0.467,0.469
2022-12-29,0.468,0.479,0.466,0.476
2022-12-30,0.477,0.48,0.475,0.478
2023-01-03,0.478,0.482,0.472,0.477
2023-01-04,0.476,0.482,0.476,0.48
2023-01-05,0.482,0.498,0.481,0.494
2023-01-06,0.494,0.495,0.488,0.491
2023-01-09,0.492,0.497,0.488,0.495
2023-01-10,0.495,0.505,0.492,0.502
2023-01-11,0.502,0.507,0.498,0.499
2023-01-12,0.499,0.503,0.495,0.496
2023-01-13,0.498,0.511,0.496,0.511
2023-01-16,0.512,0.54,0.51,0.531
2023-01-17,0.53,0.533,0.524,0.528
2023-01-18,0.527,0.528,0.521,0.523
2023-01-19,0.523,0.539,0.52,0.534
2023-01-20,0.534,0.542,0.531,0.532
2023-01-30,0.539,0.541,0.526,0.527
2023-01-31,0.526,0.528,0.512,0.513
2023-02-01,0.514,0.519,0.509,0.518
2023-02-02,0.518,0.527,0.515,0.52
2023-02-03,0.516,0.521,0.51,0.515
2023-02-06,0.508,0.51,0.501,0.503
2023-02-07,0.506,0.509,0.501,0.504
2023-02-08,0.505,0.511,0.504,0.505
2023-02-09,0.503,0.512,0.502,0.512
2023-02-10,0.51,0.512,0.505,0.51
2023-02-13,0.509,0.52,0.509,0.514
2023-02-14,0.514,0.517,0.511,0.515
2023-02-15,0.515,0.517,0.506,0.507
2023-02-16,0.507,0.513,0.498,0.505
2023-02-17,0.502,0.507,0.5,0.502
2023-02-20,0.501,0.511,0.495,0.509
2023-02-21,0.508,0.509,0.503,0.506
2023-02-22,0.503,0.507,0.5,0.503
2023-02-23,0.501,0.506,0.496,0.498
2023-02-24,0.499,0.5,0.492,0.494
2023-02-27,0.491,0.493,0.487,0.489
2023-02-28,0.49,0.496,0.489,0.494
2023-03-01,0.494,0.496,0.489,0.496
2023-03-02,0.494,0.495,0.49,0.491
2023-03-03,0.492,0.497,0.489,0.492
2023-03-06,0.492,0.493,0.488,0.49
2023-03-07,0.489,0.494,0.481,0.482
2023-03-08,0.48,0.482,0.477,0.48
2023-03-09,0.48,0.483,0.478,0.48
2023-03-10,0.477,0.485,0.474,0.48
2023-03-13,0.478,0.481,0.476,0.477
2023-03-14,0.477,0.483,0.476,0.477
2023-03-15,0.481,0.483,0.473,0.475
2023-03-16,0.473,0.478,0.471,0.473
2023-03-17,0.475,0.476,0.46,0.463
2023-03-20,0.461,0.462,0.453,0.456
2023-03-21,0.458,0.472,0.457,0.471
2023-03-22,0.472,0.475,0.471,0.472
2023-03-23,0.471,0.475,0.47,0.472
2023-03-24,0.473,0.475,0.468,0.469
2023-03-27,0.469,0.477,0.463,0.474
2023-03-28,0.474,0.476,0.472,0.475
2023-03-29,0.475,0.475,0.47,0.471
2023-03-30,0.471,0.474,0.468,0.473
2023-03-31,0.473,0.475,0.469,0.47
2023-04-03,0.469,0.471,0.463,0.466
2023-04-04,0.465,0.469,0.463,0.469
2023-04-06,0.469,0.472,0.467,0.472
2023-04-07,0.471,0.484,0.47,0.483
2023-04-10,0.484,0.49,0.483,0.487
2023-04-11,0.488,0.492,0.482,0.485
2023-04-12,0.485,0.488,0.479,0.481
2023-04-13,0.479,0.492,0.476,0.489
2023-04-14,0.492,0.498,0.486,0.488
2023-04-17,0.486,0.492,0.485,0.49
2023-04-18,0.487,0.488,0.482,0.485
2023-04-19,0.484,0.485,0.478,0.481
2023-04-20,0.48,0.482,0.47,0.471
2023-04-21,0.47,0.473,0.463,0.464
2023-04-24,0.465,0.47,0.46,0.462
2023-04-25,0.463,0.463,0.45,0.455
2023-04-26,0.452,0.459,0.451,0.455
2023-04-27,0.454,0.462,0.453,0.459
2023-04-28,0.461,0.465,0.457,0.461
2023-05-04,0.461,0.466,0.46,0.462
2023-05-05,0.463,0.463,0.454,0.455
2023-05-08,0.459,0.46,0.453,0.457
2023-05-09,0.457,0.459,0.451,0.453
2023-05-10,0.452,0.455,0.448,0.454
2023-05-11,0.454,0.46,0.451,0.452
2023-05-12,0.451,0.455,0.448,0.449
2023-05-15,0.449,0.459,0.447,0.459
2023-05-16,0.461,0.464,0.459,0.463
2023-05-17,0.463,0.463,0.457,0.459
2023-05-18,0.459,0.461,0.453,0.455
2023-05-19,0.454,0.462,0.452,0.459
2023-05-22,0.459,0.466,0.459,0.462
2023-05-23,0.463,0.468,0.461,0.462
2023-05-24,0.461,0.461,0.454,0.455
2023-05-25,0.454,0.455,0.449,0.452
2023-05-26,0.452,0.456,0.452,0.453
2023-05-29,0.454,0.457,0.448,0.452
2023-05-30,0.451,0.453,0.439,0.447
2023-05-31,0.445,0.447,0.436,0.437
2023-06-01,0.437,0.445,0.436,0.441
2023-06-02,0.441,0.445,0.439,0.443
2023-06-05,0.443,0.445,0.438,0.44
2023-06-06,0.441,0.441,0.432,0.433
2023-06-07,0.434,0.435,0.423,0.426
2023-06-08,0.425,0.426,0.421,0.423
2023-06-09,0.424,0.429,0.423,0.428
2023-06-12,0.427,0.43,0.423,0.428
2023-06-13,0.428,0.432,0.426,0.429
2023-06-14,0.43,0.435,0.428,0.431
2023-06-15,0.432,0.441,0.431,0.441
2023-06-16,0.441,0.446,0.44,0.443
2023-06-19,0.442,0.443,0.437,0.438
2023-06-20,0.439,0.441,0.435,0.436
2023-06-21,0.434,0.435,0.423,0.425
2023-06-26,0.422,0.424,0.419,0.423
2023-06-27,0.424,0.428,0.422,0.424
2023-06-28,0.424,0.425,0.42,0.421
2023-06-29,0.421,0.424,0.419,0.421
2023-06-30,0.421,0.428,0.42,0.425
2023-07-03,0.426,0.429,0.424,0.429
2023-07-04,0.428,0.435,0.423,0.432
2023-07-05,0.431,0.432,0.428,0.428
2023-07-06,0.428,0.428,0.421,0.422
2023-07-07,0.421,0.424,0.42,0.421
2023-07-10,0.423,0.429,0.422,0.423
2023-07-11,0.425,0.427,0.422,0.427
2023-07-12,0.427,0.428,0.424,0.425
2023-07-13,0.426,0.434,0.425,0.433
2023-07-14,0.433,0.434,0.43,0.431
2023-07-17,0.43,0.431,0.426,0.427
2023-07-18,0.428,0.43,0.426,0.43
2023-07-19,0.429,0.43,0.425,0.426
2023-07-20,0.428,0.431,0.424,0.424
2023-07-21,0.425,0.434,0.424,0.429
2023-07-24,0.428,0.436,0.428,0.431
2023-07-25,0.434,0.436,0.431,0.436
2023-07-26,0.435,0.442,0.434,0.44
2023-07-27,0.44,0.444,0.439,0.441
2023-07-28,0.44,0.449,0.438,0.448
2023-07-31,0.45,0.451,0.434,0.437
2023-08-01,0.436,0.442,0.433,0.435
2023-08-02,0.434,0.435,0.428,0.428
2023-08-03,0.427,0.435,0.426,0.434
2023-08-04,0.436,0.438,0.431,0.431
2023-08-07,0.429,0.43,0.416,0.418
2023-08-08,0.416,0.423,0.415,0.42
2023-08-09,0.419,0.429,0.418,0.426
2023-08-10,0.425,0.427,0.422,0.427
2023-08-11,0.427,0.429,0.42,0.421
2023-08-14,0.418,0.423,0.417,0.423
2023-08-15,0.422,0.423,0.416,0.419
2023-08-16,0.419,0.425,0.418,0.42
2023-08-17,0.419,0.423,0.417,0.422
2023-08-18,0.422,0.423,0.415,0.416
2023-08-21,0.413,0.417,0.409,0.412
2023-08-22,0.412,0.414,0.402,0.41
2023-08-23,0.408,0.409,0.401,0.402
2023-08-24,0.403,0.414,0.402,0.412
2023-08-25,0.41,0.414,0.407,0.409
2023-08-28,0.433,0.435,0.413,0.415
2023-08-29,0.414,0.423,0.413,0.421
2023-08-30,0.422,0.423,0.418,0.421
2023-08-31,0.419,0.42,0.416,0.419
2023-09-01,0.419,0.42,0.414,0.416
2023-09-04,0.417,0.422,0.416,0.42
2023-09-05,0.419,0.42,0.417,0.418
2023-09-06,0.417,0.418,0.411,0.412
2023-09-07,0.412,0.412,0.405,0.405
2023-09-08,0.404,0.408,0.404,0.405
2023-09-11,0.406,0.416,0.405,0.415
2023-09-12,0.414,0.416,0.412,0.413
2023-09-13,0.413,0.415,0.407,0.411
2023-09-14,0.41,0.412,0.407,0.411
2023-09-15,0.412,0.421,0.41,0.417
2023-09-18,0.417,0.425,0.417,0.423
2023-09-19,0.423,0.424,0.418,0.421
2023-09-20,0.421,0.421,0.418,0.419
2023-09-21,0.418,0.419,0.414,0.415
2023-09-22,0.414,0.42,0.41,0.419
2023-09-25,0.419,0.427,0.418,0.425
2023-09-26,0.425,0.426,0.422,0.423
2023-09-27,0.423,0.433,0.423,0.432
2023-09-28,0.432,0.434,0.427,0.428
2023-10-09,0.428,0.434,0.423,0.433
2023-10-10,0.433,0.433,0.425,0.426
2023-10-11,0.427,0.44,0.427,0.435
2023-10-12,0.439,0.44,0.434,0.437
2023-10-13,0.434,0.439,0.433,0.435
2023-10-16,0.437,0.439,0.427,0.428
2023-10-17,0.43,0.431,0.422,0.427
2023-10-18,0.426,0.426,0.42,0.42
2023-10-19,0.418,0.42,0.413,0.415
2023-10-20,0.412,0.413,0.406,0.408
2023-10-23,0.406,0.411,0.403,0.409
2023-10-24,0.409,0.413,0.405,0.411
2023-10-25,0.414,0.415,0.406,0.408
2023-10-26,0.406,0.412,0.405,0.412
2023-10-27,0.41,0.429,0.408,0.426
2023-10-30,0.425,0.439,0.425,0.438
2023-10-31,0.437,0.439,0.433,0.438
2023-11-01,0.438,0.439,0.43,0.435
2023-11-02,0.436,0.44,0.433,0.433
2023-11-03,0.434,0.439,0.432,0.435
2023-11-06,0.439,0.447,0.438,0.445
2023-11-07,0.444,0.446,0.442,0.442
2023-11-08,0.442,0.45,0.44,0.445
2023-11-09,0.444,0.448,0.439,0.441
2023-11-10,0.439,0.443,0.436,0.44
2023-11-13,0.442,0.443,0.433,0.435
2023-11-14,0.436,0.439,0.433,0.435
2023-11-15,0.44,0.442,0.437,0.44
2023-11-16,0.438,0.441,0.432,0.432
2023-11-17,0.432,0.435,0.43,0.435
2023-11-20,0.436,0.441,0.433,0.439
2023-11-21,0.44,0.443,0.438,0.439
2023-11-22,0.439,0.439,0.432,0.433
2023-11-23,0.433,0.435,0.431,0.435
2023-11-24,0.435,0.437,0.432,0.434
2023-11-27,0.434,0.434,0.427,0.43
2023-11-28,0.43,0.437,0.428,0.436
2023-11-29,0.436,0.438,0.432,0.434
2023-11-30,0.434,0.438,0.432,0.436
2023-12-01,0.436,0.439,0.428,0.434
2023-12-04,0.434,0.434,0.422,0.422
2023-12-05,0.421,0.423,0.415,0.416
2023-12-06,0.415,0.421,0.413,0.417
2023-12-07,0.416,0.416,0.41,0.412
2023-12-08,0.412,0.418,0.41,0.416
2023-12-11,0.415,0.422,0.411,0.419
2023-12-12,0.419,0.42,0.415,0.417
2023-12-13,0.417,0.418,0.413,0.413
2023-12-14,0.415,0.419,0.411,0.412
2023-12-15,0.413,0.415,0.405,0.407
2023-12-18,0.406,0.412,0.403,0.407
2023-12-19,0.407,0.407,0.401,0.403
2023-12-20,0.404,0.408,0.4,0.401
2023-12-21,0.399,0.406,0.398,0.405
2023-12-22,0.405,0.406,0.4,0.403
2023-12-25,0.402,0.406,0.401,0.404
2023-12-26,0.404,0.404,0.398,0.401
2023-12-27,0.401,0.403,0.398,0.403
2023-12-28,0.402,0.411,0.4,0.41
2023-12-29,0.409,0.414,0.409,0.411
2024-01-02,0.412,0.412,0.405,0.407
2024-01-03,0.406,0.41,0.404,0.405
2024-01-04,0.405,0.405,0.397,0.401
2024-01-05,0.4,0.401,0.392,0.393
2024-01-08,0.392,0.394,0.388,0.389
2024-01-09,0.389,0.393,0.387,0.39
2024-01-10,0.389,0.392,0.385,0.386
2024-01-11,0.39,0.393,0.385,0.39
2024-01-12,0.388,0.391,0.384,0.384
2024-01-15,0.382,0.389,0.381,0.385
2024-01-16,0.384,0.385,0.379,0.385
2024-01-17,0.383,0.385,0.375,0.376
2024-01-18,0.374,0.382,0.368,0.381
2024-01-19,0.379,0.384,0.378,0.381
2024-01-22,0.381,0.383,0.371,0.374
2024-01-23,0.372,0.378,0.371,0.375
2024-01-24,0.377,0.379,0.368,0.379
2024-01-25,0.378,0.383,0.375,0.382
2024-01-26,0.38,0.383,0.368,0.371
2024-01-29,0.371,0.373,0.36,0.36
2024-01-30,0.358,0.36,0.352,0.353
2024-01-31,0.349,0.35,0.341,0.341
2024-02-01,0.339,0.349,0.338,0.344
2024-02-02,0.345,0.347,0.325,0.334
2024-02-05,0.329,0.347,0.326,0.34
2024-02-06,0.338,0.364,0.337,0.363
2024-02-07,0.364,0.372,0.362,0.372
2024-02-08,0.372,0.375,0.365,0.368
2024-02-19,0.369,0.37,0.364,0.369
2024-02-20,0.368,0.373,0.366,0.371
2024-02-21,0.369,0.379,0.368,0.375
2024-02-22,0.374,0.376,0.372,0.376
2024-02-23,0.375,0.376,0.37,0.375
2024-02-26,0.374,0.377,0.37,0.374
2024-02-27,0.373,0.378,0.371,0.378
2024-02-28,0.378,0.385,0.372,0.372
2024-02-29,0.371,0.379,0.37,0.379
2024-03-01,0.378,0.379,0.374,0.378
2024-03-04,0.378,0.39,0.377,0.387
2024-03-05,0.384,0.387,0.382,0.386
2024-03-06,0.385,0.387,0.381,0.384
2024-03-07,0.379,0.38,0.369,0.369
2024-03-08,0.369,0.374,0.367,0.37
2024-03-11,0.37,0.38,0.369,0.38
2024-03-12,0.381,0.39,0.381,0.389
2024-03-13,0.389,0.389,0.383,0.385
2024-03-14,0.397,0.399,0.383,0.387
2024-03-15,0.384,0.39,0.38,0.384
2024-03-18,0.383,0.386,0.378,0.386
2024-03-19,0.384,0.385,0.38,0.381
2024-03-20,0.38,0.381,0.376,0.379
2024-03-21,0.379,0.38,0.375,0.376
2024-03-22,0.375,0.375,0.368,0.371
2024-03-25,0.371,0.375,0.368,0.369
2024-03-26,0.368,0.369,0.365,0.367
2024-03-27,0.367,0.369,0.363,0.363
2024-03-28,0.363,0.368,0.361,0.365
2024-03-29,0.363,0.365,0.36,0.363
2024-04-01,0.363,0.369,0.362,0.369
2024-04-02,0.368,0.368,0.362,0.363
2024-04-03,0.362,0.365,0.36,0.361
2024-04-08,0.359,0.359,0.354,0.354
2024-04-09,0.356,0.361,0.352,0.361
2024-04-10,0.359,0.36,0.354,0.355
2024-04-11,0.353,0.356,0.351,0.353
2024-04-12,0.352,0.355,0.348,0.348
2024-04-15,0.348,0.356,0.348,0.352
2024-04-16,0.35,0.352,0.347,0.348
2024-04-17,0.348,0.354,0.346,0.354
2024-04-18,0.353,0.356,0.35,0.35
2024-04-19,0.349,0.349,0.344,0.347
2024-04-22,0.347,0.352,0.347,0.349
2024-04-23,0.348,0.354,0.345,0.353
2024-04-24,0.352,0.352,0.349,0.351
2024-04-25,0.349,0.355,0.348,0.351
2024-04-26,0.35,0.36,0.35,0.359
2024-04-29,0.359,0.372,0.359,0.369
2024-04-30,0.368,0.371,0.366,0.368
2024-05-06,0.372,0.379,0.371,0.377
2024-05-07,0.378,0.378,0.375,0.377
2024-05-08,0.376,0.377,0.371,0.372
2024-05-09,0.371,0.375,0.37,0.373
2024-05-10,0.374,0.375,0.369,0.371
2024-05-13,0.374,0.375,0.369,0.371
2024-05-14,0.371,0.378,0.37,0.376
2024-05-15,0.375,0.375,0.369,0.37
2024-05-16,0.371,0.372,0.367,0.369
2024-05-17,0.37,0.372,0.365,0.369
2024-05-20,0.368,0.37,0.366,0.369
2024-05-21,0.368,0.368,0.363,0.365
2024-05-22,0.365,0.366,0.362,0.364
2024-05-23,0.363,0.364,0.359,0.359
2024-05-24,0.359,0.361,0.355,0.355
2024-05-27,0.355,0.358,0.352,0.357
2024-05-28,0.356,0.358,0.353,0.355
2024-05-29,0.355,0.357,0.353,0.355
2024-05-30,0.355,0.356,0.351,0.353
2024-05-31,0.355,0.357,0.351,0.352
2024-06-03,0.351,0.353,0.348,0.35
2024-06-04,0.349,0.357,0.349,0.357
2024-06-05,0.356,0.36,0.355,0.357
2024-06-06,0.358,0.358,0.353,0.353
2024-06-07,0.355,0.356,0.35,0.352
2024-06-11,0.351,0.354,0.348,0.353
2024-06-12,0.353,0.356,0.35,0.354
2024-06-13,0.354,0.354,0.348,0.349
2024-06-14,0.348,0.349,0.342,0.347
2024-06-17,0.345,0.348,0.344,0.347
2024-06-18,0.347,0.348,0.343,0.343
2024-06-19,0.344,0.345,0.34,0.341
2024-06-20,0.341,0.343,0.335,0.336
2024-06-21,0.335,0.336,0.331,0.334
2024-06-24,0.333,0.335,0.33,0.331
2024-06-25,0.332,0.333,0.328,0.329
2024-06-26,0.33,0.335,0.328,0.334
2024-06-27,0.334,0.334,0.328,0.329
2024-06-28,0.328,0.331,0.325,0.326
2024-07-01,0.326,0.328,0.322,0.327
2024-07-02,0.326,0.327,0.322,0.323
2024-07-03,0.323,0.326,0.32,0.322
2024-07-04,0.322,0.323,0.317,0.317
2024-07-05,0.316,0.326,0.315,0.325
2024-07-08,0.324,0.324,0.316,0.317
2024-07-09,0.317,0.32,0.313,0.319
2024-07-10,0.318,0.323,0.317,0.319
2024-07-11,0.323,0.33,0.321,0.329
2024-07-12,0.329,0.331,0.326,0.329
2024-07-15,0.327,0.329,0.324,0.326
2024-07-16,0.325,0.328,0.324,0.327
2024-07-17,0.327,0.336,0.326,0.335
2024-07-18,0.334,0.339,0.333,0.338
2024-07-19,0.337,0.341,0.336,0.341
2024-07-22,0.341,0.345,0.339,0.342
2024-07-23,0.342,0.342,0.332,0.332
2024-07-24,0.331,0.335,0.328,0.328
2024-07-25,0.326,0.33,0.325,0.328
2024-07-26,0.328,0.329,0.324,0.328
2024-07-29,0.328,0.328,0.321,0.322
2024-07-30,0.322,0.324,0.318,0.32
2024-07-31,0.319,0.335,0.319,0.334
2024-08-01,0.335,0.337,0.33,0.332
2024-08-02,0.331,0.341,0.33,0.334
2024-08-05,0.333,0.342,0.333,0.334
2024-08-06,0.335,0.34,0.334,0.338
2024-08-07,0.338,0.338,0.334,0.336
2024-08-08,0.335,0.341,0.334,0.338
2024-08-09,0.338,0.34,0.331,0.331
2024-08-12,0.331,0.338,0.33,0.336
2024-08-13,0.335,0.336,0.329,0.332
2024-08-14,0.332,0.332,0.326,0.328
2024-08-15,0.327,0.332,0.326,0.329
2024-08-16,0.329,0.33,0.325,0.329
2024-08-19,0.33,0.333,0.325,0.326
2024-08-20,0.326,0.327,0.321,0.322
2024-08-21,0.322,0.324,0.32,0.32
2024-08-22,0.321,0.323,0.318,0.318
2024-08-23,0.317,0.32,0.316,0.317
2024-08-26,0.318,0.319,0.313,0.315
2024-08-27,0.314,0.316,0.313,0.315
2024-08-28,0.314,0.316,0.312,0.314
2024-08-29,0.313,0.319,0.312,0.317
2024-08-30,0.319,0.326,0.317,0.323
2024-09-02,0.322,0.322,0.316,0.316
2024-09-03,0.315,0.323,0.315,0.32
2024-09-04,0.318,0.323,0.317,0.319
2024-09-05,0.319,0.323,0.319,0.322
2024-09-06,0.321,0.322,0.315,0.316
2024-09-09,0.316,0.32,0.314,0.316
2024-09-10,0.316,0.317,0.311,0.314
2024-09-11,0.313,0.317,0.311,0.315
2024-09-12,0.315,0.318,0.311,0.311
2024-09-13,0.311,0.313,0.309,0.31
2024-09-18,0.31,0.311,0.307,0.309
2024-09-19,0.31,0.315,0.306,0.312
2024-09-20,0.312,0.313,0.306,0.308
2024-09-23,0.311,0.314,0.307,0.307
2024-09-24,0.309,0.318,0.306,0.317
2024-09-25,0.32,0.328,0.32,0.322
2024-09-26,0.321,0.336,0.318,0.335
2024-09-27,0.341,0.365,0.341,0.363
2024-09-30,0.381,0.399,0.373,0.399
2024-10-08,0.439,0.439,0.41,0.439
2024-10-09,0.425,0.431,0.398,0.4
2024-10-10,0.403,0.414,0.392,0.4
2024-10-11,0.396,0.397,0.374,0.379
2024-10-14,0.38,0.383,0.372,0.382
2024-10-15,0.381,0.383,0.369,0.37
2024-10-16,0.365,0.368,0.36,0.363
2024-10-17,0.365,0.368,0.359,0.36
2024-10-18,0.359,0.385,0.357,0.376
2024-10-21,0.376,0.382,0.369,0.377
2024-10-22,0.375,0.384,0.374,0.381
2024-10-23,0.382,0.384,0.377,0.382
2024-10-24,0.381,0.382,0.375,0.376
2024-10-25,0.375,0.384,0.371,0.382
2024-10-28,0.382,0.386,0.378,0.385
2024-10-29,0.387,0.389,0.377,0.378
2024-10-30,0.375,0.38,0.37,0.373
2024-10-31,0.372,0.375,0.368,0.37
2024-11-01,0.369,0.376,0.368,0.371
2024-11-04,0.372,0.375,0.371,0.375
2024-11-05,0.374,0.384,0.371,0.383
2024-11-06,0.384,0.39,0.38,0.382
2024-11-07,0.38,0.398,0.379,0.397
2024-11-08,0.402,0.405,0.392,0.394
2024-11-11,0.39,0.398,0.387,0.397
2024-11-12,0.398,0.412,0.397,0.402
2024-11-13,0.4,0.404,0.394,0.399
2024-11-14,0.398,0.398,0.387,0.387
2024-11-15,0.386,0.389,0.38,0.38
2024-11-18,0.38,0.383,0.373,0.375
2024-11-19,0.377,0.38,0.371,0.379
2024-11-20,0.378,0.39,0.377,0.387
2024-11-21,0.387,0.387,0.382,0.385
2024-11-22,0.384,0.385,0.37,0.371
2024-11-25,0.371,0.374,0.365,0.368
2024-11-26,0.368,0.375,0.367,0.37
2024-11-27,0.369,0.377,0.368,0.376
2024-11-28,0.376,0.377,0.37,0.373
2024-11-29,0.372,0.381,0.372,0.377
2024-12-02,0.378,0.382,0.375,0.381
2024-12-03,0.38,0.38,0.377,0.379
2024-12-04,0.378,0.379,0.373,0.374
2024-12-05,0.374,0.374,0.37,0.373
2024-12-06,0.373,0.383,0.372,0.382
2024-12-09,0.385,0.387,0.381,0.383
2024-12-10,0.393,0.396,0.38,0.381
2024-12-11,0.38,0.383,0.379,0.381
2024-12-12,0.381,0.385,0.38,0.385
2024-12-13,0.383,0.383,0.373,0.374
2024-12-16,0.374,0.374,0.368,0.37
2024-12-17,0.37,0.372,0.368,0.369
2024-12-18,0.37,0.371,0.368,0.37
2024-12-19,0.368,0.37,0.365,0.369
2024-12-20,0.368,0.371,0.367,0.368
2024-12-23,0.368,0.37,0.365,0.366
2024-12-24,0.366,0.37,0.365,0.37
2024-12-25,0.372,0.373,0.367,0.369
2024-12-26,0.369,0.369,0.366,0.367
2024-12-27,0.366,0.368,0.365,0.366
2024-12-30,0.366,0.37,0.365,0.366
2024-12-31,0.366,0.367,0.361,0.361
2025-01-02,0.361,0.362,0.349,0.351
2025-01-03,0.352,0.354,0.346,0.348
2025-01-06,0.349,0.353,0.348,0.349
2025-01-07,0.35,0.35,0.341,0.344
2025-01-08,0.344,0.345,0.337,0.341
2025-01-09,0.341,0.344,0.339,0.341
2025-01-10,0.341,0.342,0.336,0.336
2025-01-13,0.334,0.339,0.334,0.338
2025-01-14,0.338,0.347,0.337,0.346
2025-01-15,0.346,0.346,0.341,0.343
2025-01-16,0.343,0.347,0.339,0.34
2025-01-17,0.339,0.343,0.338,0.341
2025-01-20,0.343,0.349,0.343,0.347
2025-01-21,0.348,0.349,0.343,0.346
2025-01-22,0.345,0.346,0.341,0.342
2025-01-23,0.345,0.348,0.343,0.343
2025-01-24,0.343,0.348,0.342,0.346
2025-01-27,0.346,0.349,0.345,0.346
2025-02-05,0.348,0.348,0.343,0.346
2025-02-06,0.346,0.35,0.343,0.349
2025-02-07,0.349,0.357,0.348,0.354
2025-02-10,0.354,0.357,0.352,0.357
2025-02-11,0.357,0.358,0.352,0.353
2025-02-12,0.352,0.354,0.35,0.354
2025-02-13,0.354,0.356,0.351,0.353
2025-02-14,0.353,0.363,0.352,0.362
2025-02-17,0.364,0.368,0.361,0.364
2025-02-18,0.362,0.364,0.356,0.357
2025-02-19,0.356,0.361,0.354,0.358
2025-02-20,0.358,0.369,0.358,0.365
2025-02-21,0.366,0.374,0.365,0.373
2025-02-24,0.372,0.374,0.366,0.368
2025-02-25,0.364,0.366,0.361,0.362
2025-02-26,0.364,0.367,0.362,0.367
2025-02-27,0.366,0.37,0.363,0.367
2025-02-28,0.365,0.369,0.357,0.357
2025-03-03,0.358,0.364,0.357,0.358
2025-03-04,0.357,0.36,0.355,0.359
2025-03-05,0.359,0.359,0.354,0.356
2025-03-06,0.357,0.362,0.357,0.362
2025-03-07,0.36,0.361,0.356,0.358
2025-03-10,0.359,0.362,0.355,0.359
2025-03-11,0.356,0.36,0.355,0.36
2025-03-12,0.361,0.363,0.357,0.357
2025-03-13,0.357,0.359,0.355,0.356
2025-03-14,0.357,0.367,0.356,0.366
2025-03-17,0.368,0.368,0.364,0.365
2025-03-18,0.369,0.375,0.367,0.37
2025-03-19,0.37,0.373,0.368,0.37
2025-03-20,0.371,0.371,0.365,0.366
2025-03-21,0.365,0.367,0.359,0.36
2025-03-24,0.36,0.361,0.356,0.359
2025-03-25,0.359,0.36,0.357,0.36
2025-03-26,0.36,0.363,0.358,0.359
2025-03-27,0.358,0.367,0.356,0.366
2025-03-28,0.365,0.371,0.365,0.366
2025-03-31,0.365,0.369,0.361,0.362
2025-04-01,0.364,0.376,0.363,0.374
2025-04-02,0.374,0.374,0.367,0.369
2025-04-03,0.366,0.371,0.364,0.366
2025-04-07,0.355,0.356,0.333,0.342
2025-04-08,0.343,0.347,0.339,0.344
2025-04-09,0.339,0.344,0.333,0.343
2025-04-10,0.348,0.353,0.346,0.348
2025-04-11,0.346,0.35,0.344,0.349
2025-04-14,0.35,0.353,0.348,0.35
2025-04-15,0.349,0.349,0.345,0.347
2025-04-16,0.346,0.348,0.342,0.348
2025-04-17,0.346,0.349,0.345,0.348
2025-04-18,0.348,0.35,0.345,0.347
2025-04-21,0.345,0.349,0.344,0.348
2025-04-22,0.348,0.353,0.347,0.352
2025-04-23,0.352,0.355,0.35,0.351
2025-04-24,0.352,0.355,0.35,0.352
2025-04-25,0.353,0.355,0.35,0.351
2025-04-28,0.35,0.351,0.348,0.349
2025-04-29,0.35,0.352,0.349,0.35
2025-04-30,0.35,0.356,0.349,0.354
2025-05-06,0.357,0.358,0.355,0.357
2025-05-07,0.36,0.362,0.355,0.357
2025-05-08,0.356,0.358,0.355,0.357
2025-05-09,0.357,0.36,0.356,0.358
2025-05-12,0.357,0.358,0.354,0.357
2025-05-13,0.359,0.361,0.358,0.36
2025-05-14,0.359,0.364,0.358,0.363
2025-05-15,0.363,0.365,0.362,0.363
2025-05-16,0.363,0.364,0.36,0.363
2025-05-19,0.363,0.364,0.36,0.363
2025-05-20,0.363,0.369,0.363,0.368
2025-05-21,0.367,0.373,0.366,0.371
2025-05-22,0.37,0.372,0.368,0.369
2025-05-23,0.37,0.376,0.369,0.37
2025-05-26,0.369,0.371,0.364,0.365
2025-05-27,0.365,0.369,0.365,0.367
2025-05-28,0.367,0.369,0.366,0.367
2025-05-29,0.367,0.373,0.365,0.372
2025-05-30,0.371,0.376,0.371,0.373
2025-06-03,0.372,0.377,0.371,0.375
2025-06-04,0.376,0.38,0.374,0.379
2025-06-05,0.379,0.38,0.374,0.376
2025-06-06,0.376,0.377,0.372,0.373
2025-06-09,0.373,0.382,0.373,0.378
2025-06-10,0.378,0.383,0.376,0.379
2025-06-11,0.379,0.382,0.377,0.378
2025-06-12,0.377,0.384,0.376,0.383
2025-06-13,0.382,0.386,0.376,0.377
2025-06-16,0.376,0.378,0.372,0.374
2025-06-17,0.375,0.378,0.366,0.367
2025-06-18,0.367,0.368,0.364,0.365
2025-06-19,0.365,0.367,0.36,0.361
2025-06-20,0.362,0.364,0.361,0.363
2025-06-23,0.362,0.364,0.359,0.363
2025-06-24,0.364,0.366,0.362,0.365
2025-06-25,0.366,0.369,0.363,0.369
2025-06-26,0.368,0.369,0.364,0.366
2025-06-27,0.365,0.367,0.364,0.365
2025-06-30,0.365,0.369,0.363,0.368
2025-07-01,0.368,0.371,0.368,0.37
2025-07-02,0.371,0.373,0.367,0.368
2025-07-03,0.369,0.371,0.367,0.37
2025-07-04,0.371,0.374,0.37,0.371
2025-07-07,0.372,0.373,0.366,0.367
2025-07-08,0.367,0.37,0.366,0.369
2025-07-09,0.37,0.376,0.367,0.374
2025-07-10,0.372,0.378,0.372,0.375
2025-07-11,0.377,0.384,0.376,0.381
2025-07-14,0.38,0.383,0.379,0.38
2025-07-15,0.381,0.383,0.377,0.381
2025-07-16,0.381,0.384,0.379,0.381
2025-07-17,0.381,0.387,0.38,0.387
2025-07-18,0.388,0.392,0.387,0.391
2025-07-21,0.392,0.392,0.387,0.39
2025-07-22,0.39,0.396,0.389,0.392
2025-07-23,0.392,0.397,0.391,0.393
2025-07-24,0.392,0.404,0.392,0.401
2025-07-25,0.402,0.408,0.4,0.401
2025-07-28,0.405,0.412,0.405,0.41
2025-07-29,0.415,0.424,0.41,0.421
2025-07-30,0.42,0.431,0.418,0.424
2025-07-31,0.422,0.424,0.413,0.416
2025-08-01,0.414,0.421,0.407,0.409
2025-08-04,0.406,0.409,0.4,0.409
2025-08-05,0.41,0.413,0.408,0.411
2025-08-06,0.411,0.415,0.408,0.41
2025-08-07,0.409,0.413,0.405,0.407
2025-08-08,0.406,0.408,0.402,0.406
2025-08-11,0.405,0.41,0.404,0.407
2025-08-12,0.409,0.412,0.405,0.408
2025-08-13,0.409,0.419,0.408,0.418
2025-08-14,0.419,0.423,0.413,0.415
2025-08-15,0.413,0.419,0.413,0.417
2025-08-18,0.418,0.421,0.416,0.418
2025-08-19,0.418,0.426,0.41,0.411
2025-08-20,0.409,0.415,0.407,0.415
2025-08-21,0.416,0.424,0.416,0.42
2025-08-22,0.421,0.424,0.418,0.424
2025-08-25,0.426,0.434,0.424,0.434
2025-08-26,0.433,0.433,0.428,0.429
2025-08-27,0.429,0.433,0.42,0.42
2025-08-28,0.419,0.421,0.409,0.419
2025-08-29,0.419,0.433,0.418,0.431
2025-09-01,0.433,0.448,0.431,0.446
2025-09-02,0.449,0.456,0.442,0.448
2025-09-03,0.447,0.455,0.444,0.447
2025-09-04,0.45,0.45,0.425,0.431
2025-09-05,0.431,0.448,0.429,0.446
2025-09-08,0.447,0.458,0.447,0.456
2025-09-09,0.454,0.459,0.442,0.445
2025-09-10,0.444,0.45,0.44,0.443
2025-09-11,0.435,0.441,0.422,0.44
2025-09-12,0.442,0.445,0.437,0.441
2025-09-15,0.441,0.445,0.439,0.443
2025-09-16,0.442,0.443,0.436,0.441
2025-09-17,0.441,0.446,0.438,0.445
2025-09-18,0.445,0.452,0.439,0.443
2025-09-19,0.443,0.446,0.436,0.439
2025-09-22,0.441,0.448,0.437,0.44
2025-09-23,0.44,0.44,0.426,0.432
2025-09-24,0.431,0.436,0.43,0.435
2025-09-25,0.438,0.444,0.436,0.443
2025-09-26,0.439,0.439,0.433,0.433
2025-09-29,0.432,0.436,0.425,0.435
2025-09-30,0.435,0.446,0.434,0.446
2025-10-09,0.446,0.448,0.438,0.448
2025-10-10,0.445,0.446,0.434,0.437
2025-10-13,0.425,0.429,0.421,0.426
2025-10-14,0.427,0.429,0.413,0.416
2025-10-15,0.416,0.423,0.413,0.422
2025-10-16,0.422,0.429,0.419,0.424
2025-10-17,0.423,0.425,0.414,0.415
2025-10-20,0.416,0.42,0.413,0.414
2025-10-21,0.416,0.42,0.415,0.419
2025-10-22,0.419,0.422,0.415,0.416
2025-10-23,0.415,0.417,0.41,0.416
2025-10-24,0.416,0.421,0.415,0.417
2025-10-27,0.423,0.428,0.42,0.423
2025-10-28,0.421,0.421,0.414,0.416
2025-10-29,0.415,0.42,0.412,0.42
2025-10-30,0.416,0.417,0.407,0.409
2025-10-31,0.409,0.416,0.407,0.413
2025-11-03,0.414,0.415,0.407,0.409
2025-11-04,0.408,0.409,0.399,0.402
2025-11-05,0.399,0.404,0.398,0.402
2025-11-06,0.402,0.404,0.399,0.404
2025-11-07,0.402,0.404,0.4,0.401
2025-11-10,0.402,0.406,0.399,0.405
2025-11-11,0.406,0.407,0.401,0.404
2025-11-12,0.404,0.409,0.403,0.405
2025-11-13,0.405,0.412,0.404,0.411
2025-11-14,0.409,0.413,0.407,0.408
2025-11-17,0.407,0.408,0.399,0.401
2025-11-18,0.401,0.403,0.398,0.399
2025-11-19,0.399,0.4,0.396,0.398
2025-11-20,0.399,0.401,0.394,0.394
2025-11-21,0.392,0.396,0.385,0.387
2025-11-24,0.39,0.393,0.388,0.392
2025-11-25,0.393,0.395,0.391,0.393
2025-11-26,0.394,0.398,0.393,0.394
2025-11-27,0.394,0.395,0.39,0.392
2025-11-28,0.394,0.394,0.389,0.393
2025-12-01,0.392,0.394,0.39,0.393
2025-12-02,0.393,0.394,0.387,0.388
2025-12-03,0.387,0.389,0.385,0.386
2025-12-04,0.386,0.388,0.385,0.387
2025-12-05,0.387,0.39,0.384,0.389
2025-12-08,0.391,0.394,0.389,0.391
2025-12-09,0.391,0.396,0.389,0.391
2025-12-10,0.39,0.393,0.385,0.392
2025-12-11,0.392,0.394,0.389,0.39
2025-12-12,0.39,0.392,0.387,0.391
2025-12-15,0.39,0.39,0.384,0.384
2025-12-16,0.384,0.386,0.377,0.378
2025-12-17,0.378,0.385,0.376,0.383
2025-12-18,0.382,0.386,0.381,0.383
2025-12-19,0.384,0.39,0.382,0.388
2025-12-22,0.388,0.389,0.384,0.387
2025-12-23,0.386,0.388,0.384,0.385
2025-12-24,0.384,0.387,0.383,0.384
2025-12-25,0.384,0.388,0.383,0.388
2025-12-26,0.387,0.388,0.384,0.387
2025-12-29,0.386,0.387,0.383,0.383
2025-12-30,0.383,0.383,0.38,0.381
2025-12-31,0.382,0.384,0.378,0.378
