protocol_version,stage,asset,model,horizon,seed,origin,status,block_reason
phase1-v1-2026-09-19,C_confirmation,AAPL,revin-DLinear,1,2022,legacy-fixed,planned,
phase1-v1-2026-09-19,C_confirmation,AAPL,revin-DLinear,1,2023,legacy-fixed,planned,
phase1-v1-2026-09-19,C_confirmation,AAPL,revin-DLinear,1,2024,legacy-fixed,planned,
phase1-v1-2026-09-19,C_confirmation,AAPL,revin-DLinear,24,2022,legacy-fixed,planned,
phase1-v1-2026-09-19,C_confirmation,AAPL,revin-DLinear,24,2023,legacy-fixed,planned,
phase1-v1-2026-09-19,C_confirmation,AAPL,revin-DLinear,24,2024,legacy-fixed,planned,
phase1-v1-2026-09-19,C_confirmation,AAPL,DeReFusion,1,2022,legacy-fixed,planned,
phase1-v1-2026-09-19,C_confirmation,AAPL,DeReFusion,1,2023,legacy-fixed,planned,
phase1-v1-2026-09-19,C_confirmation,AAPL,DeReFusion,1,2024,legacy-fixed,planned,
phase1-v1-2026-09-19,C_confirmation,AAPL,DeReFusion,24,2022,legacy-fixed,planned,
phase1-v1-2026-09-19,C_confirmation,AAPL,DeReFusion,24,2023,legacy-fixed,planned,
phase1-v1-2026-09-19,C_confirmation,AAPL,DeReFusion,24,2024,legacy-fixed,planned,
phase1-v1-2026-09-19,C_confirmation,AMZN,revin-DLinear,1,2022,legacy-fixed,planned,
phase1-v1-2026-09-19,C_confirmation,AMZN,revin-DLinear,1,2023,legacy-fixed,planned,
phase1-v1-2026-09-19,C_confirmation,AMZN,revin-DLinear,1,2024,legacy-fixed,planned,
phase1-v1-2026-09-19,C_confirmation,AMZN,revin-DLinear,24,2022,legacy-fixed,planned,
phase1-v1-2026-09-19,C_confirmation,AMZN,revin-DLinear,24,2023,legacy-fixed,planned,
phase1-v1-2026-09-19,C_confirmation,AMZN,revin-DLinear,24,2024,legacy-fixed,planned,
phase1-v1-2026-09-19,C_confirmation,AMZN,DeReFusion,1,2022,legacy-fixed,planned,
phase1-v1-2026-09-19,C_confirmation,AMZN,DeReFusion,1,2023,legacy-fixed,planned,
phase1-v1-2026-09-19,C_confirmation,AMZN,DeReFusion,1,2024,legacy-fixed,planned,
phase1-v1-2026-09-19,C_confirmation,AMZN,DeReFusion,24,2022,legacy-fixed,planned,
phase1-v1-2026-09-19,C_confirmation,AMZN,DeReFusion,24,2023,legacy-fixed,planned,
phase1-v1-2026-09-19,C_confirmation,AMZN,DeReFusion,24,2024,legacy-fixed,planned,
phase1-v1-2026-09-19,C_confirmation,AUDUSD,revin-DLinear,1,2022,legacy-fixed,planned,
phase1-v1-2026-09-19,C_confirmation,AUDUSD,revin-DLinear,1,2023,legacy-fixed,planned,
phase1-v1-2026-09-19,C_confirmation,AUDUSD,revin-DLinear,1,2024,legacy-fixed,planned,
phase1-v1-2026-09-19,C_confirmation,AUDUSD,revin-DLinear,24,2022,legacy-fixed,planned,
phase1-v1-2026-09-19,C_confirmation,AUDUSD,revin-DLinear,24,2023,legacy-fixed,planned,
phase1-v1-2026-09-19,C_confirmation,AUDUSD,revin-DLinear,24,2024,legacy-fixed,planned,
phase1-v1-2026-09-19,C_confirmation,AUDUSD,DeReFusion,1,2022,legacy-fixed,planned,
phase1-v1-2026-09-19,C_confirmation,AUDUSD,DeReFusion,1,2023,legacy-fixed,planned,
phase1-v1-2026-09-19,C_confirmation,AUDUSD,DeReFusion,1,2024,legacy-fixed,planned,
phase1-v1-2026-09-19,C_confirmation,AUDUSD,DeReFusion,24,2022,legacy-fixed,planned,
phase1-v1-2026-09-19,C_confirmation,AUDUSD,DeReFusion,24,2023,legacy-fixed,planned,
phase1-v1-2026-09-19,C_confirmation,AUDUSD,DeReFusion,24,2024,legacy-fixed,planned,
phase1-v1-2026-09-19,C_confirmation,BABA,revin-DLinear,1,2022,legacy-fixed,planned,
phase1-v1-2026-09-19,C_confirmation,BABA,revin-DLinear,1,2023,legacy-fixed,planned,
phase1-v1-2026-09-19,C_confirmation,BABA,revin-DLinear,1,2024,legacy-fixed,planned,
phase1-v1-2026-09-19,C_confirmation,BABA,revin-DLinear,24,2022,legacy-fixed,planned,
phase1-v1-2026-09-19,C_confirmation,BABA,revin-DLinear,24,2023,legacy-fixed,planned,
phase1-v1-2026-09-19,C_confirmation,BABA,revin-DLinear,24,2024,legacy-fixed,planned,
phase1-v1-2026-09-19,C_confirmation,BABA,DeReFusion,1,2022,legacy-fixed,planned,
phase1-v1-2026-09-19,C_confirmation,BABA,DeReFusion,1,2023,legacy-fixed,planned,
phase1-v1-2026-09-19,C_confirmation,BABA,DeReFusion,1,2024,legacy-fixed,planned,
phase1-v1-2026-09-19,C_confirmation,BABA,DeReFusion,24,2022,legacy-fixed,planned,
phase1-v1-2026-09-19,C_confirmation,BABA,DeReFusion,24,2023,legacy-fixed,planned,
phase1-v1-2026-09-19,C_confirmation,BABA,DeReFusion,24,2024,legacy-fixed,planned,
phase1-v1-2026-09-19,C_confirmation,BTCUSD,revin-DLinear,1,2022,legacy-fixed,planned,
phase1-v1-2026-09-19,C_confirmation,BTCUSD,revin-DLinear,1,2023,legacy-fixed,planned,
phase1-v1-2026-09-19,C_confirmation,BTCUSD,revin-DLinear,1,2024,legacy-fixed,planned,
phase1-v1-2026-09-19,C_confirmation,BTCUSD,revin-DLinear,24,2022,legacy-fixed,planned,
phase1-v1-2026-09-19,C_confirmation,BTCUSD,revin-DLinear,24,2023,legacy-fixed,planned,
phase1-v1-2026-09-19,C_confirmation,BTCUSD,revin-DLinear,24,2024,legacy-fixed,planned,
phase1-v1-2026-09-19,C_confirmation,BTCUSD,DeReFusion,1,2022,legacy-fixed,planned,
phase1-v1-2026-09-19,C_confirmation,BTCUSD,DeReFusion,1,2023,legacy-fixed,planned,
phase1-v1-2026-09-19,C_confirmation,BTCUSD,DeReFusion,1,2024,legacy-fixed,planned,
phase1-v1-2026-09-19,C_confirmation,BTCUSD,DeReFusion,24,2022,legacy-fixed,planned,
phase1-v1-2026-09-19,C_confirmation,BTCUSD,DeReFusion,24,2023,legacy-fixed,planned,
phase1-v1-2026-09-19,C_confirmation,BTCUSD,DeReFusion,24,2024,legacy-fixed,planned,
phase1-v1-2026-09-19,C_confirmation,DJI,revin-DLinear,1,2022,legacy-fixed,planned,
phase1-v1-2026-09-19,C_confirmation,DJI,revin-DLinear,1,2023,legacy-fixed,planned,
phase1-v1-2026-09-19,C_confirmation,DJI,revin-DLinear,1,2024,legacy-fixed,planned,
phase1-v1-2026-09-19,C_confirmation,DJI,revin-DLinear,24,2022,legacy-fixed,planned,
phase1-v1-2026-09-19,C_confirmation,DJI,revin-DLinear,24,2023,legacy-fixed,planned,
phase1-v1-2026-09-19,C_confirmation,DJI,revin-DLinear,24,2024,legacy-fixed,planned,
phase1-v1-2026-09-19,C_confirmation,DJI,DeReFusion,1,2022,legacy-fixed,planned,
phase1-v1-2026-09-19,C_confirmation,DJI,DeReFusion,1,2023,legacy-fixed,planned,
phase1-v1-2026-09-19,C_confirmation,DJI,DeReFusion,1,2024,legacy-fixed,planned,
phase1-v1-2026-09-19,C_confirmation,DJI,DeReFusion,24,2022,legacy-fixed,planned,
phase1-v1-2026-09-19,C_confirmation,DJI,DeReFusion,24,2023,legacy-fixed,planned,
phase1-v1-2026-09-19,C_confirmation,DJI,DeReFusion,24,2024,legacy-fixed,planned,
phase1-v1-2026-09-19,C_confirmation,ETHUSD,revin-DLinear,1,2022,legacy-fixed,planned,
phase1-v1-2026-09-19,C_confirmation,ETHUSD,revin-DLinear,1,2023,legacy-fixed,planned,
phase1-v1-2026-09-19,C_confirmation,ETHUSD,revin-DLinear,1,2024,legacy-fixed,planned,
phase1-v1-2026-09-19,C_confirmation,ETHUSD,revin-DLinear,24,2022,legacy-fixed,planned,
phase1-v1-2026-09-19,C_confirmation,ETHUSD,revin-DLinear,24,2023,legacy-fixed,planned,
phase1-v1-2026-09-19,C_confirmation,ETHUSD,revin-DLinear,24,2024,legacy-fixed,planned,
phase1-v1-2026-09-19,C_confirmation,ETHUSD,DeReFusion,1,2022,legacy-fixed,planned,
phase1-v1-2026-09-19,C_confirmation,ETHUSD,DeReFusion,1,2023,legacy-fixed,planned,
phase1-v1-2026-09-19,C_confirmation,ETHUSD,DeReFusion,1,2024,legacy-fixed,planned,
phase1-v1-2026-09-19,C_confirmation,ETHUSD,DeReFusion,24,2022,legacy-fixed,planned,
phase1-v1-2026-09-19,C_confirmation,ETHUSD,DeReFusion,24,2023,legacy-fixed,planned,
phase1-v1-2026-09-19,C_confirmation,ETHUSD,DeReFusion,24,2024,legacy-fixed,planned,
phase1-v1-2026-09-19,C_confirmation,EURUSD,revin-DLinear,1,2022,legacy-fixed,planned,
phase1-v1-2026-09-19,C_confirmation,EURUSD,revin-DLinear,1,2023,legacy-fixed,planned,
phase1-v1-2026-09-19,C_confirmation,EURUSD,revin-DLinear,1,2024,legacy-fixed,planned,
phase1-v1-2026-09-19,C_confirmation,EURUSD,revin-DLinear,24,2022,legacy-fixed,planned,
phase1-v1-2026-09-19,C_confirmation,EURUSD,revin-DLinear,24,2023,legacy-fixed,planned,
phase1-v1-2026-09-19,C_confirmation,EURUSD,revin-DLinear,24,2024,legacy-fixed,planned,
phase1-v1-2026-09-19,C_confirmation,EURUSD,DeReFusion,1,2022,legacy-fixed,planned,
phase1-v1-2026-09-19,C_confirmation,EURUSD,DeReFusion,1,2023,legacy-fixed,planned,
phase1-v1-2026-09-19,C_confirmation,EURUSD,DeReFusion,1,2024,legacy-fixed,planned,
phase1-v1-2026-09-19,C_confirmation,EURUSD,DeReFusion,24,2022,legacy-fixed,planned,
phase1-v1-2026-09-19,C_confirmation,EURUSD,DeReFusion,24,2023,legacy-fixed,planned,
phase1-v1-2026-09-19,C_confirmation,EURUSD,DeReFusion,24,2024,legacy-fixed,planned,
phase1-v1-2026-09-19,C_confirmation,FTSE,revin-DLinear,1,2022,legacy-fixed,planned,
phase1-v1-2026-09-19,C_confirmation,FTSE,revin-DLinear,1,2023,legacy-fixed,planned,
phase1-v1-2026-09-19,C_confirmation,FTSE,revin-DLinear,1,2024,legacy-fixed,planned,
phase1-v1-2026-09-19,C_confirmation,FTSE,revin-DLinear,24,2022,legacy-fixed,planned,
phase1-v1-2026-09-19,C_confirmation,FTSE,revin-DLinear,24,2023,legacy-fixed,planned,
phase1-v1-2026-09-19,C_confirmation,FTSE,revin-DLinear,24,2024,legacy-fixed,planned,
phase1-v1-2026-09-19,C_confirmation,FTSE,DeReFusion,1,2022,legacy-fixed,planned,
phase1-v1-2026-09-19,C_confirmation,FTSE,DeReFusion,1,2023,legacy-fixed,planned,
phase1-v1-2026-09-19,C_confirmation,FTSE,DeReFusion,1,2024,legacy-fixed,planned,
phase1-v1-2026-09-19,C_confirmation,FTSE,DeReFusion,24,2022,legacy-fixed,planned,
phase1-v1-2026-09-19,C_confirmation,FTSE,DeReFusion,24,2023,legacy-fixed,planned,
phase1-v1-2026-09-19,C_confirmation,FTSE,DeReFusion,24,2024,legacy-fixed,planned,
phase1-v1-2026-09-19,C_confirmation,GBPUSD,revin-DLinear,1,2022,legacy-fixed,planned,
phase1-v1-2026-09-19,C_confirmation,GBPUSD,revin-DLinear,1,2023,legacy-fixed,planned,
phase1-v1-2026-09-19,C_confirmation,GBPUSD,revin-DLinear,1,2024,legacy-fixed,planned,
phase1-v1-2026-09-19,C_confirmation,GBPUSD,revin-DLinear,24,2022,legacy-fixed,planned,
phase1-v1-2026-09-19,C_confirmation,GBPUSD,revin-DLinear,24,2023,legacy-fixed,planned,
phase1-v1-2026-09-19,C_confirmation,GBPUSD,revin-DLinear,24,2024,legacy-fixed,planned,
phase1-v1-2026-09-19,C_confirmation,GBPUSD,DeReFusion,1,2022,legacy-fixed,planned,
phase1-v1-2026-09-19,C_confirmation,GBPUSD,DeReFusion,1,2023,legacy-fixed,planned,
phase1-v1-2026-09-19,C_confirmation,GBPUSD,DeReFusion,1,2024,legacy-fixed,planned,
phase1-v1-2026-09-19,C_confirmation,GBPUSD,DeReFusion,24,2022,legacy-fixed,planned,
phase1-v1-2026-09-19,C_confirmation,GBPUSD,DeReFusion,24,2023,legacy-fixed,planned,
phase1-v1-2026-09-19,C_confirmation,GBPUSD,DeReFusion,24,2024,legacy-fixed,planned,
phase1-v1-2026-09-19,C_confirmation,GDAXI,revin-DLinear,1,2022,legacy-fixed,planned,
phase1-v1-2026-09-19,C_confirmation,GDAXI,revin-DLinear,1,2023,legacy-fixed,planned,
phase1-v1-2026-09-19,C_confirmation,GDAXI,revin-DLinear,1,2024,legacy-fixed,planned,
phase1-v1-2026-09-19,C_confirmation,GDAXI,revin-DLinear,24,2022,legacy-fixed,planned,
phase1-v1-2026-09-19,C_confirmation,GDAXI,revin-DLinear,24,2023,legacy-fixed,planned,
phase1-v1-2026-09-19,C_confirmation,GDAXI,revin-DLinear,24,2024,legacy-fixed,planned,
phase1-v1-2026-09-19,C_confirmation,GDAXI,DeReFusion,1,2022,legacy-fixed,planned,
phase1-v1-2026-09-19,C_confirmation,GDAXI,DeReFusion,1,2023,legacy-fixed,planned,
phase1-v1-2026-09-19,C_confirmation,GDAXI,DeReFusion,1,2024,legacy-fixed,planned,
phase1-v1-2026-09-19,C_confirmation,GDAXI,DeReFusion,24,2022,legacy-fixed,planned,
phase1-v1-2026-09-19,C_confirmation,GDAXI,DeReFusion,24,2023,legacy-fixed,planned,
phase1-v1-2026-09-19,C_confirmation,GDAXI,DeReFusion,24,2024,legacy-fixed,planned,
phase1-v1-2026-09-19,C_confirmation,GLD,revin-DLinear,1,2022,legacy-fixed,planned,
phase1-v1-2026-09-19,C_confirmation,GLD,revin-DLinear,1,2023,legacy-fixed,planned,
phase1-v1-2026-09-19,C_confirmation,GLD,revin-DLinear,1,2024,legacy-fixed,planned,
phase1-v1-2026-09-19,C_confirmation,GLD,revin-DLinear,24,2022,legacy-fixed,planned,
phase1-v1-2026-09-19,C_confirmation,GLD,revin-DLinear,24,2023,legacy-fixed,planned,
phase1-v1-2026-09-19,C_confirmation,GLD,revin-DLinear,24,2024,legacy-fixed,planned,
phase1-v1-2026-09-19,C_confirmation,GLD,DeReFusion,1,2022,legacy-fixed,planned,
phase1-v1-2026-09-19,C_confirmation,GLD,DeReFusion,1,2023,legacy-fixed,planned,
phase1-v1-2026-09-19,C_confirmation,GLD,DeReFusion,1,2024,legacy-fixed,planned,
phase1-v1-2026-09-19,C_confirmation,GLD,DeReFusion,24,2022,legacy-fixed,planned,
phase1-v1-2026-09-19,C_confirmation,GLD,DeReFusion,24,2023,legacy-fixed,planned,
phase1-v1-2026-09-19,C_confirmation,GLD,DeReFusion,24,2024,legacy-fixed,planned,
phase1-v1-2026-09-19,C_confirmation,GOLD,revin-DLinear,1,2022,legacy-fixed,planned,
phase1-v1-2026-09-19,C_confirmation,GOLD,revin-DLinear,1,2023,legacy-fixed,planned,
phase1-v1-2026-09-19,C_confirmation,GOLD,revin-DLinear,1,2024,legacy-fixed,planned,
phase1-v1-2026-09-19,C_confirmation,GOLD,revin-DLinear,24,2022,legacy-fixed,planned,
phase1-v1-2026-09-19,C_confirmation,GOLD,revin-DLinear,24,2023,legacy-fixed,planned,
phase1-v1-2026-09-19,C_confirmation,GOLD,revin-DLinear,24,2024,legacy-fixed,planned,
phase1-v1-2026-09-19,C_confirmation,GOLD,DeReFusion,1,2022,legacy-fixed,planned,
phase1-v1-2026-09-19,C_confirmation,GOLD,DeReFusion,1,2023,legacy-fixed,planned,
phase1-v1-2026-09-19,C_confirmation,GOLD,DeReFusion,1,2024,legacy-fixed,planned,
phase1-v1-2026-09-19,C_confirmation,GOLD,DeReFusion,24,2022,legacy-fixed,planned,
phase1-v1-2026-09-19,C_confirmation,GOLD,DeReFusion,24,2023,legacy-fixed,planned,
phase1-v1-2026-09-19,C_confirmation,GOLD,DeReFusion,24,2024,legacy-fixed,planned,
phase1-v1-2026-09-19,C_confirmation,GSPC,revin-DLinear,1,2022,legacy-fixed,planned,
phase1-v1-2026-09-19,C_confirmation,GSPC,revin-DLinear,1,2023,legacy-fixed,planned,
phase1-v1-2026-09-19,C_confirmation,GSPC,revin-DLinear,1,2024,legacy-fixed,planned,
phase1-v1-2026-09-19,C_confirmation,GSPC,revin-DLinear,24,2022,legacy-fixed,planned,
phase1-v1-2026-09-19,C_confirmation,GSPC,revin-DLinear,24,2023,legacy-fixed,planned,
phase1-v1-2026-09-19,C_confirmation,GSPC,revin-DLinear,24,2024,legacy-fixed,planned,
phase1-v1-2026-09-19,C_confirmation,GSPC,DeReFusion,1,2022,legacy-fixed,planned,
phase1-v1-2026-09-19,C_confirmation,GSPC,DeReFusion,1,2023,legacy-fixed,planned,
phase1-v1-2026-09-19,C_confirmation,GSPC,DeReFusion,1,2024,legacy-fixed,planned,
phase1-v1-2026-09-19,C_confirmation,GSPC,DeReFusion,24,2022,legacy-fixed,planned,
phase1-v1-2026-09-19,C_confirmation,GSPC,DeReFusion,24,2023,legacy-fixed,planned,
phase1-v1-2026-09-19,C_confirmation,GSPC,DeReFusion,24,2024,legacy-fixed,planned,
phase1-v1-2026-09-19,C_confirmation,HSI,revin-DLinear,1,2022,legacy-fixed,planned,
phase1-v1-2026-09-19,C_confirmation,HSI,revin-DLinear,1,2023,legacy-fixed,planned,
phase1-v1-2026-09-19,C_confirmation,HSI,revin-DLinear,1,2024,legacy-fixed,planned,
phase1-v1-2026-09-19,C_confirmation,HSI,revin-DLinear,24,2022,legacy-fixed,planned,
phase1-v1-2026-09-19,C_confirmation,HSI,revin-DLinear,24,2023,legacy-fixed,planned,
phase1-v1-2026-09-19,C_confirmation,HSI,revin-DLinear,24,2024,legacy-fixed,planned,
phase1-v1-2026-09-19,C_confirmation,HSI,DeReFusion,1,2022,legacy-fixed,planned,
phase1-v1-2026-09-19,C_confirmation,HSI,DeReFusion,1,2023,legacy-fixed,planned,
phase1-v1-2026-09-19,C_confirmation,HSI,DeReFusion,1,2024,legacy-fixed,planned,
phase1-v1-2026-09-19,C_confirmation,HSI,DeReFusion,24,2022,legacy-fixed,planned,
phase1-v1-2026-09-19,C_confirmation,HSI,DeReFusion,24,2023,legacy-fixed,planned,
phase1-v1-2026-09-19,C_confirmation,HSI,DeReFusion,24,2024,legacy-fixed,planned,
phase1-v1-2026-09-19,C_confirmation,JPM,revin-DLinear,1,2022,legacy-fixed,planned,
phase1-v1-2026-09-19,C_confirmation,JPM,revin-DLinear,1,2023,legacy-fixed,planned,
phase1-v1-2026-09-19,C_confirmation,JPM,revin-DLinear,1,2024,legacy-fixed,planned,
phase1-v1-2026-09-19,C_confirmation,JPM,revin-DLinear,24,2022,legacy-fixed,planned,
phase1-v1-2026-09-19,C_confirmation,JPM,revin-DLinear,24,2023,legacy-fixed,planned,
phase1-v1-2026-09-19,C_confirmation,JPM,revin-DLinear,24,2024,legacy-fixed,planned,
phase1-v1-2026-09-19,C_confirmation,JPM,DeReFusion,1,2022,legacy-fixed,planned,
phase1-v1-2026-09-19,C_confirmation,JPM,DeReFusion,1,2023,legacy-fixed,planned,
phase1-v1-2026-09-19,C_confirmation,JPM,DeReFusion,1,2024,legacy-fixed,planned,
phase1-v1-2026-09-19,C_confirmation,JPM,DeReFusion,24,2022,legacy-fixed,planned,
phase1-v1-2026-09-19,C_confirmation,JPM,DeReFusion,24,2023,legacy-fixed,planned,
phase1-v1-2026-09-19,C_confirmation,JPM,DeReFusion,24,2024,legacy-fixed,planned,
phase1-v1-2026-09-19,C_confirmation,META,revin-DLinear,1,2022,legacy-fixed,planned,
phase1-v1-2026-09-19,C_confirmation,META,revin-DLinear,1,2023,legacy-fixed,planned,
phase1-v1-2026-09-19,C_confirmation,META,revin-DLinear,1,2024,legacy-fixed,planned,
phase1-v1-2026-09-19,C_confirmation,META,revin-DLinear,24,2022,legacy-fixed,planned,
phase1-v1-2026-09-19,C_confirmation,META,revin-DLinear,24,2023,legacy-fixed,planned,
phase1-v1-2026-09-19,C_confirmation,META,revin-DLinear,24,2024,legacy-fixed,planned,
phase1-v1-2026-09-19,C_confirmation,META,DeReFusion,1,2022,legacy-fixed,planned,
phase1-v1-2026-09-19,C_confirmation,META,DeReFusion,1,2023,legacy-fixed,planned,
phase1-v1-2026-09-19,C_confirmation,META,DeReFusion,1,2024,legacy-fixed,planned,
phase1-v1-2026-09-19,C_confirmation,META,DeReFusion,24,2022,legacy-fixed,planned,
phase1-v1-2026-09-19,C_confirmation,META,DeReFusion,24,2023,legacy-fixed,planned,
phase1-v1-2026-09-19,C_confirmation,META,DeReFusion,24,2024,legacy-fixed,planned,
phase1-v1-2026-09-19,C_confirmation,MSFT,revin-DLinear,1,2022,legacy-fixed,planned,
phase1-v1-2026-09-19,C_confirmation,MSFT,revin-DLinear,1,2023,legacy-fixed,planned,
phase1-v1-2026-09-19,C_confirmation,MSFT,revin-DLinear,1,2024,legacy-fixed,planned,
phase1-v1-2026-09-19,C_confirmation,MSFT,revin-DLinear,24,2022,legacy-fixed,planned,
phase1-v1-2026-09-19,C_confirmation,MSFT,revin-DLinear,24,2023,legacy-fixed,planned,
phase1-v1-2026-09-19,C_confirmation,MSFT,revin-DLinear,24,2024,legacy-fixed,planned,
phase1-v1-2026-09-19,C_confirmation,MSFT,DeReFusion,1,2022,legacy-fixed,planned,
phase1-v1-2026-09-19,C_confirmation,MSFT,DeReFusion,1,2023,legacy-fixed,planned,
phase1-v1-2026-09-19,C_confirmation,MSFT,DeReFusion,1,2024,legacy-fixed,planned,
phase1-v1-2026-09-19,C_confirmation,MSFT,DeReFusion,24,2022,legacy-fixed,planned,
phase1-v1-2026-09-19,C_confirmation,MSFT,DeReFusion,24,2023,legacy-fixed,planned,
phase1-v1-2026-09-19,C_confirmation,MSFT,DeReFusion,24,2024,legacy-fixed,planned,
phase1-v1-2026-09-19,C_confirmation,N225,revin-DLinear,1,2022,legacy-fixed,planned,
phase1-v1-2026-09-19,C_confirmation,N225,revin-DLinear,1,2023,legacy-fixed,planned,
phase1-v1-2026-09-19,C_confirmation,N225,revin-DLinear,1,2024,legacy-fixed,planned,
phase1-v1-2026-09-19,C_confirmation,N225,revin-DLinear,24,2022,legacy-fixed,planned,
phase1-v1-2026-09-19,C_confirmation,N225,revin-DLinear,24,2023,legacy-fixed,planned,
phase1-v1-2026-09-19,C_confirmation,N225,revin-DLinear,24,2024,legacy-fixed,planned,
phase1-v1-2026-09-19,C_confirmation,N225,DeReFusion,1,2022,legacy-fixed,planned,
phase1-v1-2026-09-19,C_confirmation,N225,DeReFusion,1,2023,legacy-fixed,planned,
phase1-v1-2026-09-19,C_confirmation,N225,DeReFusion,1,2024,legacy-fixed,planned,
phase1-v1-2026-09-19,C_confirmation,N225,DeReFusion,24,2022,legacy-fixed,planned,
phase1-v1-2026-09-19,C_confirmation,N225,DeReFusion,24,2023,legacy-fixed,planned,
phase1-v1-2026-09-19,C_confirmation,N225,DeReFusion,24,2024,legacy-fixed,planned,
phase1-v1-2026-09-19,C_confirmation,NVO,revin-DLinear,1,2022,legacy-fixed,planned,
phase1-v1-2026-09-19,C_confirmation,NVO,revin-DLinear,1,2023,legacy-fixed,planned,
phase1-v1-2026-09-19,C_confirmation,NVO,revin-DLinear,1,2024,legacy-fixed,planned,
phase1-v1-2026-09-19,C_confirmation,NVO,revin-DLinear,24,2022,legacy-fixed,planned,
phase1-v1-2026-09-19,C_confirmation,NVO,revin-DLinear,24,2023,legacy-fixed,planned,
phase1-v1-2026-09-19,C_confirmation,NVO,revin-DLinear,24,2024,legacy-fixed,planned,
phase1-v1-2026-09-19,C_confirmation,NVO,DeReFusion,1,2022,legacy-fixed,planned,
phase1-v1-2026-09-19,C_confirmation,NVO,DeReFusion,1,2023,legacy-fixed,planned,
phase1-v1-2026-09-19,C_confirmation,NVO,DeReFusion,1,2024,legacy-fixed,planned,
phase1-v1-2026-09-19,C_confirmation,NVO,DeReFusion,24,2022,legacy-fixed,planned,
phase1-v1-2026-09-19,C_confirmation,NVO,DeReFusion,24,2023,legacy-fixed,planned,
phase1-v1-2026-09-19,C_confirmation,NVO,DeReFusion,24,2024,legacy-fixed,planned,
phase1-v1-2026-09-19,C_confirmation,RUT,revin-DLinear,1,2022,legacy-fixed,planned,
phase1-v1-2026-09-19,C_confirmation,RUT,revin-DLinear,1,2023,legacy-fixed,planned,
phase1-v1-2026-09-19,C_confirmation,RUT,revin-DLinear,1,2024,legacy-fixed,planned,
phase1-v1-2026-09-19,C_confirmation,RUT,revin-DLinear,24,2022,legacy-fixed,planned,
phase1-v1-2026-09-19,C_confirmation,RUT,revin-DLinear,24,2023,legacy-fixed,planned,
phase1-v1-2026-09-19,C_confirmation,RUT,revin-DLinear,24,2024,legacy-fixed,planned,
phase1-v1-2026-09-19,C_confirmation,RUT,DeReFusion,1,2022,legacy-fixed,planned,
phase1-v1-2026-09-19,C_confirmation,RUT,DeReFusion,1,2023,legacy-fixed,planned,
phase1-v1-2026-09-19,C_confirmation,RUT,DeReFusion,1,2024,legacy-fixed,planned,
phase1-v1-2026-09-19,C_confirmation,RUT,DeReFusion,24,2022,legacy-fixed,planned,
phase1-v1-2026-09-19,C_confirmation,RUT,DeReFusion,24,2023,legacy-fixed,planned,
phase1-v1-2026-09-19,C_confirmation,RUT,DeReFusion,24,2024,legacy-fixed,planned,
phase1-v1-2026-09-19,C_confirmation,SOX,revin-DLinear,1,2022,legacy-fixed,planned,
phase1-v1-2026-09-19,C_confirmation,SOX,revin-DLinear,1,2023,legacy-fixed,planned,
phase1-v1-2026-09-19,C_confirmation,SOX,revin-DLinear,1,2024,legacy-fixed,planned,
phase1-v1-2026-09-19,C_confirmation,SOX,revin-DLinear,24,2022,legacy-fixed,planned,
phase1-v1-2026-09-19,C_confirmation,SOX,revin-DLinear,24,2023,legacy-fixed,planned,
phase1-v1-2026-09-19,C_confirmation,SOX,revin-DLinear,24,2024,legacy-fixed,planned,
phase1-v1-2026-09-19,C_confirmation,SOX,DeReFusion,1,2022,legacy-fixed,planned,
phase1-v1-2026-09-19,C_confirmation,SOX,DeReFusion,1,2023,legacy-fixed,planned,
phase1-v1-2026-09-19,C_confirmation,SOX,DeReFusion,1,2024,legacy-fixed,planned,
phase1-v1-2026-09-19,C_confirmation,SOX,DeReFusion,24,2022,legacy-fixed,planned,
phase1-v1-2026-09-19,C_confirmation,SOX,DeReFusion,24,2023,legacy-fixed,planned,
phase1-v1-2026-09-19,C_confirmation,SOX,DeReFusion,24,2024,legacy-fixed,planned,
phase1-v1-2026-09-19,C_confirmation,TLT,revin-DLinear,1,2022,legacy-fixed,planned,
phase1-v1-2026-09-19,C_confirmation,TLT,revin-DLinear,1,2023,legacy-fixed,planned,
phase1-v1-2026-09-19,C_confirmation,TLT,revin-DLinear,1,2024,legacy-fixed,planned,
phase1-v1-2026-09-19,C_confirmation,TLT,revin-DLinear,24,2022,legacy-fixed,planned,
phase1-v1-2026-09-19,C_confirmation,TLT,revin-DLinear,24,2023,legacy-fixed,planned,
phase1-v1-2026-09-19,C_confirmation,TLT,revin-DLinear,24,2024,legacy-fixed,planned,
phase1-v1-2026-09-19,C_confirmation,TLT,DeReFusion,1,2022,legacy-fixed,planned,
phase1-v1-2026-09-19,C_confirmation,TLT,DeReFusion,1,2023,legacy-fixed,planned,
phase1-v1-2026-09-19,C_confirmation,TLT,DeReFusion,1,2024,legacy-fixed,planned,
phase1-v1-2026-09-19,C_confirmation,TLT,DeReFusion,24,2022,legacy-fixed,planned,
phase1-v1-2026-09-19,C_confirmation,TLT,DeReFusion,24,2023,legacy-fixed,planned,
phase1-v1-2026-09-19,C_confirmation,TLT,DeReFusion,24,2024,legacy-fixed,planned,
phase1-v1-2026-09-19,C_confirmation,TM,revin-DLinear,1,2022,legacy-fixed,planned,
phase1-v1-2026-09-19,C_confirmation,TM,revin-DLinear,1,2023,legacy-fixed,planned,
phase1-v1-2026-09-19,C_confirmation,TM,revin-DLinear,1,2024,legacy-fixed,planned,
phase1-v1-2026-09-19,C_confirmation,TM,revin-DLinear,24,2022,legacy-fixed,planned,
phase1-v1-2026-09-19,C_confirmation,TM,revin-DLinear,24,2023,legacy-fixed,planned,
phase1-v1-2026-09-19,C_confirmation,TM,revin-DLinear,24,2024,legacy-fixed,planned,
phase1-v1-2026-09-19,C_confirmation,TM,DeReFusion,1,2022,legacy-fixed,planned,
phase1-v1-2026-09-19,C_confirmation,TM,DeReFusion,1,2023,legacy-fixed,planned,
phase1-v1-2026-09-19,C_confirmation,TM,DeReFusion,1,2024,legacy-fixed,planned,
phase1-v1-2026-09-19,C_confirmation,TM,DeReFusion,24,2022,legacy-fixed,planned,
phase1-v1-2026-09-19,C_confirmation,TM,DeReFusion,24,2023,legacy-fixed,planned,
phase1-v1-2026-09-19,C_confirmation,TM,DeReFusion,24,2024,legacy-fixed,planned,
phase1-v1-2026-09-19,C_confirmation,TSLA,revin-DLinear,1,2022,legacy-fixed,planned,
phase1-v1-2026-09-19,C_confirmation,TSLA,revin-DLinear,1,2023,legacy-fixed,planned,
phase1-v1-2026-09-19,C_confirmation,TSLA,revin-DLinear,1,2024,legacy-fixed,planned,
phase1-v1-2026-09-19,C_confirmation,TSLA,revin-DLinear,24,2022,legacy-fixed,planned,
phase1-v1-2026-09-19,C_confirmation,TSLA,revin-DLinear,24,2023,legacy-fixed,planned,
phase1-v1-2026-09-19,C_confirmation,TSLA,revin-DLinear,24,2024,legacy-fixed,planned,
phase1-v1-2026-09-19,C_confirmation,TSLA,DeReFusion,1,2022,legacy-fixed,planned,
phase1-v1-2026-09-19,C_confirmation,TSLA,DeReFusion,1,2023,legacy-fixed,planned,
phase1-v1-2026-09-19,C_confirmation,TSLA,DeReFusion,1,2024,legacy-fixed,planned,
phase1-v1-2026-09-19,C_confirmation,TSLA,DeReFusion,24,2022,legacy-fixed,planned,
phase1-v1-2026-09-19,C_confirmation,TSLA,DeReFusion,24,2023,legacy-fixed,planned,
phase1-v1-2026-09-19,C_confirmation,TSLA,DeReFusion,24,2024,legacy-fixed,planned,
phase1-v1-2026-09-19,C_confirmation,USDCAD,revin-DLinear,1,2022,legacy-fixed,planned,
phase1-v1-2026-09-19,C_confirmation,USDCAD,revin-DLinear,1,2023,legacy-fixed,planned,
phase1-v1-2026-09-19,C_confirmation,USDCAD,revin-DLinear,1,2024,legacy-fixed,planned,
phase1-v1-2026-09-19,C_confirmation,USDCAD,revin-DLinear,24,2022,legacy-fixed,planned,
phase1-v1-2026-09-19,C_confirmation,USDCAD,revin-DLinear,24,2023,legacy-fixed,planned,
phase1-v1-2026-09-19,C_confirmation,USDCAD,revin-DLinear,24,2024,legacy-fixed,planned,
phase1-v1-2026-09-19,C_confirmation,USDCAD,DeReFusion,1,2022,legacy-fixed,planned,
phase1-v1-2026-09-19,C_confirmation,USDCAD,DeReFusion,1,2023,legacy-fixed,planned,
phase1-v1-2026-09-19,C_confirmation,USDCAD,DeReFusion,1,2024,legacy-fixed,planned,
phase1-v1-2026-09-19,C_confirmation,USDCAD,DeReFusion,24,2022,legacy-fixed,planned,
phase1-v1-2026-09-19,C_confirmation,USDCAD,DeReFusion,24,2023,legacy-fixed,planned,
phase1-v1-2026-09-19,C_confirmation,USDCAD,DeReFusion,24,2024,legacy-fixed,planned,
phase1-v1-2026-09-19,C_confirmation,USDJPY,revin-DLinear,1,2022,legacy-fixed,planned,
phase1-v1-2026-09-19,C_confirmation,USDJPY,revin-DLinear,1,2023,legacy-fixed,planned,
phase1-v1-2026-09-19,C_confirmation,USDJPY,revin-DLinear,1,2024,legacy-fixed,planned,
phase1-v1-2026-09-19,C_confirmation,USDJPY,revin-DLinear,24,2022,legacy-fixed,planned,
phase1-v1-2026-09-19,C_confirmation,USDJPY,revin-DLinear,24,2023,legacy-fixed,planned,
phase1-v1-2026-09-19,C_confirmation,USDJPY,revin-DLinear,24,2024,legacy-fixed,planned,
phase1-v1-2026-09-19,C_confirmation,USDJPY,DeReFusion,1,2022,legacy-fixed,planned,
phase1-v1-2026-09-19,C_confirmation,USDJPY,DeReFusion,1,2023,legacy-fixed,planned,
phase1-v1-2026-09-19,C_confirmation,USDJPY,DeReFusion,1,2024,legacy-fixed,planned,
phase1-v1-2026-09-19,C_confirmation,USDJPY,DeReFusion,24,2022,legacy-fixed,planned,
phase1-v1-2026-09-19,C_confirmation,USDJPY,DeReFusion,24,2023,legacy-fixed,planned,
phase1-v1-2026-09-19,C_confirmation,USDJPY,DeReFusion,24,2024,legacy-fixed,planned,
phase1-v1-2026-09-19,C_confirmation,WMT,revin-DLinear,1,2022,legacy-fixed,planned,
phase1-v1-2026-09-19,C_confirmation,WMT,revin-DLinear,1,2023,legacy-fixed,planned,
phase1-v1-2026-09-19,C_confirmation,WMT,revin-DLinear,1,2024,legacy-fixed,planned,
phase1-v1-2026-09-19,C_confirmation,WMT,revin-DLinear,24,2022,legacy-fixed,planned,
phase1-v1-2026-09-19,C_confirmation,WMT,revin-DLinear,24,2023,legacy-fixed,planned,
phase1-v1-2026-09-19,C_confirmation,WMT,revin-DLinear,24,2024,legacy-fixed,planned,
phase1-v1-2026-09-19,C_confirmation,WMT,DeReFusion,1,2022,legacy-fixed,planned,
phase1-v1-2026-09-19,C_confirmation,WMT,DeReFusion,1,2023,legacy-fixed,planned,
phase1-v1-2026-09-19,C_confirmation,WMT,DeReFusion,1,2024,legacy-fixed,planned,
phase1-v1-2026-09-19,C_confirmation,WMT,DeReFusion,24,2022,legacy-fixed,planned,
phase1-v1-2026-09-19,C_confirmation,WMT,DeReFusion,24,2023,legacy-fixed,planned,
phase1-v1-2026-09-19,C_confirmation,WMT,DeReFusion,24,2024,legacy-fixed,planned,
phase1-v1-2026-09-19,C_confirmation,WTI,revin-DLinear,1,2022,legacy-fixed,planned,
phase1-v1-2026-09-19,C_confirmation,WTI,revin-DLinear,1,2023,legacy-fixed,planned,
phase1-v1-2026-09-19,C_confirmation,WTI,revin-DLinear,1,2024,legacy-fixed,planned,
phase1-v1-2026-09-19,C_confirmation,WTI,revin-DLinear,24,2022,legacy-fixed,planned,
phase1-v1-2026-09-19,C_confirmation,WTI,revin-DLinear,24,2023,legacy-fixed,planned,
phase1-v1-2026-09-19,C_confirmation,WTI,revin-DLinear,24,2024,legacy-fixed,planned,
phase1-v1-2026-09-19,C_confirmation,WTI,DeReFusion,1,2022,legacy-fixed,planned,
phase1-v1-2026-09-19,C_confirmation,WTI,DeReFusion,1,2023,legacy-fixed,planned,
phase1-v1-2026-09-19,C_confirmation,WTI,DeReFusion,1,2024,legacy-fixed,planned,
phase1-v1-2026-09-19,C_confirmation,WTI,DeReFusion,24,2022,legacy-fixed,planned,
phase1-v1-2026-09-19,C_confirmation,WTI,DeReFusion,24,2023,legacy-fixed,planned,
phase1-v1-2026-09-19,C_confirmation,WTI,DeReFusion,24,2024,legacy-fixed,planned,
phase1-v1-2026-09-19,C_confirmation,XOM,revin-DLinear,1,2022,legacy-fixed,planned,
phase1-v1-2026-09-19,C_confirmation,XOM,revin-DLinear,1,2023,legacy-fixed,planned,
phase1-v1-2026-09-19,C_confirmation,XOM,revin-DLinear,1,2024,legacy-fixed,planned,
phase1-v1-2026-09-19,C_confirmation,XOM,revin-DLinear,24,2022,legacy-fixed,planned,
phase1-v1-2026-09-19,C_confirmation,XOM,revin-DLinear,24,2023,legacy-fixed,planned,
phase1-v1-2026-09-19,C_confirmation,XOM,revin-DLinear,24,2024,legacy-fixed,planned,
phase1-v1-2026-09-19,C_confirmation,XOM,DeReFusion,1,2022,legacy-fixed,planned,
phase1-v1-2026-09-19,C_confirmation,XOM,DeReFusion,1,2023,legacy-fixed,planned,
phase1-v1-2026-09-19,C_confirmation,XOM,DeReFusion,1,2024,legacy-fixed,planned,
phase1-v1-2026-09-19,C_confirmation,XOM,DeReFusion,24,2022,legacy-fixed,planned,
phase1-v1-2026-09-19,C_confirmation,XOM,DeReFusion,24,2023,legacy-fixed,planned,
phase1-v1-2026-09-19,C_confirmation,XOM,DeReFusion,24,2024,legacy-fixed,planned,
