protocol_id,split_manifest_id,dataset_id,series_id,asset,cohort_label,stage_scope,split_mode,train_end,val_end,test_end,train_rows,val_rows,test_rows,seq_len,forecast_horizon,target,partition,window_count,prediction_point_count,prediction_keys_sha256
phase1-v1.1-2026-09-19,7cac5ba56fd37aa1849b6545178c55a980436206f9174e122e82dc58c0cb41b6,AAPL@2d0ec4a90463b9a6,AAPL,AAPL,c1-20,B_screen;C_confirmation,ratio,,,,1759,253,502,96,1,Close,test,502,502,73822078adeea8178f7a86207c830d6e4bcb88b42cfe0519e52c2f435b240c4f
phase1-v1.1-2026-09-19,6bc389bf0909378010b3695767cd75f35fe01bf5053a70099b6dc9016bca99a7,AAPL@2d0ec4a90463b9a6,AAPL,AAPL,c1-20,B_screen;C_confirmation,ratio,,,,1759,253,502,96,24,Close,test,479,11496,3e32645526656fb8e055be1f7531c59ea77fa752680779cb82fb06910413cdb9
phase1-v1.1-2026-09-19,14c2959d9af9dca3a7be05095898db77030f03459ffab00bf4786454ac5356d5,AMZN@28f348100dc6d056,AMZN,AMZN,c1-20,B_screen;C_confirmation,ratio,,,,1759,253,502,96,1,Close,test,502,502,c0665593f755f43d626791ab40aa7da66b3d2a8bbc30e7cc355d9b9d3f245daf
phase1-v1.1-2026-09-19,ec79db661de3e78f93162352903159cdba352ae5350d07025600c94593ea1bd1,AMZN@28f348100dc6d056,AMZN,AMZN,c1-20,B_screen;C_confirmation,ratio,,,,1759,253,502,96,24,Close,test,479,11496,80515aac76fe38232db108a72cc1e178793c5747781178cc18261e0fb3a95d43
phase1-v1.1-2026-09-19,3fd9b178c4240e2deee32e7fb865767496ac697d75ced0c7bfc8271c2d829205,AUDUSD@cd12448f06241286,AUDUSD,AUDUSD,c1-20,B_screen;C_confirmation,ratio,,,,1821,261,520,96,1,Close,test,520,520,0bfa94ee9a51aa11944cec548b6dcf176068449495639a7e00e3b01dfa7c0534
phase1-v1.1-2026-09-19,040c8d2e619c141bc7ce0ed64a9abe0ddee5ee63d95d6d137af65c5ab48a6354,AUDUSD@cd12448f06241286,AUDUSD,AUDUSD,c1-20,B_screen;C_confirmation,ratio,,,,1821,261,520,96,24,Close,test,497,11928,256f02be8a29553a3b4e70be0dde4f8722850344c843f3163a30808580f2f97f
phase1-v1.1-2026-09-19,dc8abf9c357e8d57c5c743fbf93e0ff5b796bf32d0be4d16b08302a9fa3143cc,BABA@8d04e801150e7766,BABA,BABA,original-10,B_screen;C_confirmation,ratio,,,,1759,252,502,96,1,Close,test,502,502,3c5c9ce9e60873d42033796135644c952fde641534f7a322aa9db205bd46a7eb
phase1-v1.1-2026-09-19,b88d3898cafd614fc3b600d137d94a5371be8bc5557b75387ba267cd5afc0869,BABA@8d04e801150e7766,BABA,BABA,original-10,B_screen;C_confirmation,ratio,,,,1759,252,502,96,24,Close,test,479,11496,71584ced34cd5157774677f304184e14b2a4e3f784c246bad7dd62547e6f1aa2
phase1-v1.1-2026-09-19,3f98636e2820e824086bdbae32f459557d8bb9c0bb6b6bcfd572e8a38abb910d,BTCUSD@6bac7956b8cbc3be,BTCUSD,BTCUSD,original-10,B_screen;C_confirmation,ratio,,,,2557,366,730,96,1,Close,test,730,730,7370027a8cb2e2e9cba5e2a35f94dfa2ccb30e7a50facc2289d459e2b42e8521
phase1-v1.1-2026-09-19,5a96cd944b795a3dd2b50b240a09173fc0525e566b15cfc66f4050bb1dd9991e,BTCUSD@6bac7956b8cbc3be,BTCUSD,BTCUSD,original-10,B_screen;C_confirmation,ratio,,,,2557,366,730,96,24,Close,test,707,16968,bea6a2cf90a02c238da38916357bf778abc4958687e8c137561d64f346fe7619
phase1-v1.1-2026-09-19,0b50cdfb61237a23d05a7341232e53a6af105f685a7c1530a01fd529ebbff958,DJI@bef7c39c9cdd69ca,DJI,DJI,original-10,B_screen;C_confirmation,ratio,,,,1759,252,502,96,1,Close,test,502,502,b62efbff9cb198a6d5b2e24625b644305478aba0e79e1570122d2a1f15a880ac
phase1-v1.1-2026-09-19,e25c22e1d404dd5c3fc995999f08ce55d777b9ec667d098d6feadbb81f8eacd2,DJI@bef7c39c9cdd69ca,DJI,DJI,original-10,B_screen;C_confirmation,ratio,,,,1759,252,502,96,24,Close,test,479,11496,f9c9601da2380378c03f779cd54ff3778742945439808c5ba96aca7c6f1c171a
phase1-v1.1-2026-09-19,ad8ee321242bfe031fef99057484f891b58c7546ab12d0b0bce0b77ba5761b72,ETHUSD@76f63b29fc5302c9,ETHUSD,ETHUSD,original-10,B_screen;C_confirmation,ratio,,,,2082,298,595,96,1,Close,test,595,595,fabfefffffb7c81cd7d85d626f8477e16af5e37f9b3f328c93243667092a964a
phase1-v1.1-2026-09-19,01a6039e5961f1b4cd7f1c9bcdddce7e76b1e5cc7c2f1df8372859618183c124,ETHUSD@76f63b29fc5302c9,ETHUSD,ETHUSD,original-10,B_screen;C_confirmation,ratio,,,,2082,298,595,96,24,Close,test,572,13728,6b1c6e07f1a49901f06966de92e311a95321c18f3a5ead7f20a7e6584859d0f8
phase1-v1.1-2026-09-19,d6c5c2a46df24c81034d8e17d2d86ee53111c497a874dcafe13f5057c8edcfc0,EURUSD@decee70b7bac3a8c,EURUSD,EURUSD,original-10,B_screen;C_confirmation,ratio,,,,1821,261,520,96,1,Close,test,520,520,7b520db1e2eea61170ab5589eeac893ed3a596e6c352e07815204545efdf72cf
phase1-v1.1-2026-09-19,be9db04e57a196aee7c44aad7df78f425615d97dbe570a3998421e5ccd562122,EURUSD@decee70b7bac3a8c,EURUSD,EURUSD,original-10,B_screen;C_confirmation,ratio,,,,1821,261,520,96,24,Close,test,497,11928,f6de2ecafc74a796bdf0bf4d47220f786dbf505e8f54bcb6219099d572a27283
phase1-v1.1-2026-09-19,a7dbca95a1ac903247e93d0e49c7adf52fda67a818df303e655d7b9f162b81cf,FTSE@7c69f5dd2b1d6e8f,FTSE,FTSE,c1-20,B_screen;C_confirmation,ratio,,,,1767,253,505,96,1,Close,test,505,505,25381dafdf252f80d3d4cf354fe658b75fd249430d4d4f124861c1693384204e
phase1-v1.1-2026-09-19,43ed0c692509c9838fa9f6597ecb6de54dfcb9384464c4ac3aa6fbc5d977083c,FTSE@7c69f5dd2b1d6e8f,FTSE,FTSE,c1-20,B_screen;C_confirmation,ratio,,,,1767,253,505,96,24,Close,test,482,11568,57c3698d14111fafdb33941e262b1fb41f248791840aa850058cbcf9a4f65619
phase1-v1.1-2026-09-19,6496043492d9b148dcfbbc80135cda2b9fd1e89efa9b7631bb3c73a68fd59c8c,GBPUSD@90e00d04d481138d,GBPUSD,GBPUSD,c1-20,B_screen;C_confirmation,ratio,,,,1821,261,520,96,1,Close,test,520,520,63408bb8324411c53218af9f2e4fd4434506be2bc85038dcd610b4fa6886b885
phase1-v1.1-2026-09-19,a785288dc8a8e2411b0690cc7871a2bf0219aad601f64ca7b547c6727aeede15,GBPUSD@90e00d04d481138d,GBPUSD,GBPUSD,c1-20,B_screen;C_confirmation,ratio,,,,1821,261,520,96,24,Close,test,497,11928,c137032573a5ce1bd00254a7eb08d377da11ff09f67656a5b58aec5349ef031b
phase1-v1.1-2026-09-19,b3539c99e221813c15fc5021a48678553792484ab1f019a3cbf75e10c039341b,GDAXI@6c8cc51c65fa002d,GDAXI,GDAXI,c1-20,B_screen;C_confirmation,ratio,,,,1775,255,507,96,1,Close,test,507,507,0553be9111cb92c9b25c6508200e945943f216fda0575d67a879d4260e2817e8
phase1-v1.1-2026-09-19,e066baec6b57bb9305817a5fcd844e184c17a1af04de297ba35a0406ec45e27b,GDAXI@6c8cc51c65fa002d,GDAXI,GDAXI,c1-20,B_screen;C_confirmation,ratio,,,,1775,255,507,96,24,Close,test,484,11616,7a451cbde4907d056de3569d1fc52dfacfc1d07ec80ceff8fdd2ac6ee8fa4e65
phase1-v1.1-2026-09-19,f3f52d5fa50e5a08d854623d8ab1209e820dc30c18d9f2a9cfb5feba8c64906c,GLD@0b77dfa686fce94a,GLD,GLD,c1-20,B_screen;C_confirmation,ratio,,,,1759,253,502,96,1,Close,test,502,502,a4c22d1ee9f27affc8f971fb3d5a908259995077afaf6732ff4c52d0594339a6
phase1-v1.1-2026-09-19,b55b07028f4f891f71cca08e5c1c7b4bbeead32639d7ddc94b6885bab3f57e2a,GLD@0b77dfa686fce94a,GLD,GLD,c1-20,B_screen;C_confirmation,ratio,,,,1759,253,502,96,24,Close,test,479,11496,b50f2c1c6f4e13e37055d45d281878f514a8067388242a1dbb22c06b21404dce
phase1-v1.1-2026-09-19,b0e52c2ee049a874bc0534fcc7606edf42c4df13756b45ba7cb04860c5dd9b91,GOLD@76e42c67bcf264a2,GOLD,GOLD,c1-20,B_screen;C_confirmation,ratio,,,,1759,252,502,96,1,Close,test,502,502,7eec85b3379c2ca69db144e40ab95eb9511e1b15f9d66a0df182b05419bcd409
phase1-v1.1-2026-09-19,da0917e87dd5cb60391f9f6c825ac2fc7c5a4a63bc8517fd9fca313a75a05dce,GOLD@76e42c67bcf264a2,GOLD,GOLD,c1-20,B_screen;C_confirmation,ratio,,,,1759,252,502,96,24,Close,test,479,11496,a5cabeb071d546b549163f46cfae0c8f8cdbf5366d92f313fd9acf0c99268e07
phase1-v1.1-2026-09-19,69c564566da7b8aa14ccfeabcf71adb6bac6db28c1b36dbfd34e7260e25fe4b0,GSPC@3ed85c6a7679d7dd,GSPC,GSPC,original-10,B_screen;C_confirmation,ratio,,,,1759,252,502,96,1,Close,test,502,502,a1cc1e17a241738a5e82aa008a121bdb21b71a39dc2601af8c77bfaef82c5c74
phase1-v1.1-2026-09-19,9ed59adeefbd9a22d9f3cefe3e7ec4964e37664b5c5eab9664899d8ba5488130,GSPC@3ed85c6a7679d7dd,GSPC,GSPC,original-10,B_screen;C_confirmation,ratio,,,,1759,252,502,96,24,Close,test,479,11496,e84e76156e630783971274372f18d8591538bb30809aa3076df61be9118789a1
phase1-v1.1-2026-09-19,0a217ac14d1d6398b4ef284cdaa2053be4080c3388b5a657d9905a51e80589b1,HSI@2a04256095a96d54,HSI,HSI,c1-20,B_screen;C_confirmation,ratio,,,,1721,247,491,96,1,Close,test,491,491,7d27763191432c197951097235386de72a940463396ae31fc6c8987cb28ba2ff
phase1-v1.1-2026-09-19,bd2187ea5d672ebcf5e5262166902c74f8538b894c8f0e22f97cca3d40d19e4f,HSI@2a04256095a96d54,HSI,HSI,c1-20,B_screen;C_confirmation,ratio,,,,1721,247,491,96,24,Close,test,468,11232,f1854af53c35a1ee0e36f7cd713c3fc771908c24ec5d24a3f0153f834949a36b
phase1-v1.1-2026-09-19,84539ca60bc6e92f45e02185da70a674d93086ea3c83e150cde522a931a3a3d0,JPM@450e3fec5302e746,JPM,JPM,c1-20,B_screen;C_confirmation,ratio,,,,1759,253,502,96,1,Close,test,502,502,2e2637ca3389a5875329769298e1bd5929bd9bf4f7cc835ce26d238693a64906
phase1-v1.1-2026-09-19,0d60a8617bc5ad1200cd3678e3d1884d60db977a0e998b7ba99a2da3148b31d4,JPM@450e3fec5302e746,JPM,JPM,c1-20,B_screen;C_confirmation,ratio,,,,1759,253,502,96,24,Close,test,479,11496,7149cda76d2c1d2abde18ec05a0aba029c4b6bdf161c246ccf13af1242ae68fb
phase1-v1.1-2026-09-19,08f0bf4f5198a96a177c9e1a37c1aa4f8cbfa824232cbb93c55f210de35b7f29,META@fe0effbe8a541895,META,META,c1-20,B_screen;C_confirmation,ratio,,,,1759,253,502,96,1,Close,test,502,502,233e860fa9a8cc0052df509901e407e827382a403c41345a3962e60eab50a880
phase1-v1.1-2026-09-19,919e400cc4e3bf3265d2ef04550efe4eb548bbd88d642afae7d7d4305a95af8a,META@fe0effbe8a541895,META,META,c1-20,B_screen;C_confirmation,ratio,,,,1759,253,502,96,24,Close,test,479,11496,17cf787240ad9167dccfe9a4702da2ea7fd54914389e24645b548b94ea1e4882
phase1-v1.1-2026-09-19,516eb90db569ddacd4378283748f13a4ef4714ae1baeb485f9bd577c75f9ee02,MSFT@48139f47b21a7146,MSFT,MSFT,c1-20,B_screen;C_confirmation,ratio,,,,1759,253,502,96,1,Close,test,502,502,24ab47a31e00127b7258e9e935072051ac2de82af3315a7ec714c469a555f749
phase1-v1.1-2026-09-19,455c511ea0af1c5595f9ec6d7adb320d281990aec81a0434ac174d75fc9235b7,MSFT@48139f47b21a7146,MSFT,MSFT,c1-20,B_screen;C_confirmation,ratio,,,,1759,253,502,96,24,Close,test,479,11496,e04615e4b872a5457b5e33d42267f57a62df5960b61d3dd9a23703a88678b778
phase1-v1.1-2026-09-19,a27d6c71ad7c5daf93f47678ca99e4acd1f470eadf2b9e15448428b24f92464b,N225@7250ac1596365ef8,N225,N225,c1-20,B_screen;C_confirmation,ratio,,,,1710,246,488,96,1,Close,test,488,488,e51d1aba8b0485960c37bf05fefbc2d96f936cf366be93f24d6b716096f7e1c8
phase1-v1.1-2026-09-19,bb4382a67fa08b4ae087421eabac1b161e2acd1a0c7aaf8c5d04c5b07dfc8581,N225@7250ac1596365ef8,N225,N225,c1-20,B_screen;C_confirmation,ratio,,,,1710,246,488,96,24,Close,test,465,11160,46598058e7cc4160f90bbf0284a1eb9e38a15a41e0d8969a837ab6ccc5aeeae3
phase1-v1.1-2026-09-19,935b96b27575359455b01cdc5afb97f9ec67147f20cf97f858e9adc26d25206f,NVO@63abb1de3c9b9d2c,NVO,NVO,original-10,B_screen;C_confirmation,ratio,,,,1759,252,502,96,1,Close,test,502,502,ae8017e4dbce80fd51cffc530fed43c13e26833a862e58507a696d8a064d1a72
phase1-v1.1-2026-09-19,c7c98c99b67bf9ef9ec7c16a35fb68f19768bda44ff9c1ac3fb85918ba04ad98,NVO@63abb1de3c9b9d2c,NVO,NVO,original-10,B_screen;C_confirmation,ratio,,,,1759,252,502,96,24,Close,test,479,11496,0e3cfef7aada1de69c6cac7c15a139cd7e4bb612644dd6b6e16b5e26650495ec
phase1-v1.1-2026-09-19,10eb12b662914a9e78642643873f4a7b30d381140ac1c70de7b48a3952c094d8,RUT@27f21f002ef04181,RUT,RUT,c1-20,B_screen;C_confirmation,ratio,,,,1759,253,502,96,1,Close,test,502,502,170c35b1094c28effc04d7694399b60799596f9aabd86b540a4381114b9c99a6
phase1-v1.1-2026-09-19,43ffaaf4fda2070ed929215cf7e42495ce6df534a215a7c5bf2208ef4e75f12a,RUT@27f21f002ef04181,RUT,RUT,c1-20,B_screen;C_confirmation,ratio,,,,1759,253,502,96,24,Close,test,479,11496,c8ea6dfa95dce4e814b2412c38dca2d396911a679e1a84ad3c118f064d088312
phase1-v1.1-2026-09-19,9d975a19f7d45c2e94901d030369afc8645ca9b40d811f1feb20e376fe9cb200,SOX@b6972d30f925dad1,SOX,SOX,original-10,B_screen;C_confirmation,ratio,,,,1759,252,502,96,1,Close,test,502,502,0a3a55b50cc775b3daadc97cb1f0ae0b64142d0b460f892ac59eb4d538aa8941
phase1-v1.1-2026-09-19,1d187b8e6ab0fd10b304e50ce1fb3bf697a72c9874cffd4f5a1f15308d8c0ccd,SOX@b6972d30f925dad1,SOX,SOX,original-10,B_screen;C_confirmation,ratio,,,,1759,252,502,96,24,Close,test,479,11496,1a1585dbd9646a9073fc158db31c131fc471af5e66608e47ca2bad1b6b2f3260
phase1-v1.1-2026-09-19,2c17079a795e5e4a3f6248906d2ebc22a94e19e4474fc885097f2799a5b2e162,TLT@4da4b28f0adc0b50,TLT,TLT,c1-20,B_screen;C_confirmation,ratio,,,,1759,253,502,96,1,Close,test,502,502,c608c38555c941c07d9a8de7f1c6dd16de4088338cde6f826876064261ac36ae
phase1-v1.1-2026-09-19,179993f7ce2c69f17d53368340c1c008ca43c64cb6467e949be50cff4ca8a596,TLT@4da4b28f0adc0b50,TLT,TLT,c1-20,B_screen;C_confirmation,ratio,,,,1759,253,502,96,24,Close,test,479,11496,4e564e87d45ff79a66b8cd63c60a07dbc6bae8b9a01b71c4b1d19af585ee1cae
phase1-v1.1-2026-09-19,311f48df3f6ab363efb614a8adddcafda509c9996816d3dd220e53a7296cf14b,TM@4f6a56b973432b10,TM,TM,original-10,B_screen;C_confirmation,ratio,,,,1759,252,502,96,1,Close,test,502,502,115291a769976c0f737f75711bf38f9eb7bceaf0a4e752658829ded88c00ddc9
phase1-v1.1-2026-09-19,6dcd36065ffbfd88789f9d4777cf6e59539b176b4b4e1b7b8d094674d671f08e,TM@4f6a56b973432b10,TM,TM,original-10,B_screen;C_confirmation,ratio,,,,1759,252,502,96,24,Close,test,479,11496,0c90ebc5850c2078ed074008fc3d0de666e615f8b006df587ec7a386d1ee9324
phase1-v1.1-2026-09-19,a324d1fa022bd9d8d1cccef4e3f74272942363a5825b3308c9cb9c6091646dae,TSLA@4993de1e6a099778,TSLA,TSLA,c1-20,B_screen;C_confirmation,ratio,,,,1759,253,502,96,1,Close,test,502,502,c4464b5f5b9dd3630b501d60d2b9798e61697d1b3eacebf204f3a372b32e4dcd
phase1-v1.1-2026-09-19,332b304685cea69a5c8206c58dca757aba2d422833213517547c4441cbeb0222,TSLA@4993de1e6a099778,TSLA,TSLA,c1-20,B_screen;C_confirmation,ratio,,,,1759,253,502,96,24,Close,test,479,11496,ff4704aa38f608169d63753846436edc713f9d8a2f6b38661b437e94f5aff573
phase1-v1.1-2026-09-19,b74d6f3312aa7dfdffb100eea199bee088c2203c78556abc44056f6c5d5b1217,USDCAD@4f346a1849e213ec,USDCAD,USDCAD,c1-20,B_screen;C_confirmation,ratio,,,,1821,261,520,96,1,Close,test,520,520,0a81b3cf51249f9b9cbbe1b1bd4d6604b502362deef39a3603082412acfeb277
phase1-v1.1-2026-09-19,e9fd86bcf97df569ccb03bc5382a68ca853185f2cb51bccb998ffc52d6768c6f,USDCAD@4f346a1849e213ec,USDCAD,USDCAD,c1-20,B_screen;C_confirmation,ratio,,,,1821,261,520,96,24,Close,test,497,11928,d191f3990b61ba53324ed79ef4d5c5688334b8f7b2eabf4b49adda3cef80d388
phase1-v1.1-2026-09-19,7a70cdd8593ad923538d8ef0a04cddb8f7d61c67034e6c84628f7e27a5d1d133,USDJPY@5539f922f5579d00,USDJPY,USDJPY,original-10,B_screen;C_confirmation,ratio,,,,1821,261,520,96,1,Close,test,520,520,893983555507b42808bf4131b5f39a16eab3dd3bb05309915ca9ec517e555285
phase1-v1.1-2026-09-19,e22b2349a72061a2f92f5a3591ebaae5c9cf506a8aa772e9cd5528a99f53a010,USDJPY@5539f922f5579d00,USDJPY,USDJPY,original-10,B_screen;C_confirmation,ratio,,,,1821,261,520,96,24,Close,test,497,11928,1da8b20e1495db5f8951dba31474221aa09c191acfd86ef61f7fbad7b1862ec1
phase1-v1.1-2026-09-19,492e2a4ce4abf98b676bfaf9ce2ea40f035c465c5ac01de7ba4566cb78bce474,WMT@927d268a64b42742,WMT,WMT,c1-20,B_screen;C_confirmation,ratio,,,,1759,253,502,96,1,Close,test,502,502,a640cdd838ce2b4cb8c169374d84c1d4630a913ae3b83da2fb6707b0c54f1d82
phase1-v1.1-2026-09-19,38f356700514cbd0e9c9e8ee2b1aa69af977935279d5353ac5dc6db01d5c99b8,WMT@927d268a64b42742,WMT,WMT,c1-20,B_screen;C_confirmation,ratio,,,,1759,253,502,96,24,Close,test,479,11496,f5c715ec6a65770c8e38a91799e8c19c76599949425a95ad8a64087ac5f8bae4
phase1-v1.1-2026-09-19,2a94ed64edaa87883c33dafd53586744c8787a13b22017022328cb7305eeb08c,WTI@0b7361bb11333d1f,WTI,WTI,c1-20,B_screen;C_confirmation,ratio,,,,1759,253,502,96,1,Close,test,502,502,e60b4f81afe2cb8b963e3b1d1cf058ca6a3786f35138ab132ed1ef4886766130
phase1-v1.1-2026-09-19,49dd46ef50e3b5e383b05d600a807c66c26ffe03dfcb539137b7148be11c0671,WTI@0b7361bb11333d1f,WTI,WTI,c1-20,B_screen;C_confirmation,ratio,,,,1759,253,502,96,24,Close,test,479,11496,fe8c2f88cedfc1941cd87994bde5e85fc3a1122d00b00421328c48a35bfc9d29
phase1-v1.1-2026-09-19,607539f87c857d34bfb51e24999bd0b752a3b817b9ff246010bd694cc30cd04d,XOM@74ecd45a77d1edb9,XOM,XOM,c1-20,B_screen;C_confirmation,ratio,,,,1759,253,502,96,1,Close,test,502,502,4419eabf590360caf522864837c4a84a751618d9abcb5c1292e22af4d7cc9ad7
phase1-v1.1-2026-09-19,9b3fa508fbb2a06aecc2f1e003808858149148b7433e8de16343d208edc93d3e,XOM@74ecd45a77d1edb9,XOM,XOM,c1-20,B_screen;C_confirmation,ratio,,,,1759,253,502,96,24,Close,test,479,11496,dc61ceae3b96df8ee7d16990cb11b3af4b5d0e4a4fe934e1cf03cc4a837792de
phase1-v1.1-2026-09-19,f4863f20b59b6589148ced308bc5b121d8c1c8d1d46f3c2baa7ce9a9fe7fd652,AAPL@2d0ec4a90463b9a6,AAPL,AAPL,c1-20,D_temporal_robustness,dates,2022-01-01,2023-01-01,2024-01-01,1511,251,250,96,1,Close,test,250,250,e764bba1982e4b32bea3d8ee3f6c7175c57cdbee80e9530b8d3fb28f298b1e4d
phase1-v1.1-2026-09-19,d965553efcfc9a1420b434b678d77d77ab2c62619502db4cc0fe6dd0668e18d8,AAPL@2d0ec4a90463b9a6,AAPL,AAPL,c1-20,D_temporal_robustness,dates,2023-01-01,2024-01-01,2025-01-01,1762,250,252,96,1,Close,test,252,252,8a512f37f10a5815e613b438fb40a2e7096670f1c58d55c85cc471908b479f50
phase1-v1.1-2026-09-19,5b5f01d645b807f36c3ea507a071462f73b111f502258986d268e0483938ee6f,AAPL@2d0ec4a90463b9a6,AAPL,AAPL,c1-20,D_temporal_robustness,dates,2024-01-01,2025-01-01,2026-01-01,2012,252,250,96,1,Close,test,250,250,df5b336f244b93158dea43a2a363b666a6487cf1e96c3b99f58a769b7c946223
phase1-v1.1-2026-09-19,f01f8b1eb25b003464cf27e6941932a6cc3db7348df5e0de7cc9fa9bb26fd6e5,AAPL@2d0ec4a90463b9a6,AAPL,AAPL,c1-20,D_temporal_robustness,dates,2022-01-01,2023-01-01,2024-01-01,1511,251,250,96,24,Close,test,227,5448,f87c130ff4116c8c29f5388c92fe1451686121af0ae8e23679197ed7215aa3d9
phase1-v1.1-2026-09-19,c43397953af8c8c6401fbe433c43a2709907fc890074649acc9fdcb876d3b448,AAPL@2d0ec4a90463b9a6,AAPL,AAPL,c1-20,D_temporal_robustness,dates,2023-01-01,2024-01-01,2025-01-01,1762,250,252,96,24,Close,test,229,5496,68d000bdc1675b2e587b1ac92b351d8fb9bd799afc9920672e8514d95513f200
phase1-v1.1-2026-09-19,62e8bd6038561b539a7bd9ed65b2bc33c8cf41791e87e961afd60f018b312631,AAPL@2d0ec4a90463b9a6,AAPL,AAPL,c1-20,D_temporal_robustness,dates,2024-01-01,2025-01-01,2026-01-01,2012,252,250,96,24,Close,test,227,5448,763eee1aaae58c2840913eea4204ca742470dfd37d2b1eea8d89f5340c2cb029
phase1-v1.1-2026-09-19,965377bc582f84088a7f4caffb422f463f12940ee6db28df92aa39b34bbc08b4,AUDUSD@cd12448f06241286,AUDUSD,AUDUSD,c1-20,D_temporal_robustness,dates,2022-01-01,2023-01-01,2024-01-01,1563,260,260,96,1,Close,test,260,260,9721a7501395e381ca76ea1abef2e823077047c58643968cc759b63acac8ab73
phase1-v1.1-2026-09-19,d336d807f97cdd3f48ca08564299a2b4c315a7066fea5cc76270ecbd6890961c,AUDUSD@cd12448f06241286,AUDUSD,AUDUSD,c1-20,D_temporal_robustness,dates,2023-01-01,2024-01-01,2025-01-01,1823,260,262,96,1,Close,test,262,262,9b37939e378b325d53d0e98f59eb23b729d3cd2284f8cfe2b5b48ac7bcdaf29f
phase1-v1.1-2026-09-19,c953fe860dde21a552f916c6760e92d6e9bcb68da616abe25ff7b9d6cdd7d04f,AUDUSD@cd12448f06241286,AUDUSD,AUDUSD,c1-20,D_temporal_robustness,dates,2024-01-01,2025-01-01,2026-01-01,2083,262,257,96,1,Close,test,257,257,3c5a996b4f75e1bf03cdf331d62994c2df13065b66e8b7d82ac94c2782a1577f
phase1-v1.1-2026-09-19,0b3890e448d675d49528919193eb62f6d9c83a1053ff1ee87444a64fcdd7cb74,AUDUSD@cd12448f06241286,AUDUSD,AUDUSD,c1-20,D_temporal_robustness,dates,2022-01-01,2023-01-01,2024-01-01,1563,260,260,96,24,Close,test,237,5688,87be7c88890922bfb74fc1c23f9a2f98ecf623e83d711d434309939e525eb51f
phase1-v1.1-2026-09-19,fb29bf683bc26aad557b52b14062b840ee6c64ec5e8456023ee0e1d1e05e160f,AUDUSD@cd12448f06241286,AUDUSD,AUDUSD,c1-20,D_temporal_robustness,dates,2023-01-01,2024-01-01,2025-01-01,1823,260,262,96,24,Close,test,239,5736,7d89473af2a038e0e557e302096e3852d06e25edd9010515d002dcfb1ce20460
phase1-v1.1-2026-09-19,c39a42f005161ab6ef0a9da66c84ff2768005d4163c2de32d5e98a0cf0b04548,AUDUSD@cd12448f06241286,AUDUSD,AUDUSD,c1-20,D_temporal_robustness,dates,2024-01-01,2025-01-01,2026-01-01,2083,262,257,96,24,Close,test,234,5616,585eca924fe033285f24ca3273d5b74d8b7a4f21a68ef280684468b47747c734
phase1-v1.1-2026-09-19,7705d95ea7f9861d7a988561118d8ee14e35f2016261cacb81195ba77edf5cc3,BABA@8d04e801150e7766,BABA,BABA,original-10,D_temporal_robustness,dates,2022-01-01,2023-01-01,2024-01-01,1511,251,250,96,1,Close,test,250,250,6055470d2c50762aec023270e28668a9cfc0bfa6e00dca76fb74d2887a06182e
phase1-v1.1-2026-09-19,d0abdec43254e4d80abd13490cf49432b5715ec38e5edf6501257e113843b38e,BABA@8d04e801150e7766,BABA,BABA,original-10,D_temporal_robustness,dates,2023-01-01,2024-01-01,2025-01-01,1762,250,252,96,1,Close,test,252,252,690a566a567825b722017611b4060c418c1569e1238b866ab850b7b00b2feffc
phase1-v1.1-2026-09-19,1bb732e7e809500173c725a4aff6f14ce752de28464574c07b2a762d6ee3f889,BABA@8d04e801150e7766,BABA,BABA,original-10,D_temporal_robustness,dates,2024-01-01,2025-01-01,2026-01-01,2012,252,249,96,1,Close,test,249,249,eaa4162a57aa03c70d99e0f9d680e66bc1c89be1be4bfce4c337e9ff8b254298
phase1-v1.1-2026-09-19,f7f33320e0d72d774bf698ca08033ee81f4f27c7c70647c5194a5f0ac00844e1,BABA@8d04e801150e7766,BABA,BABA,original-10,D_temporal_robustness,dates,2022-01-01,2023-01-01,2024-01-01,1511,251,250,96,24,Close,test,227,5448,0875946874d6b83a291ea2eb8a6fffa08d86c4b497bd26ce0666d632b406b9eb
phase1-v1.1-2026-09-19,49f151dbe81961c7b4c40d56581c6ecae6093c1badae1805b5b9443afe8c9211,BABA@8d04e801150e7766,BABA,BABA,original-10,D_temporal_robustness,dates,2023-01-01,2024-01-01,2025-01-01,1762,250,252,96,24,Close,test,229,5496,1e11c6e80aa150e52fbe625b65b9e64c342acbf84baa3030f7091534d1a2511b
phase1-v1.1-2026-09-19,fde4ac260bc5aa530704a2701c8a00400c6cdc2d523a7f786621b779f5327548,BABA@8d04e801150e7766,BABA,BABA,original-10,D_temporal_robustness,dates,2024-01-01,2025-01-01,2026-01-01,2012,252,249,96,24,Close,test,226,5424,b8efd44392e3d54784b853d43205ad73f7ef0416e667a59cf80efeef520c2415
phase1-v1.1-2026-09-19,73e9a89ca70158642518992d582deb3d3fecbdd7c42d346a941c2485573b9142,BTCUSD@6bac7956b8cbc3be,BTCUSD,BTCUSD,original-10,D_temporal_robustness,dates,2022-01-01,2023-01-01,2024-01-01,2192,365,365,96,1,Close,test,365,365,b35823309eb14fe163905d38bab9e977f18dad4653c46ee59a325f6173b1ed28
phase1-v1.1-2026-09-19,e92640c67145ee6511b5f844d7881bd4d4f45a7df9b5c0cfcf7fafc5ee551a70,BTCUSD@6bac7956b8cbc3be,BTCUSD,BTCUSD,original-10,D_temporal_robustness,dates,2023-01-01,2024-01-01,2025-01-01,2557,365,366,96,1,Close,test,366,366,befb7d9e2390a3c49d28cb8457805627a1051c2f8408bd10e0f2073a8fd04285
phase1-v1.1-2026-09-19,932e0d201547b2fe6eaab0ebf5fb68ffd5792068576eb3d8cd1db0133bead3a1,BTCUSD@6bac7956b8cbc3be,BTCUSD,BTCUSD,original-10,D_temporal_robustness,dates,2024-01-01,2025-01-01,2026-01-01,2922,366,365,96,1,Close,test,365,365,9d2075fe94c0729ae225641624593da56c614bb8d0402b4a2edc0fb7276f7696
phase1-v1.1-2026-09-19,1af0cd58b9ef905875db599a12942d8a17aa2919c259e80ca08cf08e61a1c036,BTCUSD@6bac7956b8cbc3be,BTCUSD,BTCUSD,original-10,D_temporal_robustness,dates,2022-01-01,2023-01-01,2024-01-01,2192,365,365,96,24,Close,test,342,8208,90054218896358f7c3de87f8d1863cacdc434fcd3c40028efda5c0e18f63aa5a
phase1-v1.1-2026-09-19,892f259faa34020a4430ced4162e6dba1aefdff9007df4380cc4d9a47e6dc7a3,BTCUSD@6bac7956b8cbc3be,BTCUSD,BTCUSD,original-10,D_temporal_robustness,dates,2023-01-01,2024-01-01,2025-01-01,2557,365,366,96,24,Close,test,343,8232,897ca273a7c4834d0a210b40ff1f8fe183cba32fb9143c449677b56ae7da9493
phase1-v1.1-2026-09-19,6db1d44d85df2d677200183b2370e566ecfb5be7a8b4e85162d3bba9992eae04,BTCUSD@6bac7956b8cbc3be,BTCUSD,BTCUSD,original-10,D_temporal_robustness,dates,2024-01-01,2025-01-01,2026-01-01,2922,366,365,96,24,Close,test,342,8208,f664927a90d33eb7e395078f3d55115bfc8ed7952b8644c6d8c9a55be319a3ea
phase1-v1.1-2026-09-19,621c9e81c4d18dbc8fdf2d7d5f6f351fc1f2722face25ad04aa6378b464d0ccd,ETHUSD@76f63b29fc5302c9,ETHUSD,ETHUSD,original-10,D_temporal_robustness,dates,2022-01-01,2023-01-01,2024-01-01,1514,365,365,96,1,Close,test,365,365,d6517db52b973f045ab4dc890ea808c2ec6e54698ad1ad3051d41d7ab659a8cf
phase1-v1.1-2026-09-19,357904657caecd8127630ece727c9d65b26697bf086c448ea91e8298e48c29ca,ETHUSD@76f63b29fc5302c9,ETHUSD,ETHUSD,original-10,D_temporal_robustness,dates,2023-01-01,2024-01-01,2025-01-01,1879,365,366,96,1,Close,test,366,366,54bcbfcba64d83aaaa4f6069ef06037f0656ff8948dd051cd5ef1d337465e1d2
phase1-v1.1-2026-09-19,327bfd47ee0ea0d7527469f57fb7dfbdac4e7b07be08fe2e76c41b996b38fea1,ETHUSD@76f63b29fc5302c9,ETHUSD,ETHUSD,original-10,D_temporal_robustness,dates,2024-01-01,2025-01-01,2026-01-01,2244,366,365,96,1,Close,test,365,365,fe83cec71911765b0f980e5f7193d0c74b9d85ce73cc746f196e0c2fcd3bd536
phase1-v1.1-2026-09-19,6f5735d34d678a601e0216a1e71b9e84d01cfaa9bd39b00daaa870e37fda6ca4,ETHUSD@76f63b29fc5302c9,ETHUSD,ETHUSD,original-10,D_temporal_robustness,dates,2022-01-01,2023-01-01,2024-01-01,1514,365,365,96,24,Close,test,342,8208,0919763209bae566944baf6414005269a813a6e854f1c7a144505b0d0715b5eb
phase1-v1.1-2026-09-19,44601a4a2712eed2152447de48b7508f7d9278e8e96ef1db42c58d52692ee8a8,ETHUSD@76f63b29fc5302c9,ETHUSD,ETHUSD,original-10,D_temporal_robustness,dates,2023-01-01,2024-01-01,2025-01-01,1879,365,366,96,24,Close,test,343,8232,19cccccc14e745f6dba63c9f69b21b6aae0e1b67c349a2c292501324f5121eeb
phase1-v1.1-2026-09-19,77a80680a08e7acbfd48b8efb662df0681977ff05762e8ab8965e48e7fd62032,ETHUSD@76f63b29fc5302c9,ETHUSD,ETHUSD,original-10,D_temporal_robustness,dates,2024-01-01,2025-01-01,2026-01-01,2244,366,365,96,24,Close,test,342,8208,e781cbb8f7dcdb1db84283036dfe75cab385db47cd00d03639087c3652b88aa0
phase1-v1.1-2026-09-19,e60472d168e356cfb3bb64a1bc238d7fa7530122b46f51adb33a0f9caa967151,EURUSD@decee70b7bac3a8c,EURUSD,EURUSD,original-10,D_temporal_robustness,dates,2022-01-01,2023-01-01,2024-01-01,1563,260,260,96,1,Close,test,260,260,828123ad641a714b22757629153c9fbce39d6e23099c4af69c7f6a238e5189e2
phase1-v1.1-2026-09-19,e0cb57e44a3849e79a142fc1aab190fd5169975ac7b261b0a1998f6625041ea7,EURUSD@decee70b7bac3a8c,EURUSD,EURUSD,original-10,D_temporal_robustness,dates,2023-01-01,2024-01-01,2025-01-01,1823,260,262,96,1,Close,test,262,262,20a88655144c4cc40675afa43745a8367a96182d2f4c45d7443e08eca0e176d4
phase1-v1.1-2026-09-19,2cb21f49baa62d070b9c4df4142840e78c8d3fd9944f7ad252e67b1e4e1fc264,EURUSD@decee70b7bac3a8c,EURUSD,EURUSD,original-10,D_temporal_robustness,dates,2024-01-01,2025-01-01,2026-01-01,2083,262,257,96,1,Close,test,257,257,15226482cd818af118534883a658fdd07141f22d31ecccd0798190b98b3a9bba
phase1-v1.1-2026-09-19,9f4bb86c288b80bf87b5c1901f91f5c1405811397d8b0430e2e7abfb0ee24549,EURUSD@decee70b7bac3a8c,EURUSD,EURUSD,original-10,D_temporal_robustness,dates,2022-01-01,2023-01-01,2024-01-01,1563,260,260,96,24,Close,test,237,5688,722a6e35a16defae1435df59691bad00c43d2715277742de727ebaad441e02f7
phase1-v1.1-2026-09-19,f4724186dba2364d461ab4f25872196346a05574387f3fe703cb56238e785385,EURUSD@decee70b7bac3a8c,EURUSD,EURUSD,original-10,D_temporal_robustness,dates,2023-01-01,2024-01-01,2025-01-01,1823,260,262,96,24,Close,test,239,5736,540cf0c4447c4c351c215572d29fe18a56a54f6fda18009ad9065171dcbed053
phase1-v1.1-2026-09-19,a500f7b404b83f1e2b24b503b0ee33213e1f9e0b070a23ed6689ca472778563d,EURUSD@decee70b7bac3a8c,EURUSD,EURUSD,original-10,D_temporal_robustness,dates,2024-01-01,2025-01-01,2026-01-01,2083,262,257,96,24,Close,test,234,5616,10b57e765237a05d7c22bea15d68f2be50fc548a217d72d54ca924009b355635
phase1-v1.1-2026-09-19,1a916f99ffff1faec1c20d8fb038624193d508236edeabec45ae055e5b6a11bc,GOLD@76e42c67bcf264a2,GOLD,GOLD,c1-20,D_temporal_robustness,dates,2022-01-01,2023-01-01,2024-01-01,1508,251,250,96,1,Close,test,250,250,9c36139bb8e8fbb29340fd2ccfc70f5cbd414cdd7aa447f9e8f63c9811c86fbc
phase1-v1.1-2026-09-19,0f1a7264cc3f5691229742b962e7f9f10329fd5ac67b708977ee5a3081d57ec0,GOLD@76e42c67bcf264a2,GOLD,GOLD,c1-20,D_temporal_robustness,dates,2023-01-01,2024-01-01,2025-01-01,1759,250,252,96,1,Close,test,252,252,cdff2585e344770d83b55fe16db3f086b0c5b6075984295288c918da64513f08
phase1-v1.1-2026-09-19,0ec747499f73eb0b8bf3ddbb8df79550bbd6e86c4408db39c1a1aeae7c26c246,GOLD@76e42c67bcf264a2,GOLD,GOLD,c1-20,D_temporal_robustness,dates,2024-01-01,2025-01-01,2026-01-01,2009,252,252,96,1,Close,test,252,252,93d233239b3af7fc629176a9cb83daae9fcd232c03a9ef1c5980d8b916a9dad6
phase1-v1.1-2026-09-19,50bcaa294abcaaa87c21e07b6f7c2ba2d491a246c7bd05e32a11a99abc0ce6b6,GOLD@76e42c67bcf264a2,GOLD,GOLD,c1-20,D_temporal_robustness,dates,2022-01-01,2023-01-01,2024-01-01,1508,251,250,96,24,Close,test,227,5448,a43c22223adcf4a79ba9c8044a8bdf58e32b6a84e5d5ed1ed19243ae4b21a883
phase1-v1.1-2026-09-19,c61456ae12506fc36a6aa1f85cf9b230a8e5b0e26076c12663872134184c0be3,GOLD@76e42c67bcf264a2,GOLD,GOLD,c1-20,D_temporal_robustness,dates,2023-01-01,2024-01-01,2025-01-01,1759,250,252,96,24,Close,test,229,5496,b800e48548f0b3cc0d4fb2aaed49be24b8c148ca0df014354eb5ac20c7909713
phase1-v1.1-2026-09-19,cad19365a567602ec589a0a64670fde9a8c14928d47893dd513f1b35686642d6,GOLD@76e42c67bcf264a2,GOLD,GOLD,c1-20,D_temporal_robustness,dates,2024-01-01,2025-01-01,2026-01-01,2009,252,252,96,24,Close,test,229,5496,c83540b8f7102f8eac4afe0fb30d3bbd4b522fb3c71b8e7b02698a0e7917a95a
phase1-v1.1-2026-09-19,0164b24e01470b8b94fabbac55a55a78e407f6a43802391fe5d245f52382ac2c,GSPC@3ed85c6a7679d7dd,GSPC,GSPC,original-10,D_temporal_robustness,dates,2022-01-01,2023-01-01,2024-01-01,1511,251,250,96,1,Close,test,250,250,3f37485c034a87c385d496f6ecd423d1d404d0d6c55f6ecb5135f9f2354b4cd3
phase1-v1.1-2026-09-19,4c3937acdd2f99a14c467f3cb1a253562c3d1f7e30f1fb6d53ce2da300b2ed72,GSPC@3ed85c6a7679d7dd,GSPC,GSPC,original-10,D_temporal_robustness,dates,2023-01-01,2024-01-01,2025-01-01,1762,250,252,96,1,Close,test,252,252,04e798c52df31169b9b2a70bcbd5f7844bbcf9e6603c9e6e9c050923511a1f30
phase1-v1.1-2026-09-19,5aa0574589a9873ba75a1d76a6ff8ea8f26d4516163d8bb08d77dd05b34d8fde,GSPC@3ed85c6a7679d7dd,GSPC,GSPC,original-10,D_temporal_robustness,dates,2024-01-01,2025-01-01,2026-01-01,2012,252,249,96,1,Close,test,249,249,161199ba827d8fb953c7bc4e813ad5c93aa77b042db52d7136e2bb2dee25dc3b
phase1-v1.1-2026-09-19,43c1c7986cc7472b08b2f7bedaf03df41f564de4abfe095461733a3febf74db9,GSPC@3ed85c6a7679d7dd,GSPC,GSPC,original-10,D_temporal_robustness,dates,2022-01-01,2023-01-01,2024-01-01,1511,251,250,96,24,Close,test,227,5448,f6040092ecb695a54c16777033ab9d58e7d5623ea2f76a3170fa329208f19aee
phase1-v1.1-2026-09-19,25cac15d9a335882aca48d689cb02163d8ada8a2fe36d8915fdffcbadfc7c4c2,GSPC@3ed85c6a7679d7dd,GSPC,GSPC,original-10,D_temporal_robustness,dates,2023-01-01,2024-01-01,2025-01-01,1762,250,252,96,24,Close,test,229,5496,2130875cc401e4535508f6b4228e37c61f9af1b61f836d855915df9401a48b4e
phase1-v1.1-2026-09-19,9fe035cf678e27b1730dcd74029ec73a49ec7552086e1a68d6961b37f40f945f,GSPC@3ed85c6a7679d7dd,GSPC,GSPC,original-10,D_temporal_robustness,dates,2024-01-01,2025-01-01,2026-01-01,2012,252,249,96,24,Close,test,226,5424,290b8d7b460e783edc439003b836794767bfb9b76eb50498f6b83553d7784de1
phase1-v1.1-2026-09-19,cddfbc368104eb6e0116baad6058fde02eefbd08de0479c27ab2d282fa1a1505,N225@7250ac1596365ef8,N225,N225,c1-20,D_temporal_robustness,dates,2022-01-01,2023-01-01,2024-01-01,1466,244,246,96,1,Close,test,246,246,1fc4a662b5d3f46a480d4401181a2b18dc721fdf3dcc2018e276ea6b2c0a641c
phase1-v1.1-2026-09-19,c8fc5330da1f63df11a9fffa3fe36609613fa9fb05392991f366147da4105ed0,N225@7250ac1596365ef8,N225,N225,c1-20,D_temporal_robustness,dates,2023-01-01,2024-01-01,2025-01-01,1710,246,245,96,1,Close,test,245,245,3e984a70532270ea7f272e90ac096904cdf39fa6b800fe57ca6d4d4f5e8716dc
phase1-v1.1-2026-09-19,cf5a8d4083b41345212a34cbff8be0c261140c0f1445d23a1e055e8b3bf28281,N225@7250ac1596365ef8,N225,N225,c1-20,D_temporal_robustness,dates,2024-01-01,2025-01-01,2026-01-01,1956,245,243,96,1,Close,test,243,243,a3e5f745e8df3b276269298e825fe47a4b6f55f7d99e443af9595b363fad27bd
phase1-v1.1-2026-09-19,43d7ed5d2e8a024701be33618fba26138c6af9016dba5e403c2b199dbaa99f07,N225@7250ac1596365ef8,N225,N225,c1-20,D_temporal_robustness,dates,2022-01-01,2023-01-01,2024-01-01,1466,244,246,96,24,Close,test,223,5352,2f0e9c0932dad0485501b8a5f73597d1995ed0c7f603d73a26c41e908271abaa
phase1-v1.1-2026-09-19,1545b6202da653a08c361eb1ccd4533305c0c7de630e6ebbffc16bee2721c554,N225@7250ac1596365ef8,N225,N225,c1-20,D_temporal_robustness,dates,2023-01-01,2024-01-01,2025-01-01,1710,246,245,96,24,Close,test,222,5328,b745388a561529528c439be659da6cd9ee4f762f87db654f01d2244cad129196
phase1-v1.1-2026-09-19,1ea331d652d067aa31bbaf990273db69b3c855fb5c7dc878b750c99b684cc90d,N225@7250ac1596365ef8,N225,N225,c1-20,D_temporal_robustness,dates,2024-01-01,2025-01-01,2026-01-01,1956,245,243,96,24,Close,test,220,5280,295643fd059b77b9f1ff3d7776fee292cb812a8def7ba954715ceaa70ce52936
phase1-v1.1-2026-09-19,a142c6d45407b6d39909629ac909e55b2e0098ae6fc5de081ded473020c76d9e,TLT@4da4b28f0adc0b50,TLT,TLT,c1-20,D_temporal_robustness,dates,2022-01-01,2023-01-01,2024-01-01,1511,251,250,96,1,Close,test,250,250,8a4fefa505a42891002c26b23f6188f4b401d05ff0cafcf6881c9bd6e7cabe29
phase1-v1.1-2026-09-19,118b331f7d9e68d8589a65cc71bfd6fd1e81da4d95897fa9006166bfe53f3375,TLT@4da4b28f0adc0b50,TLT,TLT,c1-20,D_temporal_robustness,dates,2023-01-01,2024-01-01,2025-01-01,1762,250,252,96,1,Close,test,252,252,1c6ab188668c0e71b068a7bb10cfa6418e9b81b9fc547e6b48d6dc3426fe4202
phase1-v1.1-2026-09-19,871ca97247346e6881bb5b5dc618faac4f7fecb7d6dd7548366e49df9e9af42d,TLT@4da4b28f0adc0b50,TLT,TLT,c1-20,D_temporal_robustness,dates,2024-01-01,2025-01-01,2026-01-01,2012,252,250,96,1,Close,test,250,250,a1ec3eb4e995881179fba0448d838bc31553b55c0493dc8e3c0bbc90a82ddaa1
phase1-v1.1-2026-09-19,cea5a040907f7de6f4fecca19159d8faf46d48710975d446aa923b7dc0187e85,TLT@4da4b28f0adc0b50,TLT,TLT,c1-20,D_temporal_robustness,dates,2022-01-01,2023-01-01,2024-01-01,1511,251,250,96,24,Close,test,227,5448,fd73e13b7cd058ba14f661520af9482932d54cd03607169f726842aee1762514
phase1-v1.1-2026-09-19,a8b4462bd7cf5ea918ce9cdb382101b400f0b367e600eeabb0ca24f438db2898,TLT@4da4b28f0adc0b50,TLT,TLT,c1-20,D_temporal_robustness,dates,2023-01-01,2024-01-01,2025-01-01,1762,250,252,96,24,Close,test,229,5496,95ec0986786d35621e808fb0e1754ff06b13b4d20a4e957c0f67dd20cccda0de
phase1-v1.1-2026-09-19,d7613b4f820953ebc3583a64b5440e11b99b9acce787ce5c2fa357b8ab9affdd,TLT@4da4b28f0adc0b50,TLT,TLT,c1-20,D_temporal_robustness,dates,2024-01-01,2025-01-01,2026-01-01,2012,252,250,96,24,Close,test,227,5448,93bf3b0e141b87caa1206caa1b7c1b6069a196218384f6cf2524b97932383552
phase1-v1.1-2026-09-19,14b347bc8548a3179560baf59f79966ad7eccedff6bccde3a418001d1c66b6ae,USDJPY@5539f922f5579d00,USDJPY,USDJPY,original-10,D_temporal_robustness,dates,2022-01-01,2023-01-01,2024-01-01,1563,260,260,96,1,Close,test,260,260,80f9833f751ff4ecdeb4f945b45436f999a1330b9df111db3c3ce944073267a6
phase1-v1.1-2026-09-19,40bc893e2acccd9903d435062a27edab983f2e5486f178d5fc0b497829c7c02d,USDJPY@5539f922f5579d00,USDJPY,USDJPY,original-10,D_temporal_robustness,dates,2023-01-01,2024-01-01,2025-01-01,1823,260,262,96,1,Close,test,262,262,81920df9ae419208c1d5b9408d0d358920ce1db2522d55da28cccb7137462b32
phase1-v1.1-2026-09-19,ca4d07e2d4ad9c242bccb1abef008757e6ce0b28c48ab3b25f80e9dd4b510afe,USDJPY@5539f922f5579d00,USDJPY,USDJPY,original-10,D_temporal_robustness,dates,2024-01-01,2025-01-01,2026-01-01,2083,262,257,96,1,Close,test,257,257,ff1c8446f77e0d1181f844396f546acfd0dbc25561f93f58c2eaf1bfdeda045f
phase1-v1.1-2026-09-19,d993526161efc2b391ea806db4188dfd8779825da46768b106dc00080e56c3d2,USDJPY@5539f922f5579d00,USDJPY,USDJPY,original-10,D_temporal_robustness,dates,2022-01-01,2023-01-01,2024-01-01,1563,260,260,96,24,Close,test,237,5688,12968c38e3de7e41562dc38210e0d5a659da2cc31730938989499b0f88f40bd9
phase1-v1.1-2026-09-19,81e3aae9a92d202292e826dcaaf2e85aead4291bfcf6a8bc230e1dccf2a30fbe,USDJPY@5539f922f5579d00,USDJPY,USDJPY,original-10,D_temporal_robustness,dates,2023-01-01,2024-01-01,2025-01-01,1823,260,262,96,24,Close,test,239,5736,3fcb81f5c7a58532d7547b0bd49a07b17bc33bac7b010f2423fcc1d3e114ba04
phase1-v1.1-2026-09-19,1d15aec3abbcf90382acd985d4d83792b7f276707ac9aab462d1b31cc7409a41,USDJPY@5539f922f5579d00,USDJPY,USDJPY,original-10,D_temporal_robustness,dates,2024-01-01,2025-01-01,2026-01-01,2083,262,257,96,24,Close,test,234,5616,13558640193ab409b8acc7474f37e0eda647414737081cb5e905b5b0adda4103
phase1-v1.1-2026-09-19,8072bdce62e2182c7b16bad6b226802414a6e10956f908b6e0e8107bfcf42050,WTI@0b7361bb11333d1f,WTI,WTI,c1-20,D_temporal_robustness,dates,2022-01-01,2023-01-01,2024-01-01,1509,251,250,96,1,Close,test,250,250,60104e8b633d3417c8c9444b65f4632d1f424785b975571749c374d449f77c66
phase1-v1.1-2026-09-19,ad0473ad44799f2dda58cac7a9b1fb7c2ebf2bd072b6758b5454e9a62daf5025,WTI@0b7361bb11333d1f,WTI,WTI,c1-20,D_temporal_robustness,dates,2023-01-01,2024-01-01,2025-01-01,1760,250,252,96,1,Close,test,252,252,70f920cf4e89d56b8348d216e65956a5d92402c5d437e50ca2add9fbd2d969b5
phase1-v1.1-2026-09-19,8cbf6c9b05c8ff0a3a26526aad9d9f1e2c4a2ac82142dfdc7e08cddeb88caf34,WTI@0b7361bb11333d1f,WTI,WTI,c1-20,D_temporal_robustness,dates,2024-01-01,2025-01-01,2026-01-01,2010,252,252,96,1,Close,test,252,252,930396f73fa9f73c2bc81aa419f1c56b3b559c8efa9baf208e60e84c05f34e2a
phase1-v1.1-2026-09-19,bf74a50a8166824aa3e99ea463090fe4e63713d45193037234f43e0aab7a6380,WTI@0b7361bb11333d1f,WTI,WTI,c1-20,D_temporal_robustness,dates,2022-01-01,2023-01-01,2024-01-01,1509,251,250,96,24,Close,test,227,5448,efe3a1ea2534e23762c7e9e2f6a0a2123a8120a5205a80a2260edd67a848dfe4
phase1-v1.1-2026-09-19,bdc951800e8d21b97ec518bf311a14ca446d7f44bb672a58ceb7a88045c01f3e,WTI@0b7361bb11333d1f,WTI,WTI,c1-20,D_temporal_robustness,dates,2023-01-01,2024-01-01,2025-01-01,1760,250,252,96,24,Close,test,229,5496,c07b61341d1bfb9af6b88f387b4238e7d6f4c2903de2e9de52190bd21a0fdca8
phase1-v1.1-2026-09-19,a1c24365dd9b40a9e3854aa04c70265bff703812062938f4e20d3bf9fbf6afae,WTI@0b7361bb11333d1f,WTI,WTI,c1-20,D_temporal_robustness,dates,2024-01-01,2025-01-01,2026-01-01,2010,252,252,96,24,Close,test,229,5496,fe63e208e2e9bd3284b731454a6a19c125b9f561e26c4e3358d75a30ac16cf96
