protocol_id,dataset_id,source_path,sha256,schema_version,time_column,frequency,timezone_status,series_group_id,cohort_label,static_strata,missingness_summary,nonfinite_summary,ohlc_status,price_domain_status,allowed_transformations,status,status_reason
phase1-v1.1-2026-09-19,AAPL@2d0ec4a90463b9a6,dataset/AAPL-2016-2025.csv,2d0ec4a90463b9a6bae915a3038d871c061b3d18d813d6572d50d75f4b185916,date-open-high-low-close/v1,date,daily; asset-specific market/session calendar,date-only session labels; timezone absent; no cross-asset intraday alignment claim,AAPL,c1-20,"[""c1-20""]",missing_or_nonfinite_cells=0,missing_or_nonfinite_cells=0,high_envelope_violations=0;low_envelope_violations=0,rows_with_nonpositive_price=0; raw prices retained,train-only StandardScaler; per-window RevIN; no log/offset/absolute-value/row deletion,eligible,"Frozen source bytes and schema verified. Known data conditions are retained without repair; the confirmatory target is level-space Close with normalized MSE, and no log-price/return transformation is authorized. no registry-recorded OHLC envelope or positive-price issue"
phase1-v1.1-2026-09-19,AMZN@28f348100dc6d056,dataset/AMZN-2016-2025.csv,28f348100dc6d056b7bd70aa472ff29923d3776b3eaf9a1385254e08b01e6771,date-open-high-low-close/v1,date,daily; asset-specific market/session calendar,date-only session labels; timezone absent; no cross-asset intraday alignment claim,AMZN,c1-20,"[""c1-20""]",missing_or_nonfinite_cells=0,missing_or_nonfinite_cells=0,high_envelope_violations=0;low_envelope_violations=0,rows_with_nonpositive_price=0; raw prices retained,train-only StandardScaler; per-window RevIN; no log/offset/absolute-value/row deletion,eligible,"Frozen source bytes and schema verified. Known data conditions are retained without repair; the confirmatory target is level-space Close with normalized MSE, and no log-price/return transformation is authorized. no registry-recorded OHLC envelope or positive-price issue"
phase1-v1.1-2026-09-19,AUDUSD@cd12448f06241286,dataset/AUDUSD-2016-2025.csv,cd12448f0624128676d89c3bc7c0d6a12fc34a8b37309e689834804fa15d2a9a,date-open-high-low-close/v1,date,daily; asset-specific market/session calendar,date-only session labels; timezone absent; no cross-asset intraday alignment claim,AUDUSD,c1-20,"[""c1-20""]",missing_or_nonfinite_cells=0,missing_or_nonfinite_cells=0,high_envelope_violations=41;low_envelope_violations=49,rows_with_nonpositive_price=0; raw prices retained,train-only StandardScaler; per-window RevIN; no log/offset/absolute-value/row deletion,eligible,"Frozen source bytes and schema verified. Known data conditions are retained without repair; the confirmatory target is level-space Close with normalized MSE, and no log-price/return transformation is authorized. OHLC envelope violations retained: high=41, low=49"
phase1-v1.1-2026-09-19,BABA@8d04e801150e7766,dataset/BABA-2016-2025.csv,8d04e801150e77666d95339668d3413f4d74027bd2bf90037cb6778c14d8c5ac,date-open-high-low-close/v1,date,daily; asset-specific market/session calendar,date-only session labels; timezone absent; no cross-asset intraday alignment claim,BABA,original-10,"[""original-10""]",missing_or_nonfinite_cells=0,missing_or_nonfinite_cells=0,high_envelope_violations=0;low_envelope_violations=0,rows_with_nonpositive_price=0; raw prices retained,train-only StandardScaler; per-window RevIN; no log/offset/absolute-value/row deletion,eligible,"Frozen source bytes and schema verified. Known data conditions are retained without repair; the confirmatory target is level-space Close with normalized MSE, and no log-price/return transformation is authorized. no registry-recorded OHLC envelope or positive-price issue"
phase1-v1.1-2026-09-19,BTCUSD@6bac7956b8cbc3be,dataset/BTCUSD-2016-2025.csv,6bac7956b8cbc3be4ba6328c1ce3792012c329c670aedb84382bd452561fbfa7,date-open-high-low-close/v1,date,daily; asset-specific market/session calendar,date-only session labels; timezone absent; no cross-asset intraday alignment claim,BTCUSD,original-10,"[""original-10""]",missing_or_nonfinite_cells=0,missing_or_nonfinite_cells=0,high_envelope_violations=0;low_envelope_violations=0,rows_with_nonpositive_price=0; raw prices retained,train-only StandardScaler; per-window RevIN; no log/offset/absolute-value/row deletion,eligible,"Frozen source bytes and schema verified. Known data conditions are retained without repair; the confirmatory target is level-space Close with normalized MSE, and no log-price/return transformation is authorized. no registry-recorded OHLC envelope or positive-price issue"
phase1-v1.1-2026-09-19,DJI@bef7c39c9cdd69ca,dataset/DJI-2016-2025.csv,bef7c39c9cdd69cab6b5182cbf7892e218ff70a9b0b88ebe1f44e5588e716838,date-open-high-low-close/v1,date,daily; asset-specific market/session calendar,date-only session labels; timezone absent; no cross-asset intraday alignment claim,DJI,original-10,"[""original-10""]",missing_or_nonfinite_cells=0,missing_or_nonfinite_cells=0,high_envelope_violations=0;low_envelope_violations=0,rows_with_nonpositive_price=0; raw prices retained,train-only StandardScaler; per-window RevIN; no log/offset/absolute-value/row deletion,eligible,"Frozen source bytes and schema verified. Known data conditions are retained without repair; the confirmatory target is level-space Close with normalized MSE, and no log-price/return transformation is authorized. no registry-recorded OHLC envelope or positive-price issue"
phase1-v1.1-2026-09-19,ETHUSD@76f63b29fc5302c9,dataset/ETHUSD-2016-2025.csv,76f63b29fc5302c9f438cf6d26785215a50fdc0813b211ea53e8eae95450cd41,date-open-high-low-close/v1,date,daily; asset-specific market/session calendar,date-only session labels; timezone absent; no cross-asset intraday alignment claim,ETHUSD,original-10,"[""original-10""]",missing_or_nonfinite_cells=0,missing_or_nonfinite_cells=0,high_envelope_violations=0;low_envelope_violations=0,rows_with_nonpositive_price=0; raw prices retained,train-only StandardScaler; per-window RevIN; no log/offset/absolute-value/row deletion,eligible,"Frozen source bytes and schema verified. Known data conditions are retained without repair; the confirmatory target is level-space Close with normalized MSE, and no log-price/return transformation is authorized. no registry-recorded OHLC envelope or positive-price issue"
phase1-v1.1-2026-09-19,EURUSD@decee70b7bac3a8c,dataset/EURUSD-2016-2025.csv,decee70b7bac3a8c9e38fb0a298e25944d49656287aef8edf7ed7e4fa24ff39d,date-open-high-low-close/v1,date,daily; asset-specific market/session calendar,date-only session labels; timezone absent; no cross-asset intraday alignment claim,EURUSD,original-10,"[""original-10""]",missing_or_nonfinite_cells=0,missing_or_nonfinite_cells=0,high_envelope_violations=29;low_envelope_violations=37,rows_with_nonpositive_price=0; raw prices retained,train-only StandardScaler; per-window RevIN; no log/offset/absolute-value/row deletion,eligible,"Frozen source bytes and schema verified. Known data conditions are retained without repair; the confirmatory target is level-space Close with normalized MSE, and no log-price/return transformation is authorized. OHLC envelope violations retained: high=29, low=37"
phase1-v1.1-2026-09-19,FTSE@7c69f5dd2b1d6e8f,dataset/FTSE-2016-2025.csv,7c69f5dd2b1d6e8f78c228cd607646c1289a688e83e3c6eeef5735e2f276d13e,date-open-high-low-close/v1,date,daily; asset-specific market/session calendar,date-only session labels; timezone absent; no cross-asset intraday alignment claim,FTSE,c1-20,"[""c1-20""]",missing_or_nonfinite_cells=0,missing_or_nonfinite_cells=0,high_envelope_violations=0;low_envelope_violations=0,rows_with_nonpositive_price=0; raw prices retained,train-only StandardScaler; per-window RevIN; no log/offset/absolute-value/row deletion,eligible,"Frozen source bytes and schema verified. Known data conditions are retained without repair; the confirmatory target is level-space Close with normalized MSE, and no log-price/return transformation is authorized. no registry-recorded OHLC envelope or positive-price issue"
phase1-v1.1-2026-09-19,GBPUSD@90e00d04d481138d,dataset/GBPUSD-2016-2025.csv,90e00d04d481138da937e5316ac8274728d622b30a117e755e33e9057c833c7d,date-open-high-low-close/v1,date,daily; asset-specific market/session calendar,date-only session labels; timezone absent; no cross-asset intraday alignment claim,GBPUSD,c1-20,"[""c1-20""]",missing_or_nonfinite_cells=0,missing_or_nonfinite_cells=0,high_envelope_violations=34;low_envelope_violations=27,rows_with_nonpositive_price=0; raw prices retained,train-only StandardScaler; per-window RevIN; no log/offset/absolute-value/row deletion,eligible,"Frozen source bytes and schema verified. Known data conditions are retained without repair; the confirmatory target is level-space Close with normalized MSE, and no log-price/return transformation is authorized. OHLC envelope violations retained: high=34, low=27"
phase1-v1.1-2026-09-19,GDAXI@6c8cc51c65fa002d,dataset/GDAXI-2016-2025.csv,6c8cc51c65fa002dc3129fd12b2278c05ae8b9a3e1d33ce3e3bcb076f57dbee5,date-open-high-low-close/v1,date,daily; asset-specific market/session calendar,date-only session labels; timezone absent; no cross-asset intraday alignment claim,GDAXI,c1-20,"[""c1-20""]",missing_or_nonfinite_cells=0,missing_or_nonfinite_cells=0,high_envelope_violations=0;low_envelope_violations=0,rows_with_nonpositive_price=0; raw prices retained,train-only StandardScaler; per-window RevIN; no log/offset/absolute-value/row deletion,eligible,"Frozen source bytes and schema verified. Known data conditions are retained without repair; the confirmatory target is level-space Close with normalized MSE, and no log-price/return transformation is authorized. no registry-recorded OHLC envelope or positive-price issue"
phase1-v1.1-2026-09-19,GLD@0b77dfa686fce94a,dataset/GLD-2016-2025.csv,0b77dfa686fce94a851cf19ad1f0f23a45028a85423a5a9f218594b12f69b231,date-open-high-low-close/v1,date,daily; asset-specific market/session calendar,date-only session labels; timezone absent; no cross-asset intraday alignment claim,GLD,c1-20,"[""c1-20""]",missing_or_nonfinite_cells=0,missing_or_nonfinite_cells=0,high_envelope_violations=0;low_envelope_violations=0,rows_with_nonpositive_price=0; raw prices retained,train-only StandardScaler; per-window RevIN; no log/offset/absolute-value/row deletion,eligible,"Frozen source bytes and schema verified. Known data conditions are retained without repair; the confirmatory target is level-space Close with normalized MSE, and no log-price/return transformation is authorized. no registry-recorded OHLC envelope or positive-price issue"
phase1-v1.1-2026-09-19,GOLD@76e42c67bcf264a2,dataset/GOLD-2016-2025.csv,76e42c67bcf264a2ce36a12e162a5f61f8807bde3954823ed074e23b77f8f4e5,date-open-high-low-close/v1,date,daily; asset-specific market/session calendar,date-only session labels; timezone absent; no cross-asset intraday alignment claim,GOLD,c1-20,"[""c1-20""]",missing_or_nonfinite_cells=0,missing_or_nonfinite_cells=0,high_envelope_violations=0;low_envelope_violations=0,rows_with_nonpositive_price=0; raw prices retained,train-only StandardScaler; per-window RevIN; no log/offset/absolute-value/row deletion,eligible,"Frozen source bytes and schema verified. Known data conditions are retained without repair; the confirmatory target is level-space Close with normalized MSE, and no log-price/return transformation is authorized. no registry-recorded OHLC envelope or positive-price issue"
phase1-v1.1-2026-09-19,GSPC@3ed85c6a7679d7dd,dataset/GSPC-2016-2025.csv,3ed85c6a7679d7dd64c345bf43159e27fffd8b275867249e30f270fe2533083e,date-open-high-low-close/v1,date,daily; asset-specific market/session calendar,date-only session labels; timezone absent; no cross-asset intraday alignment claim,GSPC,original-10,"[""original-10""]",missing_or_nonfinite_cells=0,missing_or_nonfinite_cells=0,high_envelope_violations=0;low_envelope_violations=0,rows_with_nonpositive_price=0; raw prices retained,train-only StandardScaler; per-window RevIN; no log/offset/absolute-value/row deletion,eligible,"Frozen source bytes and schema verified. Known data conditions are retained without repair; the confirmatory target is level-space Close with normalized MSE, and no log-price/return transformation is authorized. no registry-recorded OHLC envelope or positive-price issue"
phase1-v1.1-2026-09-19,HSI@2a04256095a96d54,dataset/HSI-2016-2025.csv,2a04256095a96d541142a426d289c5f173946b287ceefbd0ee2887c10cc25cec,date-open-high-low-close/v1,date,daily; asset-specific market/session calendar,date-only session labels; timezone absent; no cross-asset intraday alignment claim,HSI,c1-20,"[""c1-20""]",missing_or_nonfinite_cells=0,missing_or_nonfinite_cells=0,high_envelope_violations=0;low_envelope_violations=0,rows_with_nonpositive_price=0; raw prices retained,train-only StandardScaler; per-window RevIN; no log/offset/absolute-value/row deletion,eligible,"Frozen source bytes and schema verified. Known data conditions are retained without repair; the confirmatory target is level-space Close with normalized MSE, and no log-price/return transformation is authorized. no registry-recorded OHLC envelope or positive-price issue"
phase1-v1.1-2026-09-19,JPM@450e3fec5302e746,dataset/JPM-2016-2025.csv,450e3fec5302e7464e1a773e18a4d7f0132b58a926cac014f0e09e2083b1dc5e,date-open-high-low-close/v1,date,daily; asset-specific market/session calendar,date-only session labels; timezone absent; no cross-asset intraday alignment claim,JPM,c1-20,"[""c1-20""]",missing_or_nonfinite_cells=0,missing_or_nonfinite_cells=0,high_envelope_violations=0;low_envelope_violations=0,rows_with_nonpositive_price=0; raw prices retained,train-only StandardScaler; per-window RevIN; no log/offset/absolute-value/row deletion,eligible,"Frozen source bytes and schema verified. Known data conditions are retained without repair; the confirmatory target is level-space Close with normalized MSE, and no log-price/return transformation is authorized. no registry-recorded OHLC envelope or positive-price issue"
phase1-v1.1-2026-09-19,META@fe0effbe8a541895,dataset/META-2016-2025.csv,fe0effbe8a541895f60e19c664e7f06791408fd46de31db0396f61b2590fa19d,date-open-high-low-close/v1,date,daily; asset-specific market/session calendar,date-only session labels; timezone absent; no cross-asset intraday alignment claim,META,c1-20,"[""c1-20""]",missing_or_nonfinite_cells=0,missing_or_nonfinite_cells=0,high_envelope_violations=0;low_envelope_violations=0,rows_with_nonpositive_price=0; raw prices retained,train-only StandardScaler; per-window RevIN; no log/offset/absolute-value/row deletion,eligible,"Frozen source bytes and schema verified. Known data conditions are retained without repair; the confirmatory target is level-space Close with normalized MSE, and no log-price/return transformation is authorized. no registry-recorded OHLC envelope or positive-price issue"
phase1-v1.1-2026-09-19,MSFT@48139f47b21a7146,dataset/MSFT-2016-2025.csv,48139f47b21a71466a60f7db045a20c85c3a75dcaba7afc20d175646f8b0d931,date-open-high-low-close/v1,date,daily; asset-specific market/session calendar,date-only session labels; timezone absent; no cross-asset intraday alignment claim,MSFT,c1-20,"[""c1-20""]",missing_or_nonfinite_cells=0,missing_or_nonfinite_cells=0,high_envelope_violations=0;low_envelope_violations=0,rows_with_nonpositive_price=0; raw prices retained,train-only StandardScaler; per-window RevIN; no log/offset/absolute-value/row deletion,eligible,"Frozen source bytes and schema verified. Known data conditions are retained without repair; the confirmatory target is level-space Close with normalized MSE, and no log-price/return transformation is authorized. no registry-recorded OHLC envelope or positive-price issue"
phase1-v1.1-2026-09-19,N225@7250ac1596365ef8,dataset/N225-2016-2025.csv,7250ac1596365ef894b61bb257789e23fe56a386a90e378901ce651fce4924a3,date-open-high-low-close/v1,date,daily; asset-specific market/session calendar,date-only session labels; timezone absent; no cross-asset intraday alignment claim,N225,c1-20,"[""c1-20""]",missing_or_nonfinite_cells=0,missing_or_nonfinite_cells=0,high_envelope_violations=0;low_envelope_violations=0,rows_with_nonpositive_price=0; raw prices retained,train-only StandardScaler; per-window RevIN; no log/offset/absolute-value/row deletion,eligible,"Frozen source bytes and schema verified. Known data conditions are retained without repair; the confirmatory target is level-space Close with normalized MSE, and no log-price/return transformation is authorized. no registry-recorded OHLC envelope or positive-price issue"
phase1-v1.1-2026-09-19,NVO@63abb1de3c9b9d2c,dataset/NVO-2016-2025.csv,63abb1de3c9b9d2c590245b0d518564ef209403ac6a9caab0ca11634ef402409,date-open-high-low-close/v1,date,daily; asset-specific market/session calendar,date-only session labels; timezone absent; no cross-asset intraday alignment claim,NVO,original-10,"[""original-10""]",missing_or_nonfinite_cells=0,missing_or_nonfinite_cells=0,high_envelope_violations=0;low_envelope_violations=0,rows_with_nonpositive_price=0; raw prices retained,train-only StandardScaler; per-window RevIN; no log/offset/absolute-value/row deletion,eligible,"Frozen source bytes and schema verified. Known data conditions are retained without repair; the confirmatory target is level-space Close with normalized MSE, and no log-price/return transformation is authorized. no registry-recorded OHLC envelope or positive-price issue"
phase1-v1.1-2026-09-19,RUT@27f21f002ef04181,dataset/RUT-2016-2025.csv,27f21f002ef041815e4a1db4acb8c6a0b2492832b43dfd2e79e0ad016bf1f718,date-open-high-low-close/v1,date,daily; asset-specific market/session calendar,date-only session labels; timezone absent; no cross-asset intraday alignment claim,RUT,c1-20,"[""c1-20""]",missing_or_nonfinite_cells=0,missing_or_nonfinite_cells=0,high_envelope_violations=0;low_envelope_violations=0,rows_with_nonpositive_price=0; raw prices retained,train-only StandardScaler; per-window RevIN; no log/offset/absolute-value/row deletion,eligible,"Frozen source bytes and schema verified. Known data conditions are retained without repair; the confirmatory target is level-space Close with normalized MSE, and no log-price/return transformation is authorized. no registry-recorded OHLC envelope or positive-price issue"
phase1-v1.1-2026-09-19,SOX@b6972d30f925dad1,dataset/SOX-2016-2025.csv,b6972d30f925dad1756b963c1ee4448502ed8dc3e4a6aeda7365155d843e458d,date-open-high-low-close/v1,date,daily; asset-specific market/session calendar,date-only session labels; timezone absent; no cross-asset intraday alignment claim,SOX,original-10,"[""original-10""]",missing_or_nonfinite_cells=0,missing_or_nonfinite_cells=0,high_envelope_violations=0;low_envelope_violations=0,rows_with_nonpositive_price=0; raw prices retained,train-only StandardScaler; per-window RevIN; no log/offset/absolute-value/row deletion,eligible,"Frozen source bytes and schema verified. Known data conditions are retained without repair; the confirmatory target is level-space Close with normalized MSE, and no log-price/return transformation is authorized. no registry-recorded OHLC envelope or positive-price issue"
phase1-v1.1-2026-09-19,TLT@4da4b28f0adc0b50,dataset/TLT-2016-2025.csv,4da4b28f0adc0b50a763a4eba39f6e1f0893df85b9f3bac2769576cfb7671da1,date-open-high-low-close/v1,date,daily; asset-specific market/session calendar,date-only session labels; timezone absent; no cross-asset intraday alignment claim,TLT,c1-20,"[""c1-20""]",missing_or_nonfinite_cells=0,missing_or_nonfinite_cells=0,high_envelope_violations=0;low_envelope_violations=0,rows_with_nonpositive_price=0; raw prices retained,train-only StandardScaler; per-window RevIN; no log/offset/absolute-value/row deletion,eligible,"Frozen source bytes and schema verified. Known data conditions are retained without repair; the confirmatory target is level-space Close with normalized MSE, and no log-price/return transformation is authorized. no registry-recorded OHLC envelope or positive-price issue"
phase1-v1.1-2026-09-19,TM@4f6a56b973432b10,dataset/TM-2016-2025.csv,4f6a56b973432b10296b0da89090dd69e5a91864c0ef15bde9ad90554c6298ba,date-open-high-low-close/v1,date,daily; asset-specific market/session calendar,date-only session labels; timezone absent; no cross-asset intraday alignment claim,TM,original-10,"[""original-10""]",missing_or_nonfinite_cells=0,missing_or_nonfinite_cells=0,high_envelope_violations=0;low_envelope_violations=0,rows_with_nonpositive_price=0; raw prices retained,train-only StandardScaler; per-window RevIN; no log/offset/absolute-value/row deletion,eligible,"Frozen source bytes and schema verified. Known data conditions are retained without repair; the confirmatory target is level-space Close with normalized MSE, and no log-price/return transformation is authorized. no registry-recorded OHLC envelope or positive-price issue"
phase1-v1.1-2026-09-19,TSLA@4993de1e6a099778,dataset/TSLA-2016-2025.csv,4993de1e6a0997785a6c40f5397374dcbe9254b5f5bd3f0633edf92c951e5b9d,date-open-high-low-close/v1,date,daily; asset-specific market/session calendar,date-only session labels; timezone absent; no cross-asset intraday alignment claim,TSLA,c1-20,"[""c1-20""]",missing_or_nonfinite_cells=0,missing_or_nonfinite_cells=0,high_envelope_violations=0;low_envelope_violations=0,rows_with_nonpositive_price=0; raw prices retained,train-only StandardScaler; per-window RevIN; no log/offset/absolute-value/row deletion,eligible,"Frozen source bytes and schema verified. Known data conditions are retained without repair; the confirmatory target is level-space Close with normalized MSE, and no log-price/return transformation is authorized. no registry-recorded OHLC envelope or positive-price issue"
phase1-v1.1-2026-09-19,USDCAD@4f346a1849e213ec,dataset/USDCAD-2016-2025.csv,4f346a1849e213ec83446c6d7cdcd450e4e13f15532ce9787cb26a05e09727ee,date-open-high-low-close/v1,date,daily; asset-specific market/session calendar,date-only session labels; timezone absent; no cross-asset intraday alignment claim,USDCAD,c1-20,"[""c1-20""]",missing_or_nonfinite_cells=0,missing_or_nonfinite_cells=0,high_envelope_violations=35;low_envelope_violations=41,rows_with_nonpositive_price=0; raw prices retained,train-only StandardScaler; per-window RevIN; no log/offset/absolute-value/row deletion,eligible,"Frozen source bytes and schema verified. Known data conditions are retained without repair; the confirmatory target is level-space Close with normalized MSE, and no log-price/return transformation is authorized. OHLC envelope violations retained: high=35, low=41"
phase1-v1.1-2026-09-19,USDJPY@5539f922f5579d00,dataset/USDJPY-2016-2025.csv,5539f922f5579d00175e1eb84172aeea60a621499933fa668986f9f7757d8488,date-open-high-low-close/v1,date,daily; asset-specific market/session calendar,date-only session labels; timezone absent; no cross-asset intraday alignment claim,USDJPY,original-10,"[""original-10""]",missing_or_nonfinite_cells=0,missing_or_nonfinite_cells=0,high_envelope_violations=86;low_envelope_violations=75,rows_with_nonpositive_price=0; raw prices retained,train-only StandardScaler; per-window RevIN; no log/offset/absolute-value/row deletion,eligible,"Frozen source bytes and schema verified. Known data conditions are retained without repair; the confirmatory target is level-space Close with normalized MSE, and no log-price/return transformation is authorized. OHLC envelope violations retained: high=86, low=75"
phase1-v1.1-2026-09-19,WMT@927d268a64b42742,dataset/WMT-2016-2025.csv,927d268a64b42742e6ae0b29c60a178beadf98506c0e6e1bc778c2e08f885481,date-open-high-low-close/v1,date,daily; asset-specific market/session calendar,date-only session labels; timezone absent; no cross-asset intraday alignment claim,WMT,c1-20,"[""c1-20""]",missing_or_nonfinite_cells=0,missing_or_nonfinite_cells=0,high_envelope_violations=0;low_envelope_violations=0,rows_with_nonpositive_price=0; raw prices retained,train-only StandardScaler; per-window RevIN; no log/offset/absolute-value/row deletion,eligible,"Frozen source bytes and schema verified. Known data conditions are retained without repair; the confirmatory target is level-space Close with normalized MSE, and no log-price/return transformation is authorized. no registry-recorded OHLC envelope or positive-price issue"
phase1-v1.1-2026-09-19,WTI@0b7361bb11333d1f,dataset/WTI-2016-2025.csv,0b7361bb11333d1f6fb889429d8e4869789f260eb6d5c457c1ecec6b936527f1,date-open-high-low-close/v1,date,daily; asset-specific market/session calendar,date-only session labels; timezone absent; no cross-asset intraday alignment claim,WTI,c1-20,"[""c1-20""]",missing_or_nonfinite_cells=0,missing_or_nonfinite_cells=0,high_envelope_violations=0;low_envelope_violations=0,rows_with_nonpositive_price=2; raw prices retained,train-only StandardScaler; per-window RevIN; no log/offset/absolute-value/row deletion,eligible,"Frozen source bytes and schema verified. Known data conditions are retained without repair; the confirmatory target is level-space Close with normalized MSE, and no log-price/return transformation is authorized. rows with a non-positive OHLC value retained: 2"
phase1-v1.1-2026-09-19,XOM@74ecd45a77d1edb9,dataset/XOM-2016-2025.csv,74ecd45a77d1edb9692cadc61b853a381de1b028f50a290df4057f37f9b9c928,date-open-high-low-close/v1,date,daily; asset-specific market/session calendar,date-only session labels; timezone absent; no cross-asset intraday alignment claim,XOM,c1-20,"[""c1-20""]",missing_or_nonfinite_cells=0,missing_or_nonfinite_cells=0,high_envelope_violations=0;low_envelope_violations=0,rows_with_nonpositive_price=0; raw prices retained,train-only StandardScaler; per-window RevIN; no log/offset/absolute-value/row deletion,eligible,"Frozen source bytes and schema verified. Known data conditions are retained without repair; the confirmatory target is level-space Close with normalized MSE, and no log-price/return transformation is authorized. no registry-recorded OHLC envelope or positive-price issue"
