logical_run_id,p4_attempt,receipt_sha256,source_commit
B_screen_AAPL_revin-DLinear_h1_s2021,reproduction\results\phase1\p4-partial-20260929\attempts\B_screen_AAPL_revin-DLinear_h1_s2021__attempt-01,68e9c5aca8d0136c574add752f787f92c821dee8d2f27927aeb37df879955cb6,bf738b9c42104197ee6204f9bcbd223fe0b3c3e2
B_screen_AAPL_revin-DLinear_h24_s2021,reproduction\results\phase1\p4-partial-20260929\attempts\B_screen_AAPL_revin-DLinear_h24_s2021__attempt-01,764875fdfa4998df43cf34da595e9a0920f1b026746702a01bb4ff6e08bfbb93,bf738b9c42104197ee6204f9bcbd223fe0b3c3e2
B_screen_AAPL_DeReFusion_h1_s2021,reproduction\results\phase1\p4-partial-20260929\attempts\B_screen_AAPL_DeReFusion_h1_s2021__attempt-01,d498c5deafdd9a6106be3fc3a5a3b4a316d864cd4cb90a6c2b804ae93eeb9db2,bf738b9c42104197ee6204f9bcbd223fe0b3c3e2
B_screen_AAPL_DeReFusion_h24_s2021,reproduction\results\phase1\p4-partial-20260929\attempts\B_screen_AAPL_DeReFusion_h24_s2021__attempt-01,11d43e38ab8d97ab77d670d86bec260082be5d1d32576249c24090ebb0f778da,bf738b9c42104197ee6204f9bcbd223fe0b3c3e2
B_screen_AAPL_revin-PatchTST_h1_s2021,reproduction\results\phase1\p4-partial-20260929\attempts\B_screen_AAPL_revin-PatchTST_h1_s2021__attempt-01,1b80f7d0d686f0330ba392886e201b0ff0c0e9a3cd30339d9c87d03551467e9b,bf738b9c42104197ee6204f9bcbd223fe0b3c3e2
B_screen_AAPL_revin-PatchTST_h24_s2021,reproduction\results\phase1\p4-partial-20260929\attempts\B_screen_AAPL_revin-PatchTST_h24_s2021__attempt-01,cac8d6de803fb58494e998db7aaadb0998271818cb9fac6df68dc3f5054358a2,bf738b9c42104197ee6204f9bcbd223fe0b3c3e2
B_screen_AAPL_revin-iTransformer_h1_s2021,reproduction\results\phase1\p4-partial-20260929\attempts\B_screen_AAPL_revin-iTransformer_h1_s2021__attempt-01,ed1463edabc118bd67e2961fc020cb60288b7c027570da882f6afb0cf806bf8b,bf738b9c42104197ee6204f9bcbd223fe0b3c3e2
B_screen_AAPL_revin-iTransformer_h24_s2021,reproduction\results\phase1\p4-partial-20260929\attempts\B_screen_AAPL_revin-iTransformer_h24_s2021__attempt-01,e47f2a7dcfc4b9cea8b9c1d137b17a61526f68668098b5d7580c97840c3b4b89,bf738b9c42104197ee6204f9bcbd223fe0b3c3e2
B_screen_AAPL_revin-TimesNet_h1_s2021,reproduction\results\phase1\p4-partial-20260929\attempts\B_screen_AAPL_revin-TimesNet_h1_s2021__attempt-01,259bd7e58fc804b3c22becfa629ed04d4263b157ccdf52ad89a9807b9341d12f,bf738b9c42104197ee6204f9bcbd223fe0b3c3e2
B_screen_AAPL_revin-TimesNet_h24_s2021,reproduction\results\phase1\p4-partial-20260929\attempts\B_screen_AAPL_revin-TimesNet_h24_s2021__attempt-01,2b0f7ca80559c1a2fb48b108329fd4e671c92bf01e22f5acd6aa5325fad07c11,bf738b9c42104197ee6204f9bcbd223fe0b3c3e2
B_screen_BTCUSD_revin-DLinear_h1_s2021,reproduction\results\phase1\p4-partial-20260929\attempts\B_screen_BTCUSD_revin-DLinear_h1_s2021__attempt-01,be78808473127eee9f7e3ddae5b95a54d6d9136f5341b751247a374670cee1ba,bf738b9c42104197ee6204f9bcbd223fe0b3c3e2
B_screen_BTCUSD_revin-DLinear_h24_s2021,reproduction\results\phase1\p4-partial-20260929\attempts\B_screen_BTCUSD_revin-DLinear_h24_s2021__attempt-01,a56663ae55b7a71b381988c39c1b389432d6ac64d9b82bf969f4e0091621661f,bf738b9c42104197ee6204f9bcbd223fe0b3c3e2
B_screen_BTCUSD_DeReFusion_h1_s2021,reproduction\results\phase1\p4-partial-20260929\attempts\B_screen_BTCUSD_DeReFusion_h1_s2021__attempt-01,9611edd8edb9e7ec7a2231aace5dc0d4eaf618f91b869e8f51e254b4a47a02b2,bf738b9c42104197ee6204f9bcbd223fe0b3c3e2
B_screen_BTCUSD_DeReFusion_h24_s2021,reproduction\results\phase1\p4-partial-20260929\attempts\B_screen_BTCUSD_DeReFusion_h24_s2021__attempt-01,d1f029949de271724eb3992b1120e3d4c88dfc75f902c799d221586bcd0d6117,bf738b9c42104197ee6204f9bcbd223fe0b3c3e2
B_screen_BTCUSD_revin-PatchTST_h1_s2021,reproduction\results\phase1\p4-partial-20260929\attempts\B_screen_BTCUSD_revin-PatchTST_h1_s2021__attempt-01,b9a09ea3685706d968bdc17a1519e771f1b74e1b44544422c561553d9a67ddc5,bf738b9c42104197ee6204f9bcbd223fe0b3c3e2
B_screen_BTCUSD_revin-PatchTST_h24_s2021,reproduction\results\phase1\p4-partial-20260929\attempts\B_screen_BTCUSD_revin-PatchTST_h24_s2021__attempt-01,d63c0b8c9998c6de197869c21eac4a68ab99789fcb57dd3aa8292e5f6008c866,bf738b9c42104197ee6204f9bcbd223fe0b3c3e2
B_screen_BTCUSD_revin-iTransformer_h1_s2021,reproduction\results\phase1\p4-partial-20260929\attempts\B_screen_BTCUSD_revin-iTransformer_h1_s2021__attempt-01,23997569cea8cf46416bf4f993d03ed9fcb06495ab75839aba48a2be5911a827,bf738b9c42104197ee6204f9bcbd223fe0b3c3e2
B_screen_BTCUSD_revin-iTransformer_h24_s2021,reproduction\results\phase1\p4-partial-20260929\attempts\B_screen_BTCUSD_revin-iTransformer_h24_s2021__attempt-01,d2e8d261a49feb50bba0df65cff3eee493fa2beb35eca0de81eba8541f566038,bf738b9c42104197ee6204f9bcbd223fe0b3c3e2
B_screen_EURUSD_revin-DLinear_h1_s2021,reproduction\results\phase1\p4-partial-20260929\attempts\B_screen_EURUSD_revin-DLinear_h1_s2021__attempt-01,b8b06917fa49c46199d2470f8ee3af30416aa37f780cf0199a9c436c324cce4e,bf738b9c42104197ee6204f9bcbd223fe0b3c3e2
B_screen_EURUSD_revin-DLinear_h24_s2021,reproduction\results\phase1\p4-partial-20260929\attempts\B_screen_EURUSD_revin-DLinear_h24_s2021__attempt-01,0041bc6ae70e913f24ff4cbd1cf9c6c8ef765fc8e5381a0be9b8b4bfa13c493b,bf738b9c42104197ee6204f9bcbd223fe0b3c3e2
B_screen_EURUSD_DeReFusion_h1_s2021,reproduction\results\phase1\p4-partial-20260929\attempts\B_screen_EURUSD_DeReFusion_h1_s2021__attempt-01,4f8b6f58cbd8ac6a1678635622cc64345406b52aa84cfeca85ae5d06d8266dd2,bf738b9c42104197ee6204f9bcbd223fe0b3c3e2
B_screen_EURUSD_DeReFusion_h24_s2021,reproduction\results\phase1\p4-partial-20260929\attempts\B_screen_EURUSD_DeReFusion_h24_s2021__attempt-01,8da08921d35d01eb2596022939dff21e9ec1ce69043fba73146a5fa77e361f32,bf738b9c42104197ee6204f9bcbd223fe0b3c3e2
B_screen_EURUSD_revin-PatchTST_h1_s2021,reproduction\results\phase1\p4-partial-20260929\attempts\B_screen_EURUSD_revin-PatchTST_h1_s2021__attempt-01,0db4140904e6feac7c1f5c8af6a113860869f2ab14d9ce6b88dbf7e1695a956a,bf738b9c42104197ee6204f9bcbd223fe0b3c3e2
B_screen_EURUSD_revin-PatchTST_h24_s2021,reproduction\results\phase1\p4-partial-20260929\attempts\B_screen_EURUSD_revin-PatchTST_h24_s2021__attempt-01,fb939002d27b063ab13684eef52439ac62742d401527ad03dceb8dbd21c0710a,bf738b9c42104197ee6204f9bcbd223fe0b3c3e2
B_screen_EURUSD_revin-iTransformer_h1_s2021,reproduction\results\phase1\p4-partial-20260929\attempts\B_screen_EURUSD_revin-iTransformer_h1_s2021__attempt-01,6e446bd275c4705177380feb7fd56051724d8cfddf70320921875d38876db518,bf738b9c42104197ee6204f9bcbd223fe0b3c3e2
B_screen_EURUSD_revin-iTransformer_h24_s2021,reproduction\results\phase1\p4-partial-20260929\attempts\B_screen_EURUSD_revin-iTransformer_h24_s2021__attempt-01,80c6c32c2642f99c44d99f88d08b2594430c8719a676e506f8ace9b25be518c2,bf738b9c42104197ee6204f9bcbd223fe0b3c3e2
B_screen_GSPC_revin-DLinear_h1_s2021,reproduction\results\phase1\p4-partial-20260929\attempts\B_screen_GSPC_revin-DLinear_h1_s2021__attempt-01,f9a95d02ac6612a73ca53d9a3f0c9b497c61a1593bc2440dceb803836b155117,bf738b9c42104197ee6204f9bcbd223fe0b3c3e2
B_screen_GSPC_revin-DLinear_h24_s2021,reproduction\results\phase1\p4-partial-20260929\attempts\B_screen_GSPC_revin-DLinear_h24_s2021__attempt-01,58004b90d82558ec33d254e50b9bc343ae602f5530df3256acf2d84b293460fe,bf738b9c42104197ee6204f9bcbd223fe0b3c3e2
B_screen_GSPC_DeReFusion_h1_s2021,reproduction\results\phase1\p4-partial-20260929\attempts\B_screen_GSPC_DeReFusion_h1_s2021__attempt-01,d6401c03d647a49facb08eda75dc083bb073468ee7c618c301b1a042b9d6ac8d,bf738b9c42104197ee6204f9bcbd223fe0b3c3e2
B_screen_GSPC_DeReFusion_h24_s2021,reproduction\results\phase1\p4-partial-20260929\attempts\B_screen_GSPC_DeReFusion_h24_s2021__attempt-01,a559f0eb9436cd308130aa3d0735de438e5e24ba0760fe4971446bf45722758e,bf738b9c42104197ee6204f9bcbd223fe0b3c3e2
B_screen_GSPC_revin-PatchTST_h1_s2021,reproduction\results\phase1\p4-partial-20260929\attempts\B_screen_GSPC_revin-PatchTST_h1_s2021__attempt-01,571a6f1925f50b23ed7666729ce2fcd072a1a0303a6a73fb897000d6da7b146e,bf738b9c42104197ee6204f9bcbd223fe0b3c3e2
B_screen_GSPC_revin-PatchTST_h24_s2021,reproduction\results\phase1\p4-partial-20260929\attempts\B_screen_GSPC_revin-PatchTST_h24_s2021__attempt-01,884ffdf848ef0f292305926be21b9c67267364d3324249dc52f0c25cdecb0bb1,bf738b9c42104197ee6204f9bcbd223fe0b3c3e2
B_screen_GSPC_revin-iTransformer_h1_s2021,reproduction\results\phase1\p4-partial-20260929\attempts\B_screen_GSPC_revin-iTransformer_h1_s2021__attempt-01,d022c19043f859adf3c43d2956d15a88c23ad4f73b6b98a0ed7e826f0d958bed,bf738b9c42104197ee6204f9bcbd223fe0b3c3e2
B_screen_GSPC_revin-iTransformer_h24_s2021,reproduction\results\phase1\p4-partial-20260929\attempts\B_screen_GSPC_revin-iTransformer_h24_s2021__attempt-01,07e60e8a53671cea92b1ce7852a156b04efea0ce05086f5ddec0cbc3088fa74f,bf738b9c42104197ee6204f9bcbd223fe0b3c3e2
