protocol_version,stage,asset,model,horizon,seed,origin,split_mode,train_end,val_end,test_end,status,block_reason,batch_id,batch_role
phase1-v1.1-2026-09-19,B_screen,AUDUSD,revin-TimesNet,24,2021,legacy-fixed,ratio,,,,planned,,local-5060-timesnet-remaining-v1,nonconfirmatory_timesnet_completion
phase1-v1.1-2026-09-19,B_screen,BABA,revin-TimesNet,1,2021,legacy-fixed,ratio,,,,planned,,local-5060-timesnet-remaining-v1,nonconfirmatory_timesnet_completion
phase1-v1.1-2026-09-19,B_screen,BABA,revin-TimesNet,24,2021,legacy-fixed,ratio,,,,planned,,local-5060-timesnet-remaining-v1,nonconfirmatory_timesnet_completion
phase1-v1.1-2026-09-19,B_screen,BTCUSD,revin-TimesNet,1,2021,legacy-fixed,ratio,,,,planned,,local-5060-timesnet-remaining-v1,nonconfirmatory_timesnet_completion
phase1-v1.1-2026-09-19,B_screen,BTCUSD,revin-TimesNet,24,2021,legacy-fixed,ratio,,,,planned,,local-5060-timesnet-remaining-v1,nonconfirmatory_timesnet_completion
phase1-v1.1-2026-09-19,B_screen,DJI,revin-TimesNet,1,2021,legacy-fixed,ratio,,,,planned,,local-5060-timesnet-remaining-v1,nonconfirmatory_timesnet_completion
phase1-v1.1-2026-09-19,B_screen,DJI,revin-TimesNet,24,2021,legacy-fixed,ratio,,,,planned,,local-5060-timesnet-remaining-v1,nonconfirmatory_timesnet_completion
phase1-v1.1-2026-09-19,B_screen,ETHUSD,revin-TimesNet,1,2021,legacy-fixed,ratio,,,,planned,,local-5060-timesnet-remaining-v1,nonconfirmatory_timesnet_completion
phase1-v1.1-2026-09-19,B_screen,ETHUSD,revin-TimesNet,24,2021,legacy-fixed,ratio,,,,planned,,local-5060-timesnet-remaining-v1,nonconfirmatory_timesnet_completion
phase1-v1.1-2026-09-19,B_screen,EURUSD,revin-TimesNet,1,2021,legacy-fixed,ratio,,,,planned,,local-5060-timesnet-remaining-v1,nonconfirmatory_timesnet_completion
phase1-v1.1-2026-09-19,B_screen,EURUSD,revin-TimesNet,24,2021,legacy-fixed,ratio,,,,planned,,local-5060-timesnet-remaining-v1,nonconfirmatory_timesnet_completion
phase1-v1.1-2026-09-19,B_screen,FTSE,revin-TimesNet,1,2021,legacy-fixed,ratio,,,,planned,,local-5060-timesnet-remaining-v1,nonconfirmatory_timesnet_completion
phase1-v1.1-2026-09-19,B_screen,FTSE,revin-TimesNet,24,2021,legacy-fixed,ratio,,,,planned,,local-5060-timesnet-remaining-v1,nonconfirmatory_timesnet_completion
phase1-v1.1-2026-09-19,B_screen,GBPUSD,revin-TimesNet,1,2021,legacy-fixed,ratio,,,,planned,,local-5060-timesnet-remaining-v1,nonconfirmatory_timesnet_completion
phase1-v1.1-2026-09-19,B_screen,GBPUSD,revin-TimesNet,24,2021,legacy-fixed,ratio,,,,planned,,local-5060-timesnet-remaining-v1,nonconfirmatory_timesnet_completion
phase1-v1.1-2026-09-19,B_screen,GDAXI,revin-TimesNet,1,2021,legacy-fixed,ratio,,,,planned,,local-5060-timesnet-remaining-v1,nonconfirmatory_timesnet_completion
phase1-v1.1-2026-09-19,B_screen,GDAXI,revin-TimesNet,24,2021,legacy-fixed,ratio,,,,planned,,local-5060-timesnet-remaining-v1,nonconfirmatory_timesnet_completion
phase1-v1.1-2026-09-19,B_screen,GLD,revin-TimesNet,1,2021,legacy-fixed,ratio,,,,planned,,local-5060-timesnet-remaining-v1,nonconfirmatory_timesnet_completion
phase1-v1.1-2026-09-19,B_screen,GLD,revin-TimesNet,24,2021,legacy-fixed,ratio,,,,planned,,local-5060-timesnet-remaining-v1,nonconfirmatory_timesnet_completion
phase1-v1.1-2026-09-19,B_screen,GOLD,revin-TimesNet,1,2021,legacy-fixed,ratio,,,,planned,,local-5060-timesnet-remaining-v1,nonconfirmatory_timesnet_completion
phase1-v1.1-2026-09-19,B_screen,GOLD,revin-TimesNet,24,2021,legacy-fixed,ratio,,,,planned,,local-5060-timesnet-remaining-v1,nonconfirmatory_timesnet_completion
phase1-v1.1-2026-09-19,B_screen,GSPC,revin-TimesNet,1,2021,legacy-fixed,ratio,,,,planned,,local-5060-timesnet-remaining-v1,nonconfirmatory_timesnet_completion
phase1-v1.1-2026-09-19,B_screen,GSPC,revin-TimesNet,24,2021,legacy-fixed,ratio,,,,planned,,local-5060-timesnet-remaining-v1,nonconfirmatory_timesnet_completion
phase1-v1.1-2026-09-19,B_screen,HSI,revin-TimesNet,1,2021,legacy-fixed,ratio,,,,planned,,local-5060-timesnet-remaining-v1,nonconfirmatory_timesnet_completion
phase1-v1.1-2026-09-19,B_screen,HSI,revin-TimesNet,24,2021,legacy-fixed,ratio,,,,planned,,local-5060-timesnet-remaining-v1,nonconfirmatory_timesnet_completion
phase1-v1.1-2026-09-19,B_screen,JPM,revin-TimesNet,1,2021,legacy-fixed,ratio,,,,planned,,local-5060-timesnet-remaining-v1,nonconfirmatory_timesnet_completion
phase1-v1.1-2026-09-19,B_screen,JPM,revin-TimesNet,24,2021,legacy-fixed,ratio,,,,planned,,local-5060-timesnet-remaining-v1,nonconfirmatory_timesnet_completion
phase1-v1.1-2026-09-19,B_screen,META,revin-TimesNet,1,2021,legacy-fixed,ratio,,,,planned,,local-5060-timesnet-remaining-v1,nonconfirmatory_timesnet_completion
phase1-v1.1-2026-09-19,B_screen,META,revin-TimesNet,24,2021,legacy-fixed,ratio,,,,planned,,local-5060-timesnet-remaining-v1,nonconfirmatory_timesnet_completion
phase1-v1.1-2026-09-19,B_screen,MSFT,revin-TimesNet,1,2021,legacy-fixed,ratio,,,,planned,,local-5060-timesnet-remaining-v1,nonconfirmatory_timesnet_completion
phase1-v1.1-2026-09-19,B_screen,MSFT,revin-TimesNet,24,2021,legacy-fixed,ratio,,,,planned,,local-5060-timesnet-remaining-v1,nonconfirmatory_timesnet_completion
phase1-v1.1-2026-09-19,B_screen,N225,revin-TimesNet,1,2021,legacy-fixed,ratio,,,,planned,,local-5060-timesnet-remaining-v1,nonconfirmatory_timesnet_completion
phase1-v1.1-2026-09-19,B_screen,N225,revin-TimesNet,24,2021,legacy-fixed,ratio,,,,planned,,local-5060-timesnet-remaining-v1,nonconfirmatory_timesnet_completion
phase1-v1.1-2026-09-19,B_screen,NVO,revin-TimesNet,1,2021,legacy-fixed,ratio,,,,planned,,local-5060-timesnet-remaining-v1,nonconfirmatory_timesnet_completion
phase1-v1.1-2026-09-19,B_screen,NVO,revin-TimesNet,24,2021,legacy-fixed,ratio,,,,planned,,local-5060-timesnet-remaining-v1,nonconfirmatory_timesnet_completion
phase1-v1.1-2026-09-19,B_screen,RUT,revin-TimesNet,1,2021,legacy-fixed,ratio,,,,planned,,local-5060-timesnet-remaining-v1,nonconfirmatory_timesnet_completion
phase1-v1.1-2026-09-19,B_screen,RUT,revin-TimesNet,24,2021,legacy-fixed,ratio,,,,planned,,local-5060-timesnet-remaining-v1,nonconfirmatory_timesnet_completion
phase1-v1.1-2026-09-19,B_screen,SOX,revin-TimesNet,1,2021,legacy-fixed,ratio,,,,planned,,local-5060-timesnet-remaining-v1,nonconfirmatory_timesnet_completion
phase1-v1.1-2026-09-19,B_screen,SOX,revin-TimesNet,24,2021,legacy-fixed,ratio,,,,planned,,local-5060-timesnet-remaining-v1,nonconfirmatory_timesnet_completion
phase1-v1.1-2026-09-19,B_screen,TLT,revin-TimesNet,1,2021,legacy-fixed,ratio,,,,planned,,local-5060-timesnet-remaining-v1,nonconfirmatory_timesnet_completion
phase1-v1.1-2026-09-19,B_screen,TLT,revin-TimesNet,24,2021,legacy-fixed,ratio,,,,planned,,local-5060-timesnet-remaining-v1,nonconfirmatory_timesnet_completion
phase1-v1.1-2026-09-19,B_screen,TM,revin-TimesNet,1,2021,legacy-fixed,ratio,,,,planned,,local-5060-timesnet-remaining-v1,nonconfirmatory_timesnet_completion
phase1-v1.1-2026-09-19,B_screen,TM,revin-TimesNet,24,2021,legacy-fixed,ratio,,,,planned,,local-5060-timesnet-remaining-v1,nonconfirmatory_timesnet_completion
phase1-v1.1-2026-09-19,B_screen,TSLA,revin-TimesNet,1,2021,legacy-fixed,ratio,,,,planned,,local-5060-timesnet-remaining-v1,nonconfirmatory_timesnet_completion
phase1-v1.1-2026-09-19,B_screen,TSLA,revin-TimesNet,24,2021,legacy-fixed,ratio,,,,planned,,local-5060-timesnet-remaining-v1,nonconfirmatory_timesnet_completion
phase1-v1.1-2026-09-19,B_screen,USDCAD,revin-TimesNet,1,2021,legacy-fixed,ratio,,,,planned,,local-5060-timesnet-remaining-v1,nonconfirmatory_timesnet_completion
phase1-v1.1-2026-09-19,B_screen,USDCAD,revin-TimesNet,24,2021,legacy-fixed,ratio,,,,planned,,local-5060-timesnet-remaining-v1,nonconfirmatory_timesnet_completion
phase1-v1.1-2026-09-19,B_screen,USDJPY,revin-TimesNet,1,2021,legacy-fixed,ratio,,,,planned,,local-5060-timesnet-remaining-v1,nonconfirmatory_timesnet_completion
phase1-v1.1-2026-09-19,B_screen,USDJPY,revin-TimesNet,24,2021,legacy-fixed,ratio,,,,planned,,local-5060-timesnet-remaining-v1,nonconfirmatory_timesnet_completion
phase1-v1.1-2026-09-19,B_screen,WMT,revin-TimesNet,1,2021,legacy-fixed,ratio,,,,planned,,local-5060-timesnet-remaining-v1,nonconfirmatory_timesnet_completion
phase1-v1.1-2026-09-19,B_screen,WMT,revin-TimesNet,24,2021,legacy-fixed,ratio,,,,planned,,local-5060-timesnet-remaining-v1,nonconfirmatory_timesnet_completion
phase1-v1.1-2026-09-19,B_screen,WTI,revin-TimesNet,1,2021,legacy-fixed,ratio,,,,planned,,local-5060-timesnet-remaining-v1,nonconfirmatory_timesnet_completion
phase1-v1.1-2026-09-19,B_screen,WTI,revin-TimesNet,24,2021,legacy-fixed,ratio,,,,planned,,local-5060-timesnet-remaining-v1,nonconfirmatory_timesnet_completion
phase1-v1.1-2026-09-19,B_screen,XOM,revin-TimesNet,1,2021,legacy-fixed,ratio,,,,planned,,local-5060-timesnet-remaining-v1,nonconfirmatory_timesnet_completion
phase1-v1.1-2026-09-19,B_screen,XOM,revin-TimesNet,24,2021,legacy-fixed,ratio,,,,planned,,local-5060-timesnet-remaining-v1,nonconfirmatory_timesnet_completion
