cohort,horizon,model,assets,mean_asset_mse,median_asset_mse,min_asset_mse,max_asset_mse,mean_asset_mae,mean_asset_rmse,assets_a_lower_mse,assets_tied_mse,assets_b_lower_mse
c1-20,1,DeReFusion,20,0.0468036760285,0.0363317066046,0.00913443891223,0.188234383311,0.154861785347,0.204319228197,,,
c1-20,1,DeReFusion minus revin-PatchTST,20,0.0271422173223,0.0201727812462,0.00549187074171,0.1024424701,,,0,0,20
c1-20,1,DeReFusion minus revin-iTransformer,20,0.0220987720343,0.0169831645197,0.00434120958437,0.10773909572,,,0,0,20
c1-20,1,revin-DLinear,20,0.0487312273528,0.0376612266459,0.0104052544433,0.179860883651,0.157244763869,0.20837074831,,,
c1-20,1,revin-DLinear minus DeReFusion,20,0.00192755132425,0.00143743989869,-0.00837349965971,0.0178386931664,,,7,0,13
c1-20,1,revin-DLinear minus revin-PatchTST,20,0.0290697686466,0.0190872644616,0.0067626862728,0.0940689704404,,,0,0,20
c1-20,1,revin-DLinear minus revin-iTransformer,20,0.0240263233585,0.0185527227049,0.00561202511547,0.0993655960601,,,0,0,20
c1-20,1,revin-PatchTST,20,0.0196614587062,0.0163154931751,0.00364256817052,0.0857919132106,0.0970593382419,0.131850731924,,,
c1-20,1,revin-PatchTST minus revin-iTransformer,20,-0.00504344528805,-0.00356696287817,-0.0136362440542,0.00529662561969,,,18,0,2
c1-20,1,revin-iTransformer,20,0.0247049039942,0.0199861295963,0.00479322932785,0.0804952875909,0.111864541363,0.149718482329,,,
c1-20,24,DeReFusion,20,0.179202526976,0.142239524438,0.0343359143703,0.661516648316,0.300998612089,0.398876799674,,,
c1-20,24,DeReFusion minus revin-PatchTST,20,0.0203951665841,0.0135964371931,-0.0172622059457,0.133475017307,,,4,0,16
c1-20,24,DeReFusion minus revin-iTransformer,20,-0.000366908199985,-0.00197064664486,-0.0839490444406,0.10838959035,,,11,0,9
c1-20,24,revin-DLinear,20,0.179487412264,0.14275986398,0.0294866407829,0.646629598072,0.299214877497,0.397486157388,,,
c1-20,24,revin-DLinear minus DeReFusion,20,0.000284885288884,-0.00212643170218,-0.0301696068978,0.0454352491783,,,11,0,9
c1-20,24,revin-DLinear minus revin-PatchTST,20,0.0206800518729,0.0129418230527,-0.0142209108611,0.118587967063,,,3,0,17
c1-20,24,revin-DLinear minus revin-iTransformer,20,-8.20229111016e-05,0.00198351619886,-0.0749688641046,0.0935025401056,,,9,0,11
c1-20,24,revin-PatchTST,20,0.158807360392,0.132281946225,0.0250777622484,0.528041631009,0.280885775768,0.375184042431,,,
c1-20,24,revin-PatchTST minus revin-iTransformer,20,-0.020762074784,-0.0148275956256,-0.101122767616,0.0416235935481,,,17,0,3
c1-20,24,revin-iTransformer,20,0.179569435176,0.155834788274,0.0247618919957,0.553127057966,0.30183595084,0.398144451816,,,
original-10,1,DeReFusion,10,0.0510744513652,0.0389195620776,0.0144486368395,0.166007083748,0.159970837642,0.210587486451,,,
original-10,1,DeReFusion minus revin-PatchTST,10,0.0304712814213,0.0215391047412,0.00799685612719,0.103572366098,,,0,0,10
original-10,1,DeReFusion minus revin-iTransformer,10,0.0250931929685,0.0149281346602,0.00599689686372,0.093376854858,,,0,0,10
original-10,1,revin-DLinear,10,0.0516767777568,0.0419030769349,0.0146010659073,0.163132790798,0.161240205015,0.211384283072,,,
original-10,1,revin-DLinear minus DeReFusion,10,0.000602326391646,-0.000240944247905,-0.00585230033117,0.00773542415935,,,5,0,5
original-10,1,revin-DLinear minus revin-PatchTST,10,0.0310736078129,0.0249319238843,0.00814928519499,0.100698073148,,,0,0,10
original-10,1,revin-DLinear minus revin-iTransformer,10,0.0256955193602,0.0165556310773,0.00614932593152,0.0905025619083,,,0,0,10
original-10,1,revin-PatchTST,10,0.0206031699439,0.0161660958942,0.00645178071235,0.0624347176506,0.0977520841638,0.134459016555,,,
original-10,1,revin-PatchTST minus revin-iTransformer,10,-0.00537808845274,-0.0027240576834,-0.012360616092,-0.00195465019115,,,10,0,0
original-10,1,revin-iTransformer,10,0.0259812583967,0.0211217377963,0.00845173997582,0.0726302288901,0.112728491256,0.151798705653,,,
original-10,24,DeReFusion,10,0.214574222961,0.16705942441,0.0462964106879,0.685651252478,0.324565214887,0.428014071759,,,
original-10,24,DeReFusion minus revin-PatchTST,10,0.0290047440345,0.0153148472559,0.000499907655886,0.091238915126,,,0,0,10
original-10,24,DeReFusion minus revin-iTransformer,10,-0.0117198268277,-0.0107302734427,-0.081463612217,0.0351609881984,,,6,0,4
original-10,24,revin-DLinear,10,0.209800624967,0.1706917288,0.0666233468719,0.586371585429,0.331979520109,0.434266303347,,,
original-10,24,revin-DLinear minus DeReFusion,10,-0.00477359799358,0.00487170587061,-0.099279667049,0.0510991627737,,,2,0,8
original-10,24,revin-DLinear minus revin-PatchTST,10,0.0242311460409,0.025653740701,-0.00804075192297,0.0546822194182,,,1,0,9
original-10,24,revin-DLinear minus revin-iTransformer,10,-0.0164934248213,0.0060944946492,-0.180743279266,0.0524777564655,,,5,0,5
original-10,24,revin-PatchTST,10,0.185569478926,0.151957512232,0.0427133540434,0.594412337352,0.301684119045,0.399593730922,,,
original-10,24,revin-PatchTST minus revin-iTransformer,10,-0.0407245708622,-0.0194656239106,-0.172702527343,0.0184189379779,,,7,0,3
original-10,24,revin-iTransformer,10,0.226294049788,0.154052092745,0.0504375188736,0.767114864695,0.33410734161,0.437026605373,,,
