cohort,horizon,seed,assets,mean_normalized_mse_revin_dlinear,mean_normalized_mse_derefusion,mean_paired_delta_derefusion_minus_dlinear,assets_delta_negative,assets_delta_zero,assets_delta_positive
original-10,1,2022,10,0.05119250593706966,0.04187788963317871,-0.009314616303890943,10,0,0
original-10,1,2023,10,0.05276468321681023,0.037246675509959457,-0.015518007706850767,10,0,0
original-10,1,2024,10,0.051470497716218234,0.030016698502004148,-0.021453799214214087,10,0,0
original-10,24,2022,10,0.20644423589110375,0.20096212327480317,-0.0054821126163005825,7,0,3
original-10,24,2023,10,0.20830991268157958,0.21299206241965293,0.004682149738073349,6,0,4
original-10,24,2024,10,0.2147747952491045,0.21569647528231145,0.0009216800332069397,4,0,6
c1-20,1,2022,20,0.04874723246321082,0.03958660424686968,-0.009160628216341138,19,0,1
c1-20,1,2023,20,0.048284469079226254,0.03658877103589475,-0.011695698043331504,20,0,0
c1-20,1,2024,20,0.048880251869559285,0.029980422090739013,-0.018899829778820276,20,0,0
c1-20,24,2022,20,0.18339416487142443,0.17475659698247908,-0.008637567888945341,10,0,10
c1-20,24,2023,20,0.1854831269942224,0.17536278888583184,-0.01012033810839057,13,0,7
c1-20,24,2024,20,0.18024684805423022,0.17739305049180984,-0.002853797562420368,11,0,9
