execution_track,model,horizon,eligible_fits,median_train_time_seconds,p90_train_time_seconds,min_train_time_seconds,max_train_time_seconds
P4 main partial execution,DeReFusion,1,30,21.75,23.752,18.95,30.03
P4 main partial execution,DeReFusion,24,30,18.0,24.232,8.77,25.18
P4 main partial execution,revin-DLinear,1,30,10.285,11.253,9.14,13.61
P4 main partial execution,revin-DLinear,24,30,8.48,10.037,3.61,14.59
P4 main partial execution,revin-PatchTST,1,30,19.939999999999998,31.012,12.87,36.5
P4 main partial execution,revin-PatchTST,24,30,16.835,29.151000000000003,10.18,33.73
P4 main partial execution,revin-TimesNet,1,3,2869.08,7034.104,2688.24,8075.36
P4 main partial execution,revin-TimesNet,24,2,2554.325,2762.0170000000003,2294.71,2813.94
P4 main partial execution,revin-iTransformer,1,30,15.739999999999998,26.439000000000004,7.97,29.58
P4 main partial execution,revin-iTransformer,24,30,16.9,25.596,7.67,33.2
RTX8000 nonconfirmatory supplement,revin-TimesNet,1,27,1363.97,1839.5080000000005,539.21,2264.96
RTX8000 nonconfirmatory supplement,revin-TimesNet,24,28,666.64,1160.8440000000003,491.76,1695.85
