cohort,horizon,model_a,model_b,assets,mean_asset_mse_delta_a_minus_b,median_asset_mse_delta_a_minus_b,assets_a_lower_mse,assets_tied_mse,assets_b_lower_mse,warning
c1-20,1,revin-DLinear,DeReFusion,20,0.00192755132425,0.00143743989869,7,0,13,TimesNet execution track differs for some cells; descriptive only
c1-20,1,revin-DLinear,revin-PatchTST,20,0.0290697686466,0.0190872644616,0,0,20,TimesNet execution track differs for some cells; descriptive only
c1-20,1,revin-DLinear,revin-iTransformer,20,0.0240263233585,0.0185527227049,0,0,20,TimesNet execution track differs for some cells; descriptive only
c1-20,1,revin-DLinear,revin-TimesNet,20,0.0157353604469,0.0101013928061,2,0,18,TimesNet execution track differs for some cells; descriptive only
c1-20,1,DeReFusion,revin-PatchTST,20,0.0271422173223,0.0201727812462,0,0,20,TimesNet execution track differs for some cells; descriptive only
c1-20,1,DeReFusion,revin-iTransformer,20,0.0220987720343,0.0169831645197,0,0,20,TimesNet execution track differs for some cells; descriptive only
c1-20,1,DeReFusion,revin-TimesNet,20,0.0138078091227,0.00933417689509,2,0,18,TimesNet execution track differs for some cells; descriptive only
c1-20,1,revin-PatchTST,revin-iTransformer,20,-0.00504344528805,-0.00356696287817,18,0,2,TimesNet execution track differs for some cells; descriptive only
c1-20,1,revin-PatchTST,revin-TimesNet,20,-0.0133344081996,-0.0136131475791,19,0,1,TimesNet execution track differs for some cells; descriptive only
c1-20,1,revin-iTransformer,revin-TimesNet,20,-0.00829096291157,-0.00445146996261,15,0,5,TimesNet execution track differs for some cells; descriptive only
c1-20,24,revin-DLinear,DeReFusion,20,0.000284885288884,-0.00212643170218,11,0,9,TimesNet execution track differs for some cells; descriptive only
c1-20,24,revin-DLinear,revin-PatchTST,20,0.0206800518729,0.0129418230527,3,0,17,TimesNet execution track differs for some cells; descriptive only
c1-20,24,revin-DLinear,revin-iTransformer,20,-8.20229111016e-05,0.00198351619886,9,0,11,TimesNet execution track differs for some cells; descriptive only
c1-20,24,revin-DLinear,revin-TimesNet,20,-0.00290320351957,-0.00713485207461,13,0,7,TimesNet execution track differs for some cells; descriptive only
c1-20,24,DeReFusion,revin-PatchTST,20,0.0203951665841,0.0135964371931,4,0,16,TimesNet execution track differs for some cells; descriptive only
c1-20,24,DeReFusion,revin-iTransformer,20,-0.000366908199985,-0.00197064664486,11,0,9,TimesNet execution track differs for some cells; descriptive only
c1-20,24,DeReFusion,revin-TimesNet,20,-0.00318808880845,-0.00847166931668,13,0,7,TimesNet execution track differs for some cells; descriptive only
c1-20,24,revin-PatchTST,revin-iTransformer,20,-0.020762074784,-0.0148275956256,17,0,3,TimesNet execution track differs for some cells; descriptive only
c1-20,24,revin-PatchTST,revin-TimesNet,20,-0.0235832553925,-0.0198879987557,19,0,1,TimesNet execution track differs for some cells; descriptive only
c1-20,24,revin-iTransformer,revin-TimesNet,20,-0.00282118060847,-0.00876550885809,13,0,7,TimesNet execution track differs for some cells; descriptive only
original-10,1,revin-DLinear,DeReFusion,10,0.000602326391646,-0.000240944247905,5,0,5,TimesNet execution track differs for some cells; descriptive only
original-10,1,revin-DLinear,revin-PatchTST,10,0.0310736078129,0.0249319238843,0,0,10,TimesNet execution track differs for some cells; descriptive only
original-10,1,revin-DLinear,revin-iTransformer,10,0.0256955193602,0.0165556310773,0,0,10,TimesNet execution track differs for some cells; descriptive only
original-10,1,revin-DLinear,revin-TimesNet,10,0.00704716322543,0.00632450633309,1,0,9,TimesNet execution track differs for some cells; descriptive only
original-10,1,DeReFusion,revin-PatchTST,10,0.0304712814213,0.0215391047412,0,0,10,TimesNet execution track differs for some cells; descriptive only
original-10,1,DeReFusion,revin-iTransformer,10,0.0250931929685,0.0149281346602,0,0,10,TimesNet execution track differs for some cells; descriptive only
original-10,1,DeReFusion,revin-TimesNet,10,0.00644483683379,0.00788668643744,1,0,9,TimesNet execution track differs for some cells; descriptive only
original-10,1,revin-PatchTST,revin-iTransformer,10,-0.00537808845274,-0.0027240576834,10,0,0,TimesNet execution track differs for some cells; descriptive only
original-10,1,revin-PatchTST,revin-TimesNet,10,-0.0240264445875,-0.0121632469673,10,0,0,TimesNet execution track differs for some cells; descriptive only
original-10,1,revin-iTransformer,revin-TimesNet,10,-0.0186483561347,-0.00716449964609,9,0,1,TimesNet execution track differs for some cells; descriptive only
original-10,24,revin-DLinear,DeReFusion,10,-0.00477359799358,0.00487170587061,2,0,8,TimesNet execution track differs for some cells; descriptive only
original-10,24,revin-DLinear,revin-PatchTST,10,0.0242311460409,0.025653740701,1,0,9,TimesNet execution track differs for some cells; descriptive only
original-10,24,revin-DLinear,revin-iTransformer,10,-0.0164934248213,0.0060944946492,5,0,5,TimesNet execution track differs for some cells; descriptive only
original-10,24,revin-DLinear,revin-TimesNet,10,-0.024971686459,-0.00788619679333,6,0,4,TimesNet execution track differs for some cells; descriptive only
original-10,24,DeReFusion,revin-PatchTST,10,0.0290047440345,0.0153148472559,0,0,10,TimesNet execution track differs for some cells; descriptive only
original-10,24,DeReFusion,revin-iTransformer,10,-0.0117198268277,-0.0107302734427,6,0,4,TimesNet execution track differs for some cells; descriptive only
original-10,24,DeReFusion,revin-TimesNet,10,-0.0201980884654,-0.00875804155798,7,0,3,TimesNet execution track differs for some cells; descriptive only
original-10,24,revin-PatchTST,revin-iTransformer,10,-0.0407245708622,-0.0194656239106,7,0,3,TimesNet execution track differs for some cells; descriptive only
original-10,24,revin-PatchTST,revin-TimesNet,10,-0.0492028324999,-0.0257031389534,10,0,0,TimesNet execution track differs for some cells; descriptive only
original-10,24,revin-iTransformer,revin-TimesNet,10,-0.00847826163767,-0.000450843250123,5,0,5,TimesNet execution track differs for some cells; descriptive only
