execution_track,logical_run_id,model,horizon,train_time_seconds,run_log_sha256
P4 main partial execution,B_screen_AAPL_DeReFusion_h1_s2021,DeReFusion,1,22.87,964a704b5fc7ad8535d3865ebbc1c26ea99216e45ed134f831a493546f4322e9
P4 main partial execution,B_screen_AAPL_DeReFusion_h24_s2021,DeReFusion,24,10.62,acca9d5196218300ee900f75996f849b520329470a7bf7dabb919b4dfab06aac
P4 main partial execution,B_screen_AAPL_revin-DLinear_h1_s2021,revin-DLinear,1,10.42,ab46c139930b77c41e996ee7a61ab67eaeadd753bc62e8f62a4d243b8e77d94a
P4 main partial execution,B_screen_AAPL_revin-DLinear_h24_s2021,revin-DLinear,24,8.58,31353147c31f3139ce7e1af1613463e49391a000a94ad7431d2ab9651f4f6023
P4 main partial execution,B_screen_AAPL_revin-iTransformer_h1_s2021,revin-iTransformer,1,11.58,c10b13d915a6e7e72c06c9a0fcd2ea4acdad31d5d343e59cedfc0d08c3fff3c4
P4 main partial execution,B_screen_AAPL_revin-iTransformer_h24_s2021,revin-iTransformer,24,20.12,0de5c02a3606b85aba7697160b2a3bd6b794b4c0c3e1ac755022da8ab8187b72
P4 main partial execution,B_screen_AAPL_revin-PatchTST_h1_s2021,revin-PatchTST,1,14.48,c6e9a625c11fef7b597178b87ac643f73967a53b465a7a5c1487957564932e2f
P4 main partial execution,B_screen_AAPL_revin-PatchTST_h24_s2021,revin-PatchTST,24,14.19,8893567848d374aa768d71d8e7c2f24992b55ecb5f53ac0f552af9692dae7da2
P4 main partial execution,B_screen_AAPL_revin-TimesNet_h1_s2021,revin-TimesNet,1,2688.24,85034f7fe65088f8c3d814739f47f8ffea04850650c4fc9ec9e11e371188cbcc
P4 main partial execution,B_screen_AAPL_revin-TimesNet_h24_s2021,revin-TimesNet,24,2294.71,8b1e9b5e4cb335f1f3c6615265b822292085dce8f2ea40be9d50c6de5aea6146
P4 main partial execution,B_screen_AMZN_DeReFusion_h1_s2021,DeReFusion,1,21.82,6070d3da0df5cea77f9ece6598cfc0c8b0e00421529610d1562c8339605b8779
P4 main partial execution,B_screen_AMZN_DeReFusion_h24_s2021,DeReFusion,24,20.01,3524bad19781a203ed46752730960fbde1c8d326c83d38bfa04f331c39edff23
P4 main partial execution,B_screen_AMZN_revin-DLinear_h1_s2021,revin-DLinear,1,10.09,7f828db809de16b98041086a4fc3b8f5a6d7f03998559cd9b2fba351dc72df32
P4 main partial execution,B_screen_AMZN_revin-DLinear_h24_s2021,revin-DLinear,24,9.21,f3059d21ce2adb974aa7b393590b31d777e425726b10e0400b6c40ed3b3e3521
P4 main partial execution,B_screen_AMZN_revin-iTransformer_h1_s2021,revin-iTransformer,1,18.71,2f121629522208ea1beb08e90dca4a8cda98ce91c79291ea4327e9160ab3b1c0
P4 main partial execution,B_screen_AMZN_revin-iTransformer_h24_s2021,revin-iTransformer,24,16.84,4cbef2be45a437c8e481e789cff646f4d9493bf5dd2b457aab724eb7c74ac8f0
P4 main partial execution,B_screen_AMZN_revin-PatchTST_h1_s2021,revin-PatchTST,1,30.84,443ae9eb8171acac2244226171845465b0eec0e2332959c3284b3d56e2c7e97f
P4 main partial execution,B_screen_AMZN_revin-PatchTST_h24_s2021,revin-PatchTST,24,13.99,7d462979e0bf90edef385bdc01a131f1fc81916fad7d5838b4b9cde9586f1720
P4 main partial execution,B_screen_AMZN_revin-TimesNet_h1_s2021,revin-TimesNet,1,2869.08,4db2d04c6a07bf7eb4a26cd96bb3c7d2ada5eca6943d94ac9ea569564e9b6946
P4 main partial execution,B_screen_AMZN_revin-TimesNet_h24_s2021,revin-TimesNet,24,2813.94,5e683b41656ca568ec304aa9f10ef5834d16bc3e9a4f4edb960a4324f82b0b2e
P4 main partial execution,B_screen_AUDUSD_DeReFusion_h1_s2021,DeReFusion,1,21.21,be79bb2135e04762d927c30f8d3e5f2e2d97b6e258723a617f8dbe671ce38a49
P4 main partial execution,B_screen_AUDUSD_DeReFusion_h24_s2021,DeReFusion,24,18.02,9c6a73b989386f1b5be1b5b2a9ea0ca1fd598b034f379b5fc6c3cd57f30c3705
P4 main partial execution,B_screen_AUDUSD_revin-DLinear_h1_s2021,revin-DLinear,1,10.2,39646529307edff2bb6d5506e97f02fb9bea8e80c573cf51d761f12983519011
P4 main partial execution,B_screen_AUDUSD_revin-DLinear_h24_s2021,revin-DLinear,24,5.46,1ef6083d4fd07de8a1bddcda75b3e0a7f94db9cf2ffc0fafa2e2fadf138f6d05
P4 main partial execution,B_screen_AUDUSD_revin-iTransformer_h1_s2021,revin-iTransformer,1,22.62,7837343986acacabb8af7d0b65cdd624d6618e625c022eb9c680acc52f2752da
P4 main partial execution,B_screen_AUDUSD_revin-iTransformer_h24_s2021,revin-iTransformer,24,17.98,9162799defaf6d0ffd516ea9694ccec224285cb41ca637a1fb5aeab37393d779
P4 main partial execution,B_screen_AUDUSD_revin-PatchTST_h1_s2021,revin-PatchTST,1,14.16,b149c33f1bf1c73d5e8332539534aa75c434983cd031e10c4bda94a6e568a2da
P4 main partial execution,B_screen_AUDUSD_revin-PatchTST_h24_s2021,revin-PatchTST,24,11.77,0934b778324ddbb45e5751c14732afe39c6029c372275e2bc03a08b4cd3695b5
P4 main partial execution,B_screen_AUDUSD_revin-TimesNet_h1_s2021,revin-TimesNet,1,8075.36,28aa9e2d51e9470c7f5974a05bbcd2ee0df2f8605914f7177c1053f30626ba62
P4 main partial execution,B_screen_BABA_DeReFusion_h1_s2021,DeReFusion,1,23.31,09bf8c8c9560d6157e21244ff890370a8f00c110849dfcdb0d15008674431f0e
P4 main partial execution,B_screen_BABA_DeReFusion_h24_s2021,DeReFusion,24,11.59,b729bb5cdd9ce109ef35e2234b77e530ce4a70e27b6d406cf304812050731e26
P4 main partial execution,B_screen_BABA_revin-DLinear_h1_s2021,revin-DLinear,1,10.23,5bd36257fac43b651030c8baede41034e17b8d183e0874074a22439e38e262f9
P4 main partial execution,B_screen_BABA_revin-DLinear_h24_s2021,revin-DLinear,24,3.76,762ffe2cb88e9083e2a43297b825350111649fcd1478149e64c9f053f1c25bda
P4 main partial execution,B_screen_BABA_revin-iTransformer_h1_s2021,revin-iTransformer,1,22.54,eebcb1bc8f231c51e8bd4a97713d4f9432c6c10da210597d416b8e142ea992d2
P4 main partial execution,B_screen_BABA_revin-iTransformer_h24_s2021,revin-iTransformer,24,7.67,e6c817b3bd7bf44aee6f9ab5ef5109bfd6c3362fefe1986591dfc2b2dd2cc8e0
P4 main partial execution,B_screen_BABA_revin-PatchTST_h1_s2021,revin-PatchTST,1,36.5,75bb005577bbb8d931e501e9b7a309d6c8025dae1b5b1fbe811ef596fb40237c
P4 main partial execution,B_screen_BABA_revin-PatchTST_h24_s2021,revin-PatchTST,24,10.34,4e18b711d414f8c33210bc26c412c596f05966a8c94159bed9fd91c6977325d7
P4 main partial execution,B_screen_BTCUSD_DeReFusion_h1_s2021,DeReFusion,1,30.03,c5f3ac39b409cae6c39b4b311fe47c9510cd0d792c944ce1613f7a73a669419d
P4 main partial execution,B_screen_BTCUSD_DeReFusion_h24_s2021,DeReFusion,24,25.18,bd224f5b2ca43cc58c627798a2ff33f1b828345d2ec2e8e1871385c30235a4e3
P4 main partial execution,B_screen_BTCUSD_revin-DLinear_h1_s2021,revin-DLinear,1,13.61,e958fe515384439adeb3c415cf788d71949c138efca5bc8f315c1da275128310
P4 main partial execution,B_screen_BTCUSD_revin-DLinear_h24_s2021,revin-DLinear,24,14.59,f6e28a82753d7ca7c641e876e59dbe84b49cfb00fb16cb83170982cf0c890cb3
P4 main partial execution,B_screen_BTCUSD_revin-iTransformer_h1_s2021,revin-iTransformer,1,15.54,87002c88872d01f278ff6bed517259146a416b95a533f130e446350ffb7766c7
P4 main partial execution,B_screen_BTCUSD_revin-iTransformer_h24_s2021,revin-iTransformer,24,33.2,74e5132ac4c53d4b2e91206d838e8e28cac6cbd15bec7e54a3eed9e2b21c502c
P4 main partial execution,B_screen_BTCUSD_revin-PatchTST_h1_s2021,revin-PatchTST,1,21.87,14fac5116b87de2d48c95ebf6865dbe39f6c505555abc0c99b18a09536164db5
P4 main partial execution,B_screen_BTCUSD_revin-PatchTST_h24_s2021,revin-PatchTST,24,28.95,159128dcfa6a3a6ba1529fcee2f656c0b9b6c273b77c77e2e25636ad9e634135
P4 main partial execution,B_screen_DJI_DeReFusion_h1_s2021,DeReFusion,1,21.68,5dcb21113a735895db8d2e15b30c2c157c5ee0e8d2684f105a42379a1bad5263
P4 main partial execution,B_screen_DJI_DeReFusion_h24_s2021,DeReFusion,24,24.34,8f05378580990a447a5b7ff06deb1d359785b12082348b8d3a63778125cecede
P4 main partial execution,B_screen_DJI_revin-DLinear_h1_s2021,revin-DLinear,1,11.28,ccff82228f82b4aa7737659008b68c2da34de78615376a671b38c3bc97370451
P4 main partial execution,B_screen_DJI_revin-DLinear_h24_s2021,revin-DLinear,24,3.61,33d9565b99a25b674e50a1d011277e1a9f7ab1e072eb7e279105f7c371c1a90e
P4 main partial execution,B_screen_DJI_revin-iTransformer_h1_s2021,revin-iTransformer,1,11.92,c319d1b9a217563341d07ad36e808d4bfd8f23b7cd9401e79a00a9c381c98969
P4 main partial execution,B_screen_DJI_revin-iTransformer_h24_s2021,revin-iTransformer,24,8.52,05ac333b47f34d28ecbe2bebe4c25d9ee9860ab395385b163236124fb2cefca1
P4 main partial execution,B_screen_DJI_revin-PatchTST_h1_s2021,revin-PatchTST,1,15.44,c9bdb2456b33ca6206085e1550b7734c95de218e6e7b4215c1220a2d16709b20
P4 main partial execution,B_screen_DJI_revin-PatchTST_h24_s2021,revin-PatchTST,24,24.25,632daf907ee7c6f1ae0ced043a90a03275d6d28f8c31857fc20ce9e0b651e612
P4 main partial execution,B_screen_ETHUSD_DeReFusion_h1_s2021,DeReFusion,1,24.04,d710406aaed21e949c4c9a194eb96757ca8254d0efd8f5704be0fd3ad4eacb7f
P4 main partial execution,B_screen_ETHUSD_DeReFusion_h24_s2021,DeReFusion,24,24.72,18803448bda2e3be6ccffb874c83a3e2c34f5c6d1124da9e1358fd52d8551cc8
P4 main partial execution,B_screen_ETHUSD_revin-DLinear_h1_s2021,revin-DLinear,1,12.14,84fccb7d2cb2b01d18869ac380191193967036a97b3b40136d19a43b4c8caa6f
P4 main partial execution,B_screen_ETHUSD_revin-DLinear_h24_s2021,revin-DLinear,24,10.37,12d71822015dc2acb51c54cf7fd9879b6eb018630d14b5168e5b0044538ddf47
P4 main partial execution,B_screen_ETHUSD_revin-iTransformer_h1_s2021,revin-iTransformer,1,10.46,402cac333f0beb4316543cb872100541957bf5ded229773e8e5556a5d764dbc3
P4 main partial execution,B_screen_ETHUSD_revin-iTransformer_h24_s2021,revin-iTransformer,24,25.74,05a61377503323f0edc6be756b17f00c37e8d957e7fc4bf8960b64691dc8f46a
P4 main partial execution,B_screen_ETHUSD_revin-PatchTST_h1_s2021,revin-PatchTST,1,35.85,e0d7def1444f5a1fc231cba95084863da1bc4f64cf5293ea8f0c38d9f8899413
P4 main partial execution,B_screen_ETHUSD_revin-PatchTST_h24_s2021,revin-PatchTST,24,30.96,6161c67bc187744a0b69acd3a82853609447d9ceef405ad4e3fec030671f4238
P4 main partial execution,B_screen_EURUSD_DeReFusion_h1_s2021,DeReFusion,1,18.95,50041aa9fab9386ada48faa49a62d2d1658bc9853f1aff18eaf9867f929cb87e
P4 main partial execution,B_screen_EURUSD_DeReFusion_h24_s2021,DeReFusion,24,15.52,01e37e3a442b89fb4e7f3092f4da1d2d89f505a786e7f5fb2e7e7d176c8a86d7
P4 main partial execution,B_screen_EURUSD_revin-DLinear_h1_s2021,revin-DLinear,1,9.14,1170b353a41049358f51d4f12d44bf4c3c4c371a4cd4c99a77f61192f22996d1
P4 main partial execution,B_screen_EURUSD_revin-DLinear_h24_s2021,revin-DLinear,24,7.24,157733e503eabad4c535b2e02f5f606613cff609662d2a22c47c4253739613cd
P4 main partial execution,B_screen_EURUSD_revin-iTransformer_h1_s2021,revin-iTransformer,1,17.75,b3b88a4c4a641e8552ee219c414c8c8f703f3ddbb16b00587ca283b192d0c924
P4 main partial execution,B_screen_EURUSD_revin-iTransformer_h24_s2021,revin-iTransformer,24,14.27,b28ff86d5209d80f99f87817ca4ee208630c1e18e10d3bbd1db829f781afb251
P4 main partial execution,B_screen_EURUSD_revin-PatchTST_h1_s2021,revin-PatchTST,1,16.85,0dbee573a4d1b8f8a84d8d8d0c3699eb752fce21b081af0b87f96d0ffde2171b
P4 main partial execution,B_screen_EURUSD_revin-PatchTST_h24_s2021,revin-PatchTST,24,20.36,7747405b7b36d96231b74418a4ae2a97676603e13099f542da7950690e08f797
P4 main partial execution,B_screen_FTSE_DeReFusion_h1_s2021,DeReFusion,1,23.07,431d8f8f10d17f636eff45a9116d925cf5d8860a8c2dfcf7898c693421b6823d
P4 main partial execution,B_screen_FTSE_DeReFusion_h24_s2021,DeReFusion,24,8.77,768b1729488124909463d871d17937eb03bfef2bc9752bda0e1dafa8df6b3cf6
P4 main partial execution,B_screen_FTSE_revin-DLinear_h1_s2021,revin-DLinear,1,10.53,f08aa7e98bf357ac2a2c5143832942f2797580084d687fc9a82bacf3c624c07c
P4 main partial execution,B_screen_FTSE_revin-DLinear_h24_s2021,revin-DLinear,24,6.9,39e1508e43aaa5903f569ca25e5c72acbb9300d6df0f0de1c53dced45f5b685b
P4 main partial execution,B_screen_FTSE_revin-iTransformer_h1_s2021,revin-iTransformer,1,15.83,0494fa6a69271ab05d89eadfdc5efa7caaf7cd2e5cc36e4f0c462e0ca6c196da
P4 main partial execution,B_screen_FTSE_revin-iTransformer_h24_s2021,revin-iTransformer,24,25.58,7430fddaafe137c070f7f811c65c400d222a453f7fbe7faa78bcdc3f74337825
P4 main partial execution,B_screen_FTSE_revin-PatchTST_h1_s2021,revin-PatchTST,1,27.05,c4d5261e2974531fb022f060f7ea45d05b542c562ffac41a7259852ab032b355
P4 main partial execution,B_screen_FTSE_revin-PatchTST_h24_s2021,revin-PatchTST,24,19.75,5d7dd94aee568801fb492b435b2508b72f04095a09148fda61baff6bc4c6a7b6
P4 main partial execution,B_screen_GBPUSD_DeReFusion_h1_s2021,DeReFusion,1,20.56,58491ff43fc0b04a74afa645d3c76f0a2423ffe696c32fb21e79647cf2051801
P4 main partial execution,B_screen_GBPUSD_DeReFusion_h24_s2021,DeReFusion,24,19.94,6198f2164776398eafdf723dd50634d08275bcd0b79d83e6fd1da86aa7234bad
P4 main partial execution,B_screen_GBPUSD_revin-DLinear_h1_s2021,revin-DLinear,1,9.49,ec0a042fac7dd2d9e46f455d67278584b21a6083b8565ca30439254b05bfec79
P4 main partial execution,B_screen_GBPUSD_revin-DLinear_h24_s2021,revin-DLinear,24,10.92,5034ee2d3b80ee68e8d947acc25742aa331e9981d739b75133958e2da47f9816
P4 main partial execution,B_screen_GBPUSD_revin-iTransformer_h1_s2021,revin-iTransformer,1,28.66,1da7e1768a03b60a3e0aa6183da5dc59b3c7a730bdf80d06b331f033db4c37ba
P4 main partial execution,B_screen_GBPUSD_revin-iTransformer_h24_s2021,revin-iTransformer,24,16.26,e9bb9c9e60d51d6a9826d19f6df2f07584ae8b3c146748a50c3dda1c0e0028aa
P4 main partial execution,B_screen_GBPUSD_revin-PatchTST_h1_s2021,revin-PatchTST,1,30.97,f0a451f02e1f80fb7b2d3e137bac2202bd8b7ee5be1da7b649c4174fdbe68433
P4 main partial execution,B_screen_GBPUSD_revin-PatchTST_h24_s2021,revin-PatchTST,24,19.71,c33810cd32cfd394a3b2ebd7f1c59a6269e486e968c19c2736f0e1696ebda53a
P4 main partial execution,B_screen_GDAXI_DeReFusion_h1_s2021,DeReFusion,1,23.72,7b2befbcfde291fb14bcb49e655b978c8c9478df25c292e776fc54ec04e31b18
P4 main partial execution,B_screen_GDAXI_DeReFusion_h24_s2021,DeReFusion,24,16.83,128b6a1e83405431ab6a207de3a6f5d6eda2b38e64f35f7def4e6d57d16289db
P4 main partial execution,B_screen_GDAXI_revin-DLinear_h1_s2021,revin-DLinear,1,10.63,7140e744980507d68a235391b9edc26c254e5886c741cc53903e5bbb396f9fa2
P4 main partial execution,B_screen_GDAXI_revin-DLinear_h24_s2021,revin-DLinear,24,9.36,302929b8fec832ee6fcd8080aecdee3a1b68cc151153c2974ca9e1bf524362a7
P4 main partial execution,B_screen_GDAXI_revin-iTransformer_h1_s2021,revin-iTransformer,1,7.97,5fef8023fc74fc37a058326b098d86ac82b5403a2ae148aac0ea0f8500ae53f5
P4 main partial execution,B_screen_GDAXI_revin-iTransformer_h24_s2021,revin-iTransformer,24,16.96,3e21e9826e43988ddccb770c108cf657441f6e2703c304a3af30f260d6922972
P4 main partial execution,B_screen_GDAXI_revin-PatchTST_h1_s2021,revin-PatchTST,1,15.54,eff186fa3c78d0cdf3a6d1bc91b6b6c4482e7e915181783e99cd4c2299cbb8d1
P4 main partial execution,B_screen_GDAXI_revin-PatchTST_h24_s2021,revin-PatchTST,24,14.52,fbcf5cfa50fd4543d50e10da87be14e2f9e2b76a21137067f01004673d5e61f3
P4 main partial execution,B_screen_GLD_DeReFusion_h1_s2021,DeReFusion,1,21.62,f54ba6b08ed9ea0c985eac36b145cfd642acdd0ba642a59b614be40853bd5397
P4 main partial execution,B_screen_GLD_DeReFusion_h24_s2021,DeReFusion,24,20.5,e989ef2bd402751a3691f5d3d3606d25e7289fc042bac28343173d31bb0dfe8f
P4 main partial execution,B_screen_GLD_revin-DLinear_h1_s2021,revin-DLinear,1,10.1,30ced72e2254635f5009f39fb568e473d18d3e8b068e3029b19f3029153a516d
P4 main partial execution,B_screen_GLD_revin-DLinear_h24_s2021,revin-DLinear,24,7.46,41166efb1a46362a9965480a4251a832c8701ff7ca22cec588a746104b341f38
P4 main partial execution,B_screen_GLD_revin-iTransformer_h1_s2021,revin-iTransformer,1,29.58,4bd66be27a9eca6ed22bc49b085b63c542248eeaa8e46e816254a64174bd5c01
P4 main partial execution,B_screen_GLD_revin-iTransformer_h24_s2021,revin-iTransformer,24,14.52,7d39f85d50c3ae68471fad3adffbb19e5e793e8ef8f857f43ad08c7dc5d713b3
P4 main partial execution,B_screen_GLD_revin-PatchTST_h1_s2021,revin-PatchTST,1,19.59,6b4420badd482baf98c138e8332230d6b93334fc3ea4d2f1c70013bed7e45226
P4 main partial execution,B_screen_GLD_revin-PatchTST_h24_s2021,revin-PatchTST,24,10.31,36025b3c04458be0967a5b6dc52e1675c8b96184d956905bf6fd7353bae4088d
P4 main partial execution,B_screen_GOLD_DeReFusion_h1_s2021,DeReFusion,1,20.79,966d980e91d10d5e8a852e202cdeb901bfefd3a625ce13f5c057af5d0737c708
P4 main partial execution,B_screen_GOLD_DeReFusion_h24_s2021,DeReFusion,24,18.11,5abee96eca83e5813df54f78b08739d4d1c1d8b395537f7c87f0edfe4a476be6
P4 main partial execution,B_screen_GOLD_revin-DLinear_h1_s2021,revin-DLinear,1,9.82,c78c41561484e10f5d585499d595f7b8716fc3d76897a6755057bf0cdc280a0b
P4 main partial execution,B_screen_GOLD_revin-DLinear_h24_s2021,revin-DLinear,24,7.23,e50ad836e0d6f58997943bc5d134b84a6ad31eefcd6858f391324b35444c3bc7
P4 main partial execution,B_screen_GOLD_revin-iTransformer_h1_s2021,revin-iTransformer,1,15.79,8685bd7ec0601346bd51b6cf10335ab562bb2d24e8af5b3234443cb6adc53c74
P4 main partial execution,B_screen_GOLD_revin-iTransformer_h24_s2021,revin-iTransformer,24,20.18,1fb15ec8846ecd6415e74d0b2655e85eb3d4683edccb0f4eeeaf75aeb1393c83
P4 main partial execution,B_screen_GOLD_revin-PatchTST_h1_s2021,revin-PatchTST,1,21.0,0b2077db09d378b2c11b37ceff9ca77d5b053fe2002409aa021d162cb63d0124
P4 main partial execution,B_screen_GOLD_revin-PatchTST_h24_s2021,revin-PatchTST,24,10.32,8393886c914a30fe2fb439d5f246f9d322fef3b69f0a54a827a7e88a994e747f
P4 main partial execution,B_screen_GSPC_DeReFusion_h1_s2021,DeReFusion,1,21.88,896d6211bb9deff367da6ce6d829c2bfb56fc681cff4df7ff2aef45996a2c29d
P4 main partial execution,B_screen_GSPC_DeReFusion_h24_s2021,DeReFusion,24,14.54,dcbcea8536c6be47a535730524ada2bd35fba2e4c3dce56fd5f1d3c872057e6e
P4 main partial execution,B_screen_GSPC_revin-DLinear_h1_s2021,revin-DLinear,1,10.17,039d10687f800c7a1b0dde4b47945550ea90d027513f3f8384fdc08fd1565f58
P4 main partial execution,B_screen_GSPC_revin-DLinear_h24_s2021,revin-DLinear,24,8.15,ce57122e58bbab7c18a4506f5a09d24d684aff2a27d95d567ba00478f2f007a0
P4 main partial execution,B_screen_GSPC_revin-iTransformer_h1_s2021,revin-iTransformer,1,12.64,259109a078ab62e805d3f6fca38b0c956493cb45ddee2ff79fcccdf663fc2a5c
P4 main partial execution,B_screen_GSPC_revin-iTransformer_h24_s2021,revin-iTransformer,24,16.15,9e02da8cf6a0c21fd3b670823ae74347d88fa65890e4f87fcacda579520d3b96
P4 main partial execution,B_screen_GSPC_revin-PatchTST_h1_s2021,revin-PatchTST,1,15.78,6cefd159ba85d51cea6cf70f3a35d15e628ae01c8f4a045592131115551aa706
P4 main partial execution,B_screen_GSPC_revin-PatchTST_h24_s2021,revin-PatchTST,24,10.18,c5b2c1d9e7e6ff7de8d1c08ac3a26ae6ca62c345251e92ffccafa678af1fcc4e
P4 main partial execution,B_screen_HSI_DeReFusion_h1_s2021,DeReFusion,1,19.65,2ce157a61337a76a53dbef326ed3d8e015ce37c17e6665dfa4e48224b53c380d
P4 main partial execution,B_screen_HSI_DeReFusion_h24_s2021,DeReFusion,24,21.17,04c099d501e165192cec31f58480297a1d0fb32de8a899af151542ba1791b898
P4 main partial execution,B_screen_HSI_revin-DLinear_h1_s2021,revin-DLinear,1,9.71,21a432b45122d8aa180b05976f74953a6a3a852cf295816a8a68945bfcc07e16
P4 main partial execution,B_screen_HSI_revin-DLinear_h24_s2021,revin-DLinear,24,9.97,a0730c905385d8ec24f8fad8acc948c24633ccea05526f1bfb31cb187bccc7a0
P4 main partial execution,B_screen_HSI_revin-iTransformer_h1_s2021,revin-iTransformer,1,20.92,db95c563f03c7f57431cf1d8d079ecc979e0aa1040857743a99cdcf9e64fc725
P4 main partial execution,B_screen_HSI_revin-iTransformer_h24_s2021,revin-iTransformer,24,13.22,765ef207bf35adb39952ba7035bbe11c3a0fcc30cfc3e8426279a8fa0899e69c
P4 main partial execution,B_screen_HSI_revin-PatchTST_h1_s2021,revin-PatchTST,1,22.66,9c0099063c44ef7028f833cd6287ff09fa8e5d6f78763e0a02164156f663d164
P4 main partial execution,B_screen_HSI_revin-PatchTST_h24_s2021,revin-PatchTST,24,17.41,45eb680c5e0aa9daf80afbe27dc8ef5dd32f0a4d792a50ecf62494fba1ce3fe8
P4 main partial execution,B_screen_JPM_DeReFusion_h1_s2021,DeReFusion,1,26.03,e1428753153519fb53f923dc25fca9f2aad6b6131428ac3217b16c0a39fe9881
P4 main partial execution,B_screen_JPM_DeReFusion_h24_s2021,DeReFusion,24,20.42,07a490b4050a0d22c3432270c7160519bcb1d002b5cfc08eefa3512bdcc0dfb6
P4 main partial execution,B_screen_JPM_revin-DLinear_h1_s2021,revin-DLinear,1,9.62,25bf9bfa37df791bf79b0c7c4d37183384e2528d8a80ccf231d2fda16fdb058c
P4 main partial execution,B_screen_JPM_revin-DLinear_h24_s2021,revin-DLinear,24,9.69,f027a60fcb9dae45c9675a8185e609e24815ff42cf9dae563b856b1f0e75dfd5
P4 main partial execution,B_screen_JPM_revin-iTransformer_h1_s2021,revin-iTransformer,1,13.0,7e31739b17718658a362fbefb77bc086251e296a3209fc787b1ceef70dd066fa
P4 main partial execution,B_screen_JPM_revin-iTransformer_h24_s2021,revin-iTransformer,24,14.05,867bbc19b97dfacdef31ab6fdf4bb5b352f4c863bfbfb9179ca06d31d1f7f3ae
P4 main partial execution,B_screen_JPM_revin-PatchTST_h1_s2021,revin-PatchTST,1,16.09,c88eedd7408d445b0402c95b233b40a16ca424634c2fd2ea36dd75258bc85bf9
P4 main partial execution,B_screen_JPM_revin-PatchTST_h24_s2021,revin-PatchTST,24,17.67,eeed2ab4887aa5217f0477b2dd507ef23172fe39fa59cab2772598d589257ad4
P4 main partial execution,B_screen_META_DeReFusion_h1_s2021,DeReFusion,1,19.38,0fac8ee4131d3852412bc1fd8e6d8de171fcc8a7602325e60576e9c83db1d080
P4 main partial execution,B_screen_META_DeReFusion_h24_s2021,DeReFusion,24,13.76,248d25a60d62ef0358513ff737a03bbf576cf554475ddb57c683968b97e5c9fb
P4 main partial execution,B_screen_META_revin-DLinear_h1_s2021,revin-DLinear,1,9.55,96d4e0620046894033d4ed16b9214f5b9f762f4d095e8e0fe6a31a05b260caed
P4 main partial execution,B_screen_META_revin-DLinear_h24_s2021,revin-DLinear,24,8.82,07bb101f5847dbd548becc855ed133ab1e8170e8edd299a5107a8c340b39c20e
P4 main partial execution,B_screen_META_revin-iTransformer_h1_s2021,revin-iTransformer,1,19.42,2b8361574863efc4f801dee3e7898dba73aef1f73b18c9d53d684dc4aa94040e
P4 main partial execution,B_screen_META_revin-iTransformer_h24_s2021,revin-iTransformer,24,29.91,9073b5d2ac6ff02976cb0d25eaba48ffd4b84bc2b8721bece751b557debfc198
P4 main partial execution,B_screen_META_revin-PatchTST_h1_s2021,revin-PatchTST,1,12.87,5872eccd0a37d309fba98ba8a1bf1921a420dd2589ceaf766062a37778334d85
P4 main partial execution,B_screen_META_revin-PatchTST_h24_s2021,revin-PatchTST,24,12.8,6b389e3e7919473d3b759524c2cc3262f17a8f618a9001a88b07dc705ad7e98f
P4 main partial execution,B_screen_MSFT_DeReFusion_h1_s2021,DeReFusion,1,20.65,d7f4874612511286d61058162f9e73d44c81a67b1ab3f248f345d2d3eaf25042
P4 main partial execution,B_screen_MSFT_DeReFusion_h24_s2021,DeReFusion,24,23.99,89d3e0197d5f70814245575cebe8a55d95c71a1403e28bb7d88f279b1622a768
P4 main partial execution,B_screen_MSFT_revin-DLinear_h1_s2021,revin-DLinear,1,10.32,bdb87dbf9b25f177950da25e51e61499116457f26fa1de092137879c651892ec
P4 main partial execution,B_screen_MSFT_revin-DLinear_h24_s2021,revin-DLinear,24,7.93,49fef9e49c2f6e3d643bc4326694ea8bfa8872e43ba2ae57c6fc18fd7eca2919
P4 main partial execution,B_screen_MSFT_revin-iTransformer_h1_s2021,revin-iTransformer,1,15.4,7dd0b379a89da1ea14aa991e29f6f08466ff6a1e7acc933c7e444255ad475026
P4 main partial execution,B_screen_MSFT_revin-iTransformer_h24_s2021,revin-iTransformer,24,24.8,691aa6bbfcd54ef3c7a40c86b8458cde2a4d3a49efb11897968b9cd622809427
P4 main partial execution,B_screen_MSFT_revin-PatchTST_h1_s2021,revin-PatchTST,1,16.04,be91891e655b0095f098ae1915911b97aa27863bab2f20cd95239813b3ca1384
P4 main partial execution,B_screen_MSFT_revin-PatchTST_h24_s2021,revin-PatchTST,24,20.13,eb7a42e170afadec191f50c9d851044159fc6ab95ffd72317c29c422885d442c
P4 main partial execution,B_screen_N225_DeReFusion_h1_s2021,DeReFusion,1,22.21,68540386ed250eb5bd175a75f39632a20eaf7af88e1ae619612d293b93d37026
P4 main partial execution,B_screen_N225_DeReFusion_h24_s2021,DeReFusion,24,12.44,aa90f77788eb84bf07c0991c6987baa9bda25274b30de8c8de0b3e9cb111769a
P4 main partial execution,B_screen_N225_revin-DLinear_h1_s2021,revin-DLinear,1,10.91,0f3d164245e2ecb5f920664ea4b3d9af6890465dc7b0e4f1cdc0fcfe37b59ecb
P4 main partial execution,B_screen_N225_revin-DLinear_h24_s2021,revin-DLinear,24,9.71,97bd4ed786da814e332e3c234c0025ffdfcfafb5f8dc2e4870767495155dd4e8
P4 main partial execution,B_screen_N225_revin-iTransformer_h1_s2021,revin-iTransformer,1,10.73,7f933f10e1de962e27e90701d0878533b14891daf578c32ca9360575fd07b444
P4 main partial execution,B_screen_N225_revin-iTransformer_h24_s2021,revin-iTransformer,24,21.85,b92d0e029927433bd6fedcfff4942bd42e2cc8e62bd53a144cf4804a62287e6e
P4 main partial execution,B_screen_N225_revin-PatchTST_h1_s2021,revin-PatchTST,1,28.84,eac7abc252ccf421174bd09a9e1ff20168c443c69a76df111292ba3f448a159c
P4 main partial execution,B_screen_N225_revin-PatchTST_h24_s2021,revin-PatchTST,24,31.6,90b0d615082dd879c7f0c87ce1934b20af3a2e6c4adf0455d6cb7d3210a55c50
P4 main partial execution,B_screen_NVO_DeReFusion_h1_s2021,DeReFusion,1,20.98,53b193dfdfebe72ddf964a477ee7c66f4dcaf412c03ec7857feff5d8150af1b5
P4 main partial execution,B_screen_NVO_DeReFusion_h24_s2021,DeReFusion,24,15.01,2c6c59789f7aaa873dfec0409cea2aa9cd6503695438f5599b4874756f1d6b75
P4 main partial execution,B_screen_NVO_revin-DLinear_h1_s2021,revin-DLinear,1,10.91,3c1017bf3c387a579613ce46bde98e2e3b21b9fb7241410e30d7f525dbcbd9bc
P4 main partial execution,B_screen_NVO_revin-DLinear_h24_s2021,revin-DLinear,24,7.87,e7d4ac22574066a387e36d4a0c245f4567d67edc31cc169ce112d237ef840385
P4 main partial execution,B_screen_NVO_revin-iTransformer_h1_s2021,revin-iTransformer,1,15.69,4dfab02fb2971f15164caae86fb10a2bb0611dbf890451d55cb41ce34f49e5de
P4 main partial execution,B_screen_NVO_revin-iTransformer_h24_s2021,revin-iTransformer,24,14.09,7c74e9f30452c66f72986239d1783bb606513a9442b1c04b4dfabd1f39cdd784
P4 main partial execution,B_screen_NVO_revin-PatchTST_h1_s2021,revin-PatchTST,1,22.13,aaa7007a11884f0ce424ef2980c4f6c8ce93e9582c01a62953862dce9a4bb45a
P4 main partial execution,B_screen_NVO_revin-PatchTST_h24_s2021,revin-PatchTST,24,15.81,40eba7d56f0d37a94715f874eb77b18297c72a50443e0b9ebd9aa3249d7ceea2
P4 main partial execution,B_screen_RUT_DeReFusion_h1_s2021,DeReFusion,1,22.18,1fae580cbb97d9fb4905eb151c3f10389ef8221a1397f28190ea44f3fb78c956
P4 main partial execution,B_screen_RUT_DeReFusion_h24_s2021,DeReFusion,24,16.58,b027825d6649c1da9a383bae3adb17e6e27412d87366c24d422d9ada1542c172
P4 main partial execution,B_screen_RUT_revin-DLinear_h1_s2021,revin-DLinear,1,11.11,4364ea448b276ff7f11adc8792bc54170387318d33cdbe7697d0d1a48fb0755b
P4 main partial execution,B_screen_RUT_revin-DLinear_h24_s2021,revin-DLinear,24,10.0,bc08e012463efb771efdb1f6b83396015881e923a05c9f63a47e00685bbbc1c3
P4 main partial execution,B_screen_RUT_revin-iTransformer_h1_s2021,revin-iTransformer,1,12.28,01d6023ddfd9976d74eb92cdc5ffac4649d41a5fb09b81211e32bf650f0f661c
P4 main partial execution,B_screen_RUT_revin-iTransformer_h24_s2021,revin-iTransformer,24,12.41,336ffaf9c203136c9a2d4729fe8c123b04f042d09743d571f819b20e77d52c15
P4 main partial execution,B_screen_RUT_revin-PatchTST_h1_s2021,revin-PatchTST,1,31.39,128f7871ba6416a90eac70ddc46f1c0711f4d2c041789c50921b6f249f5dc825
P4 main partial execution,B_screen_RUT_revin-PatchTST_h24_s2021,revin-PatchTST,24,13.81,8ae69a71bd54b01cbb2a8012eb7b75812a4063a3f4271ebc2a62418294a4bb9c
P4 main partial execution,B_screen_SOX_DeReFusion_h1_s2021,DeReFusion,1,21.97,e1087431e4516878c29c56a0c5688ca0f3a34fff0bde3e252d06dfb866611262
P4 main partial execution,B_screen_SOX_DeReFusion_h24_s2021,DeReFusion,24,20.21,f9d37d742bc7e69b671640414411a5dfd3b9fbd61801823dd0a888f2611f4878
P4 main partial execution,B_screen_SOX_revin-DLinear_h1_s2021,revin-DLinear,1,11.16,76b2f306888ee0b62c1b1c2699586f515bae7c2fb1bf5cc013ad65f216c31c8f
P4 main partial execution,B_screen_SOX_revin-DLinear_h24_s2021,revin-DLinear,24,5.78,6f5257439108876caa11cb7a0b1825c5d79348dbabd3b9aaa7c8e671a8181b28
P4 main partial execution,B_screen_SOX_revin-iTransformer_h1_s2021,revin-iTransformer,1,15.06,dd8edf5b64eaab0d8419ee4e926583e7af8c1dd2e1cc838091adfdc02a761210
P4 main partial execution,B_screen_SOX_revin-iTransformer_h24_s2021,revin-iTransformer,24,18.57,aae56386e0be618250ff7e2344ed0be84810c747d388ec9803ebc40a68eccc77
P4 main partial execution,B_screen_SOX_revin-PatchTST_h1_s2021,revin-PatchTST,1,30.86,45378bc51633129f306c700231adee4f8c0cad0f256b6538f576b781c29ead69
P4 main partial execution,B_screen_SOX_revin-PatchTST_h24_s2021,revin-PatchTST,24,21.12,af911cab6dca80bc42886158b30f07a6e8ed6b649301740d4861cac746c29a79
P4 main partial execution,B_screen_TLT_DeReFusion_h1_s2021,DeReFusion,1,22.65,9aad35e269b414b3efb6c0643f0bef9ecd3fd33d75fdbbefc0f58d7fd4d0cff4
P4 main partial execution,B_screen_TLT_DeReFusion_h24_s2021,DeReFusion,24,15.1,a670ebb0f9e2274ed24f5f9c6dadfc147967e19358a470d1622a681ac196a27f
P4 main partial execution,B_screen_TLT_revin-DLinear_h1_s2021,revin-DLinear,1,10.45,354e2c06b232a7cc2991eca4ac3fe05c575bbf2f14a46cb793cdfad29bb9b29d
P4 main partial execution,B_screen_TLT_revin-DLinear_h24_s2021,revin-DLinear,24,8.38,8f5202356967fc82a66329d76d8b54f997c6a9c2e365a803dae90f4f847fc460
P4 main partial execution,B_screen_TLT_revin-iTransformer_h1_s2021,revin-iTransformer,1,19.12,55b29ad0d09ee18fdbaf9e8409e120c334f0dacc9f243b605f1b2f5218707eb4
P4 main partial execution,B_screen_TLT_revin-iTransformer_h24_s2021,revin-iTransformer,24,19.27,3f6410e904e43355aaed89b9e6b176d69f039c712b08943ba4bb5c3fc767d06b
P4 main partial execution,B_screen_TLT_revin-PatchTST_h1_s2021,revin-PatchTST,1,18.65,ce194de6297dc7966317e917f13009a4dbe8a3873c0eca9d90ce45ab8b58ef39
P4 main partial execution,B_screen_TLT_revin-PatchTST_h24_s2021,revin-PatchTST,24,22.56,c4df742537486c73dcef28f81d5a0544c919f3ff27d7244a90fae2a1788faed2
P4 main partial execution,B_screen_TM_DeReFusion_h1_s2021,DeReFusion,1,21.34,d3739a2fcc831c0b7b73b9339b0820c133e74a72e24f9764bdd9243d748e6ded
P4 main partial execution,B_screen_TM_DeReFusion_h24_s2021,DeReFusion,24,11.17,947a15b713db7a724f6cd43fb8e473b35050ca8b8ff55dede654c9b22ffa9ef0
P4 main partial execution,B_screen_TM_revin-DLinear_h1_s2021,revin-DLinear,1,9.76,65eda082ac9bc9d4517587145257923199f1654df87fb693942ba4f26c0e2f0c
P4 main partial execution,B_screen_TM_revin-DLinear_h24_s2021,revin-DLinear,24,9.75,66f62761c1ad497a597b21bf4b903f0e944959673d607029cab8325acfbd7fc9
P4 main partial execution,B_screen_TM_revin-iTransformer_h1_s2021,revin-iTransformer,1,28.59,282760dda115e43d73bc58e374fed6cf0512bd9bf675b5cc5af5d40ce64d28af
P4 main partial execution,B_screen_TM_revin-iTransformer_h24_s2021,revin-iTransformer,24,20.6,ffddd810f523f91e87638217c60eccb8d2400664450d8c3222729962f75f1212
P4 main partial execution,B_screen_TM_revin-PatchTST_h1_s2021,revin-PatchTST,1,18.4,567e43ba67e0a3e2d3663a2eae7bc95eff72d66e4a89c450e9ccf07949e5b5b3
P4 main partial execution,B_screen_TM_revin-PatchTST_h24_s2021,revin-PatchTST,24,11.37,93f95962af5f3b3ee4fbdc26e6b764090a0a6d3bddefc3c2e46fdc6f10e1fdf7
P4 main partial execution,B_screen_TSLA_DeReFusion_h1_s2021,DeReFusion,1,19.67,94faba488e3e520ebe4444a2eef09539dddb9b59f4237e20f5d2ec2f23274aab
P4 main partial execution,B_screen_TSLA_DeReFusion_h24_s2021,DeReFusion,24,18.67,bb6e8b2794dd146c97974b2b199dedde094e1793dbe879b693c8f5da2df258a2
P4 main partial execution,B_screen_TSLA_revin-DLinear_h1_s2021,revin-DLinear,1,10.09,91beaa6151b15c5183c36c8c32513fe633293e703b4e58177813363e43a65d92
P4 main partial execution,B_screen_TSLA_revin-DLinear_h24_s2021,revin-DLinear,24,7.34,8ba2e4d6d0f51bd780bb8e0d9cb82893c15d8b2a0b0acdcfba4bcc03a0555b8a
P4 main partial execution,B_screen_TSLA_revin-iTransformer_h1_s2021,revin-iTransformer,1,12.08,1d3d487275b225902b0630a0c7122a035a094f0f9297ad36de1213724dd8cbff
P4 main partial execution,B_screen_TSLA_revin-iTransformer_h24_s2021,revin-iTransformer,24,9.61,fca012694f37923d151acd416b6cfa7a835e1049103b42df7e418316d17fc8ee
P4 main partial execution,B_screen_TSLA_revin-PatchTST_h1_s2021,revin-PatchTST,1,18.18,e4635af2ae9fd26a13f2d7a63d72be376cb4a9e5b8972243b857888f8820a358
P4 main partial execution,B_screen_TSLA_revin-PatchTST_h24_s2021,revin-PatchTST,24,22.34,70bff58daae917f1cc48f25776eec42b7d7e7be03cbba9139b012d95e1fa3c7b
P4 main partial execution,B_screen_USDCAD_DeReFusion_h1_s2021,DeReFusion,1,22.01,e852e5db276b6700e85c262b0d1836867b9cbf33f97c1865d8eaf8141027810d
P4 main partial execution,B_screen_USDCAD_DeReFusion_h24_s2021,DeReFusion,24,17.98,02e8fa942c97f00bfcc370af9557891eb0c6e121b419a6a9e910691dc73dc9a8
P4 main partial execution,B_screen_USDCAD_revin-DLinear_h1_s2021,revin-DLinear,1,10.45,cdabb49e7d109e9f584bd06fa62a7bd7eac4c0df8b3e118a25d9e71176a2b142
P4 main partial execution,B_screen_USDCAD_revin-DLinear_h24_s2021,revin-DLinear,24,6.68,e7bc10e61c22587d4ce22b91cb4638332520165b72a09d5600a37c2551f7a2d5
P4 main partial execution,B_screen_USDCAD_revin-iTransformer_h1_s2021,revin-iTransformer,1,22.41,a03cfd4c4478068b84438dcd9f371c731416f4f6cf02ac1ee3dcda766fe357f2
P4 main partial execution,B_screen_USDCAD_revin-iTransformer_h24_s2021,revin-iTransformer,24,12.73,3964d4869871f88e16fe8cba37219cda68f819a11e0d8cb8f409303e99be8001
P4 main partial execution,B_screen_USDCAD_revin-PatchTST_h1_s2021,revin-PatchTST,1,14.13,63822e7d7cb35f6a1a4bce49640642e722ea565cf4f7a31590fa617ab3a3836c
P4 main partial execution,B_screen_USDCAD_revin-PatchTST_h24_s2021,revin-PatchTST,24,14.35,ebeb8a0ce114c79671110874d295f03370fa7a0ead0584aff98c5d2442322568
P4 main partial execution,B_screen_USDJPY_DeReFusion_h1_s2021,DeReFusion,1,23.06,8b7b9c59314a2b5769a56a1f742bb4be31f6ef97db9a0afcc2e3dd688d750224
P4 main partial execution,B_screen_USDJPY_DeReFusion_h24_s2021,DeReFusion,24,24.22,9e55bbd04b29a5e747a4390ea3e70f1e074415cb0f9adda3e6e46290699a73bb
P4 main partial execution,B_screen_USDJPY_revin-DLinear_h1_s2021,revin-DLinear,1,10.25,059faa96cdc0691969060072416e80cc9d70fe87e36d36bae169f64fa9628cb8
P4 main partial execution,B_screen_USDJPY_revin-DLinear_h24_s2021,revin-DLinear,24,9.95,6609e097849b41e44e320f8229a6ed6583edaf75fef138f061b8b32467b61282
P4 main partial execution,B_screen_USDJPY_revin-iTransformer_h1_s2021,revin-iTransformer,1,14.51,0d6fd8919bcbbb3e5c7d839d2eb34dfdd6c2a314450b97b76489f8ecba9ceeb2
P4 main partial execution,B_screen_USDJPY_revin-iTransformer_h24_s2021,revin-iTransformer,24,20.57,a1ac128b71678c7164581a50ee23c5b6c853fa7fdd078ccc6debd741f4e19878
P4 main partial execution,B_screen_USDJPY_revin-PatchTST_h1_s2021,revin-PatchTST,1,20.29,207bba28a9bdd1691cf2894fe9bd90d74a8e54187b8b9ca18634c04fa06d6c89
P4 main partial execution,B_screen_USDJPY_revin-PatchTST_h24_s2021,revin-PatchTST,24,33.73,9a77997362fc8ca88c8dd063285f2207042d2c1749eb7755d16be08f1d052022
P4 main partial execution,B_screen_WMT_DeReFusion_h1_s2021,DeReFusion,1,20.17,ad01283c7c23634f1d4f26ba7984a64bf38cb4bd3f233d52bfda65896e1089fe
P4 main partial execution,B_screen_WMT_DeReFusion_h24_s2021,DeReFusion,24,11.02,458c2a22cb88e4feb8961bf861f0779c13c936ce73298851cd229a76a8661777
P4 main partial execution,B_screen_WMT_revin-DLinear_h1_s2021,revin-DLinear,1,10.07,fe0eb1080dabc57dc392d4c71a20be8287c400d9a0be0926835f00578c5b6ec6
P4 main partial execution,B_screen_WMT_revin-DLinear_h24_s2021,revin-DLinear,24,8.68,cdead9678b78acaf641e8a3d7d5d948e2e9f8a1d1127c665c9883457a3cac3f4
P4 main partial execution,B_screen_WMT_revin-iTransformer_h1_s2021,revin-iTransformer,1,26.2,5ff8bdd002b099bb2cd878ce5b6c1781da7b4a1bb0fe5b43281f7833459a362a
P4 main partial execution,B_screen_WMT_revin-iTransformer_h24_s2021,revin-iTransformer,24,8.66,ff644d4435dbc144fc27fba012db4a160573ad05fa60d306d286368936117b7c
P4 main partial execution,B_screen_WMT_revin-PatchTST_h1_s2021,revin-PatchTST,1,26.84,2d5dd696a5cec16038ab36c243f02956ec3dba40e74cdfe49e2b771f5b88b698
P4 main partial execution,B_screen_WMT_revin-PatchTST_h24_s2021,revin-PatchTST,24,10.58,b0c5c2b30d4b82016c4a10dc9d3cbb4e8c36e00defd3012eadf75f2c89b7c814
P4 main partial execution,B_screen_WTI_DeReFusion_h1_s2021,DeReFusion,1,20.68,05858b5614a9523b763a34fea865c0c221f708ff54726a31acb902ba4387f3e5
P4 main partial execution,B_screen_WTI_DeReFusion_h24_s2021,DeReFusion,24,12.32,e1eefbc7f727afd08652def9d0c40b5f1e2052e9adee708104705aae35afc8cd
P4 main partial execution,B_screen_WTI_revin-DLinear_h1_s2021,revin-DLinear,1,11.25,53c6eaef2e5eb95e28c130542377c1fa43bf6d84685b3a0ebfb362c62183912e
P4 main partial execution,B_screen_WTI_revin-DLinear_h24_s2021,revin-DLinear,24,9.69,5c13b7e3e22a11123659457e00c2bdfb0615b7df2971243346d8edf208fa792b
P4 main partial execution,B_screen_WTI_revin-iTransformer_h1_s2021,revin-iTransformer,1,16.65,307b77244f3235aa612cde9911f99c0af90f1d9ad3e1f21b0a2ecafbf8eff236
P4 main partial execution,B_screen_WTI_revin-iTransformer_h24_s2021,revin-iTransformer,24,21.33,555e4e3efdeda597176ec39eaf57239065fbcdc948f5d014aab17a6a6e39f963
P4 main partial execution,B_screen_WTI_revin-PatchTST_h1_s2021,revin-PatchTST,1,17.66,6a27af4c788256e8105ee8f13e9e1d8866997a45642091837763395aff887ccf
P4 main partial execution,B_screen_WTI_revin-PatchTST_h24_s2021,revin-PatchTST,24,16.26,2cd4bad5ace581105e2ec3cb72e03e864d01f9e573b50d2ad8945327a175df44
P4 main partial execution,B_screen_XOM_DeReFusion_h1_s2021,DeReFusion,1,21.43,00cbba4b8504d0da48117e40e3a4f4c44be99aef5dad49f161d0ea3f0a4c4512
P4 main partial execution,B_screen_XOM_DeReFusion_h24_s2021,DeReFusion,24,20.13,100f4b02abf42d7135007f99f4d4df8b9040295c29503502018efe5043552e95
P4 main partial execution,B_screen_XOM_revin-DLinear_h1_s2021,revin-DLinear,1,10.79,935549993fac6a9eb985f33f2e4c9ad13ab7631a5ca3a1368a5efe2b3ccffb65
P4 main partial execution,B_screen_XOM_revin-DLinear_h24_s2021,revin-DLinear,24,7.08,39b10bc2726e5eca40bf4bfb519c1c49b5551b6f00d42c00648554ef5070c2e6
P4 main partial execution,B_screen_XOM_revin-iTransformer_h1_s2021,revin-iTransformer,1,9.14,4f5b23c6851ebff36a7b16c4cc3dfcf74448a9aa2b526f33e22e6cc365179a43
P4 main partial execution,B_screen_XOM_revin-iTransformer_h24_s2021,revin-iTransformer,24,8.3,24a6cad64103330ac613eb9bad198acbee631bce922aca3322130512779cf441
P4 main partial execution,B_screen_XOM_revin-PatchTST_h1_s2021,revin-PatchTST,1,26.59,8375f1ac99ce88ad4d3b0a8a7d2923c9ee71f5a514ff18c99ea70e503138188d
P4 main partial execution,B_screen_XOM_revin-PatchTST_h24_s2021,revin-PatchTST,24,19.57,de7366ea67cb076ffeb4a56095b1d4f0d1a3be872cafd94d31dddb4bfefc9907
RTX8000 nonconfirmatory supplement,B_screen_AUDUSD_revin-TimesNet_h24_s2021,revin-TimesNet,24,1043.13,df404bb6959d6cf147acd49691d1f1ff98fa49a178fc93f92102914ca258e2ad
RTX8000 nonconfirmatory supplement,B_screen_BABA_revin-TimesNet_h1_s2021,revin-TimesNet,1,800.3,912ef91bfdc5cb1ee9a83c51a2c2261713743c7e941194bae76956979a3d5122
RTX8000 nonconfirmatory supplement,B_screen_BABA_revin-TimesNet_h24_s2021,revin-TimesNet,24,624.76,932a9596d5b22382f54c91957a1c55e7904af9fe44669885085592d02bf28544
RTX8000 nonconfirmatory supplement,B_screen_BTCUSD_revin-TimesNet_h1_s2021,revin-TimesNet,1,1236.71,496dd6527d3d34143e9ba0449d8f398412365002608109cef990b54a7613c80c
RTX8000 nonconfirmatory supplement,B_screen_BTCUSD_revin-TimesNet_h24_s2021,revin-TimesNet,24,863.51,41562250f3cfa5b6b1767fb784b1283a70a970dc13429aacb05b212afad5e80e
RTX8000 nonconfirmatory supplement,B_screen_DJI_revin-TimesNet_h1_s2021,revin-TimesNet,1,1632.13,5d62c35933526441dfc5ad20c472e7597b8a10a4e1527fb9b78caad794cb46fa
RTX8000 nonconfirmatory supplement,B_screen_DJI_revin-TimesNet_h24_s2021,revin-TimesNet,24,946.67,cde042b36fb0ec597874d015cbda84f698c64da9ef2b8d27b867a0a07aff0650
RTX8000 nonconfirmatory supplement,B_screen_ETHUSD_revin-TimesNet_h1_s2021,revin-TimesNet,1,2264.96,57ed316b6d339d174291e4d8bce637245f95a9ab623cd7cdd705f97ba6618934
RTX8000 nonconfirmatory supplement,B_screen_ETHUSD_revin-TimesNet_h24_s2021,revin-TimesNet,24,1695.85,0408bd36d511a8194071355a549e11ba6f7bca5d71a66492c91f05d2e0fa457f
RTX8000 nonconfirmatory supplement,B_screen_EURUSD_revin-TimesNet_h1_s2021,revin-TimesNet,1,1111.48,931a4b9bbbe7cbacc8b15e871b5f8d3c57df796b25202738df33b863fd2076f8
RTX8000 nonconfirmatory supplement,B_screen_EURUSD_revin-TimesNet_h24_s2021,revin-TimesNet,24,655.91,1fdbc34d89b1ba5d7489c90b40076b6cc5ccfa4aed9a83bd6ad7aa4aa1155e6f
RTX8000 nonconfirmatory supplement,B_screen_FTSE_revin-TimesNet_h1_s2021,revin-TimesNet,1,1390.68,17ccadc9da0364a5dac45b098397bec9b09d08ade193e2801d5a9e10464718c8
RTX8000 nonconfirmatory supplement,B_screen_FTSE_revin-TimesNet_h24_s2021,revin-TimesNet,24,908.99,3af56c93cd8fbe1f32dd9aab3bd70d85ad23a28287e5567393e02662fbfa86ec
RTX8000 nonconfirmatory supplement,B_screen_GBPUSD_revin-TimesNet_h1_s2021,revin-TimesNet,1,1657.67,9699b5ae92fe39f6c91cd38c91186ea80f0804743347fd8eba50855039dc1c0b
RTX8000 nonconfirmatory supplement,B_screen_GBPUSD_revin-TimesNet_h24_s2021,revin-TimesNet,24,611.01,24d9e69008bc9835834a7e14eccf844ec2e143c288597fd634f91c8b1fb42651
RTX8000 nonconfirmatory supplement,B_screen_GDAXI_revin-TimesNet_h1_s2021,revin-TimesNet,1,1272.08,044bda028536912cd8a0efb2400a4ac4af80f7b9011038009807cd5c60005c71
RTX8000 nonconfirmatory supplement,B_screen_GDAXI_revin-TimesNet_h24_s2021,revin-TimesNet,24,491.76,45cfd3276a6885cd9bcebeb4086a78c290a7d903ce9063ddd55785b9a24523eb
RTX8000 nonconfirmatory supplement,B_screen_GLD_revin-TimesNet_h1_s2021,revin-TimesNet,1,933.19,c71fc8bd3c61a554f975ca9d7eb3944ee63d3ebf7438f7f3109ebbfc22c6ee07
RTX8000 nonconfirmatory supplement,B_screen_GLD_revin-TimesNet_h24_s2021,revin-TimesNet,24,955.16,fbd499ba653a9c83a7e42291b1af82146de42412ead8aff23757dfbe72e76f36
RTX8000 nonconfirmatory supplement,B_screen_GOLD_revin-TimesNet_h1_s2021,revin-TimesNet,1,1767.18,fc5435f648352d7ebd2d949bff56fd9b69d558e714abeccc1c2ecc99f0245779
RTX8000 nonconfirmatory supplement,B_screen_GOLD_revin-TimesNet_h24_s2021,revin-TimesNet,24,995.17,92df235f9bab9ea036c147d3c2a942b67b35d8357d6c3cb9ec596ebd63df8ecc
RTX8000 nonconfirmatory supplement,B_screen_GSPC_revin-TimesNet_h1_s2021,revin-TimesNet,1,1158.28,1b50e64c075039d17fdfcebbbf29bbaecc181cc5e4e54ad9d587da2964732273
RTX8000 nonconfirmatory supplement,B_screen_GSPC_revin-TimesNet_h24_s2021,revin-TimesNet,24,551.82,5f67561ceb2e7a1bd7ec90839624f1499f47201c4cd3babf2a11145b80dc345c
RTX8000 nonconfirmatory supplement,B_screen_HSI_revin-TimesNet_h1_s2021,revin-TimesNet,1,1948.0,e2c9206544fba5ceb26d978dcca351efe91a8faeb743dfeee8c8be654f0c2a66
RTX8000 nonconfirmatory supplement,B_screen_HSI_revin-TimesNet_h24_s2021,revin-TimesNet,24,581.45,0600ce4d14d88a9228667d7eb7a6de92e4ff6918930abbc4f6b236d0176501ad
RTX8000 nonconfirmatory supplement,B_screen_JPM_revin-TimesNet_h1_s2021,revin-TimesNet,1,1643.56,5a87a5e612d7e12c29695a5056cb25b5fd8c44b3f58c7a6a0e6112a52afdf154
RTX8000 nonconfirmatory supplement,B_screen_JPM_revin-TimesNet_h24_s2021,revin-TimesNet,24,677.37,5a90344fc7cef59a9691f5c844b3d3fad64f79552d20d4cc1bac3185c4248aa6
RTX8000 nonconfirmatory supplement,B_screen_META_revin-TimesNet_h1_s2021,revin-TimesNet,1,935.31,2c3b79f410fb7224c1a5b3a4ac65d881e888004c0d3460c686e6cf837b2a3f3d
RTX8000 nonconfirmatory supplement,B_screen_META_revin-TimesNet_h24_s2021,revin-TimesNet,24,831.37,3db68f37a0ef2daa11a412c75b2aa56d40f103a92ecd1595a256aafd88e99f4a
RTX8000 nonconfirmatory supplement,B_screen_MSFT_revin-TimesNet_h1_s2021,revin-TimesNet,1,1559.82,809eb3890eb9a4f930654bf6d2370348840895fd143f97e1bc152f2c878a59bd
RTX8000 nonconfirmatory supplement,B_screen_MSFT_revin-TimesNet_h24_s2021,revin-TimesNet,24,492.93,10faa3a8aef5223d127f71c3a1e4db1b37c3f30fb03cfb8b5b24ee674ab0c009
RTX8000 nonconfirmatory supplement,B_screen_N225_revin-TimesNet_h1_s2021,revin-TimesNet,1,1363.97,6c2c563e84d0434215e140341c431b451da7a22be49083947277cc9abd69c0b7
RTX8000 nonconfirmatory supplement,B_screen_N225_revin-TimesNet_h24_s2021,revin-TimesNet,24,790.09,076bd50b7fdea0504132a166625c818781835754bc43d4486109297ae29bdffe
RTX8000 nonconfirmatory supplement,B_screen_NVO_revin-TimesNet_h1_s2021,revin-TimesNet,1,539.21,3930e26bc4f6435110602936b89de3028d5e8e127cc2d88e3708bd40825460f1
RTX8000 nonconfirmatory supplement,B_screen_NVO_revin-TimesNet_h24_s2021,revin-TimesNet,24,527.73,178ce8ce41818f2ec088575585404505b4b51567b706581459fab0cfa624c3c0
RTX8000 nonconfirmatory supplement,B_screen_RUT_revin-TimesNet_h1_s2021,revin-TimesNet,1,1384.61,6ce1dbb0e02bc305b815dfb04e2fc93083d1c70e276d84d698430b0de4597dae
RTX8000 nonconfirmatory supplement,B_screen_RUT_revin-TimesNet_h24_s2021,revin-TimesNet,24,501.4,5d78404a4ad0570f4e6c65fcadb9c3fb6058d03e7697bafacaef76dd0e3a363f
RTX8000 nonconfirmatory supplement,B_screen_SOX_revin-TimesNet_h1_s2021,revin-TimesNet,1,769.65,d850e4f3e7b9691d4997e309b33dfeaa94ae313019fbeba595ce99ec49b371bf
RTX8000 nonconfirmatory supplement,B_screen_SOX_revin-TimesNet_h24_s2021,revin-TimesNet,24,1373.14,4fe0b9867f5c42de8b30b6027edd4cd4b2c3c9e7713f84297aaec7b7165b953a
RTX8000 nonconfirmatory supplement,B_screen_TLT_revin-TimesNet_h1_s2021,revin-TimesNet,1,1072.25,b0c066fac1e1974b4f7257f1499fa62679b6effdf9403e3f2984fdf12770c327
RTX8000 nonconfirmatory supplement,B_screen_TLT_revin-TimesNet_h24_s2021,revin-TimesNet,24,651.75,e06b69a7a5bb3b344215511adcfc9e6c694c4f78cc60f050b9fd5d86887b8a74
RTX8000 nonconfirmatory supplement,B_screen_TM_revin-TimesNet_h1_s2021,revin-TimesNet,1,937.95,1a58d59ac9750a13e5d8baac4a162a1ba53fa9d2b0ee395e5fbcd1d55dd84a3e
RTX8000 nonconfirmatory supplement,B_screen_TM_revin-TimesNet_h24_s2021,revin-TimesNet,24,631.28,2a2faad36519602d441d80425fe683970903c2c88e89b074a62e3807e63e7298
RTX8000 nonconfirmatory supplement,B_screen_TSLA_revin-TimesNet_h1_s2021,revin-TimesNet,1,1017.99,141f1e4a926f32d04289c0ef2295f8e5128b154a9f7f7c9eb40a936de993b124
RTX8000 nonconfirmatory supplement,B_screen_TSLA_revin-TimesNet_h24_s2021,revin-TimesNet,24,518.8,4df1a5629c21fde2cdf92f407b6e69ae7818407219a8bb2cced6febba0d7ed2b
RTX8000 nonconfirmatory supplement,B_screen_USDCAD_revin-TimesNet_h1_s2021,revin-TimesNet,1,2262.94,4355351e516f4cb0a83b02fd1da1297f8807b9c53d94db4031d97fddb790aad8
RTX8000 nonconfirmatory supplement,B_screen_USDCAD_revin-TimesNet_h24_s2021,revin-TimesNet,24,531.22,a2d35afccfbaf765cf29667928b0610e7224dab0ee34fc4bbfbb30cb1801e0c2
RTX8000 nonconfirmatory supplement,B_screen_USDJPY_revin-TimesNet_h1_s2021,revin-TimesNet,1,1618.97,cf9b491197117e4b2f41a67fd60ee076ce289096f0523755c1c152ead65c2d07
RTX8000 nonconfirmatory supplement,B_screen_USDJPY_revin-TimesNet_h24_s2021,revin-TimesNet,24,1064.72,adaac62408b5b10e6bde79eb44dba65382823891ea05f8e00d3e457ce023bdd0
RTX8000 nonconfirmatory supplement,B_screen_WMT_revin-TimesNet_h1_s2021,revin-TimesNet,1,1648.64,64e3fba8967343079fd35a1e46ff3fa1c12b1f278bfe197dcca16357993e1bad
RTX8000 nonconfirmatory supplement,B_screen_WMT_revin-TimesNet_h24_s2021,revin-TimesNet,24,1664.6,35f598442985993e1eb639b0ee25dcf76eadb5911cf72e904b8db28a3ff498a7
RTX8000 nonconfirmatory supplement,B_screen_WTI_revin-TimesNet_h1_s2021,revin-TimesNet,1,920.89,444fbdbb1dcf0c669df31c1572e52ba0a4143456515d10a70528becb876681b6
RTX8000 nonconfirmatory supplement,B_screen_WTI_revin-TimesNet_h24_s2021,revin-TimesNet,24,1069.86,cea4594eb38a1a250ff8a218bf90fe57b3b5678a3c7b871bbccbbbe56fd50df8
RTX8000 nonconfirmatory supplement,B_screen_XOM_revin-TimesNet_h1_s2021,revin-TimesNet,1,1665.91,98e0c0dc3d752bb17db9edf3c1085d6f33b656a4a46d48327fd43998087f3117
RTX8000 nonconfirmatory supplement,B_screen_XOM_revin-TimesNet_h24_s2021,revin-TimesNet,24,603.9,d7ede10a74185e94a12123938052202dd8cd271771e79526801715efa1fff492
