asset,cohort,horizon,seed,test_values,mse_revin_dlinear,mse_derefusion,delta_derefusion_minus_dlinear,asset_delta_direction,prediction_keys_sha256,true_sha256
AAPL,c1-20,1,2022,502,0.023182114586234093,0.021560676395893097,-0.0016214381903409958,negative,73822078adeea8178f7a86207c830d6e4bcb88b42cfe0519e52c2f435b240c4f,196675eff430b3293db4fe123536ccd96c6ef8009f7a0ec3f3f6421cb190eba0
AAPL,c1-20,1,2023,502,0.02293306216597557,0.018104203045368195,-0.004828859120607376,negative,73822078adeea8178f7a86207c830d6e4bcb88b42cfe0519e52c2f435b240c4f,196675eff430b3293db4fe123536ccd96c6ef8009f7a0ec3f3f6421cb190eba0
AAPL,c1-20,1,2024,502,0.023217417299747467,0.014369702897965908,-0.008847714401781559,negative,73822078adeea8178f7a86207c830d6e4bcb88b42cfe0519e52c2f435b240c4f,196675eff430b3293db4fe123536ccd96c6ef8009f7a0ec3f3f6421cb190eba0
AAPL,c1-20,24,2022,11496,0.08352460712194443,0.0807037279009819,-0.0028208792209625244,negative,3e32645526656fb8e055be1f7531c59ea77fa752680779cb82fb06910413cdb9,3b60605d2537bf983f5063d7447ed9d8698ee548185f47bf64ddfe8d11154070
AAPL,c1-20,24,2023,11496,0.08347230404615402,0.10545019060373306,0.02197788655757904,positive,3e32645526656fb8e055be1f7531c59ea77fa752680779cb82fb06910413cdb9,3b60605d2537bf983f5063d7447ed9d8698ee548185f47bf64ddfe8d11154070
AAPL,c1-20,24,2024,11496,0.08582668751478195,0.08871985226869583,0.0028931647539138794,positive,3e32645526656fb8e055be1f7531c59ea77fa752680779cb82fb06910413cdb9,3b60605d2537bf983f5063d7447ed9d8698ee548185f47bf64ddfe8d11154070
AMZN,c1-20,1,2022,502,0.023882118985056877,0.019211964681744576,-0.004670154303312302,negative,c0665593f755f43d626791ab40aa7da66b3d2a8bbc30e7cc355d9b9d3f245daf,6813be2bc7b51a18dd0e72a71a1a1291f57bce89e44e1bbdcf5fb32c7e16cb0f
AMZN,c1-20,1,2023,502,0.023435410112142563,0.01823781244456768,-0.0051975976675748825,negative,c0665593f755f43d626791ab40aa7da66b3d2a8bbc30e7cc355d9b9d3f245daf,6813be2bc7b51a18dd0e72a71a1a1291f57bce89e44e1bbdcf5fb32c7e16cb0f
AMZN,c1-20,1,2024,502,0.02370460331439972,0.015568762086331844,-0.008135841228067875,negative,c0665593f755f43d626791ab40aa7da66b3d2a8bbc30e7cc355d9b9d3f245daf,6813be2bc7b51a18dd0e72a71a1a1291f57bce89e44e1bbdcf5fb32c7e16cb0f
AMZN,c1-20,24,2022,11496,0.08584493398666382,0.08667153120040894,0.0008265972137451172,positive,80515aac76fe38232db108a72cc1e178793c5747781178cc18261e0fb3a95d43,34455312abb45725ea25d01625df31e473c955653ee1090c87e7d6a6ecab8e12
AMZN,c1-20,24,2023,11496,0.08690062165260315,0.08619809150695801,-0.0007025301456451416,negative,80515aac76fe38232db108a72cc1e178793c5747781178cc18261e0fb3a95d43,34455312abb45725ea25d01625df31e473c955653ee1090c87e7d6a6ecab8e12
AMZN,c1-20,24,2024,11496,0.08558549731969833,0.09482478350400925,0.009239286184310913,positive,80515aac76fe38232db108a72cc1e178793c5747781178cc18261e0fb3a95d43,34455312abb45725ea25d01625df31e473c955653ee1090c87e7d6a6ecab8e12
AUDUSD,c1-20,1,2022,520,0.024972369894385338,0.021096039563417435,-0.003876330330967903,negative,0bfa94ee9a51aa11944cec548b6dcf176068449495639a7e00e3b01dfa7c0534,04b0ab1f29f63222554c20f3cfa7461fb5aa19574bea1993d75229232fc22902
AUDUSD,c1-20,1,2023,520,0.025702234357595444,0.018400968983769417,-0.007301265373826027,negative,0bfa94ee9a51aa11944cec548b6dcf176068449495639a7e00e3b01dfa7c0534,04b0ab1f29f63222554c20f3cfa7461fb5aa19574bea1993d75229232fc22902
AUDUSD,c1-20,1,2024,520,0.025059150531888008,0.01641002669930458,-0.008649123832583427,negative,0bfa94ee9a51aa11944cec548b6dcf176068449495639a7e00e3b01dfa7c0534,04b0ab1f29f63222554c20f3cfa7461fb5aa19574bea1993d75229232fc22902
AUDUSD,c1-20,24,2022,11928,0.07971461862325668,0.0873197466135025,0.007605127990245819,positive,256f02be8a29553a3b4e70be0dde4f8722850344c843f3163a30808580f2f97f,c3c695c27683281aa78120880d9f788cb177639289eb2c159a9d73668330d8f8
AUDUSD,c1-20,24,2023,11928,0.07793860882520676,0.08740989863872528,0.009471289813518524,positive,256f02be8a29553a3b4e70be0dde4f8722850344c843f3163a30808580f2f97f,c3c695c27683281aa78120880d9f788cb177639289eb2c159a9d73668330d8f8
AUDUSD,c1-20,24,2024,11928,0.08259503543376923,0.08237552642822266,-0.00021950900554656982,negative,256f02be8a29553a3b4e70be0dde4f8722850344c843f3163a30808580f2f97f,c3c695c27683281aa78120880d9f788cb177639289eb2c159a9d73668330d8f8
BABA,original-10,1,2022,502,0.017796166241168976,0.012898136861622334,-0.004898029379546642,negative,3c5c9ce9e60873d42033796135644c952fde641534f7a322aa9db205bd46a7eb,dd61a26e8e596fd90cca3e9d5be7890276442fca4bcf6fda962eb2bec57ee81f
BABA,original-10,1,2023,502,0.0178275927901268,0.012500111013650894,-0.005327481776475906,negative,3c5c9ce9e60873d42033796135644c952fde641534f7a322aa9db205bd46a7eb,dd61a26e8e596fd90cca3e9d5be7890276442fca4bcf6fda962eb2bec57ee81f
BABA,original-10,1,2024,502,0.017936546355485916,0.008655605837702751,-0.009280940517783165,negative,3c5c9ce9e60873d42033796135644c952fde641534f7a322aa9db205bd46a7eb,dd61a26e8e596fd90cca3e9d5be7890276442fca4bcf6fda962eb2bec57ee81f
BABA,original-10,24,2022,11496,0.08775196969509125,0.09472779184579849,0.006975822150707245,positive,71584ced34cd5157774677f304184e14b2a4e3f784c246bad7dd62547e6f1aa2,131e2ebaa8f1824bed3e7b6f85b0ea6075270d98756a242f20490854723c5bd4
BABA,original-10,24,2023,11496,0.09506350755691528,0.09374655783176422,-0.001316949725151062,negative,71584ced34cd5157774677f304184e14b2a4e3f784c246bad7dd62547e6f1aa2,131e2ebaa8f1824bed3e7b6f85b0ea6075270d98756a242f20490854723c5bd4
BABA,original-10,24,2024,11496,0.09463503211736679,0.09025482088327408,-0.004380211234092712,negative,71584ced34cd5157774677f304184e14b2a4e3f784c246bad7dd62547e6f1aa2,131e2ebaa8f1824bed3e7b6f85b0ea6075270d98756a242f20490854723c5bd4
BTCUSD,original-10,1,2022,730,0.04948493838310242,0.04002466797828674,-0.009460270404815674,negative,7370027a8cb2e2e9cba5e2a35f94dfa2ccb30e7a50facc2289d459e2b42e8521,d671793c633f071a8d6b9866e4d26f832dd604ec06425252256efa270e30d22c
BTCUSD,original-10,1,2023,730,0.0501566119492054,0.03693593293428421,-0.013220679014921188,negative,7370027a8cb2e2e9cba5e2a35f94dfa2ccb30e7a50facc2289d459e2b42e8521,d671793c633f071a8d6b9866e4d26f832dd604ec06425252256efa270e30d22c
BTCUSD,original-10,1,2024,730,0.05054139345884323,0.030317265540361404,-0.020224127918481827,negative,7370027a8cb2e2e9cba5e2a35f94dfa2ccb30e7a50facc2289d459e2b42e8521,d671793c633f071a8d6b9866e4d26f832dd604ec06425252256efa270e30d22c
BTCUSD,original-10,24,2022,16968,0.22424344718456268,0.2037462741136551,-0.020497173070907593,negative,bea6a2cf90a02c238da38916357bf778abc4958687e8c137561d64f346fe7619,e23fd93a92b440f6929221d852179f69ca0f5e1f57f4439b2360d509713edd56
BTCUSD,original-10,24,2023,16968,0.2241256684064865,0.2226337343454361,-0.001491934061050415,negative,bea6a2cf90a02c238da38916357bf778abc4958687e8c137561d64f346fe7619,e23fd93a92b440f6929221d852179f69ca0f5e1f57f4439b2360d509713edd56
BTCUSD,original-10,24,2024,16968,0.2227422147989273,0.22391167283058167,0.001169458031654358,positive,bea6a2cf90a02c238da38916357bf778abc4958687e8c137561d64f346fe7619,e23fd93a92b440f6929221d852179f69ca0f5e1f57f4439b2360d509713edd56
DJI,original-10,1,2022,502,0.014733920805156231,0.013019280508160591,-0.0017146402969956398,negative,b62efbff9cb198a6d5b2e24625b644305478aba0e79e1570122d2a1f15a880ac,fe984151d3ac290224c38a1a2d3bc65769a7c9df9efc48aec87f3c8ecedb753e
DJI,original-10,1,2023,502,0.014720652252435684,0.011242369189858437,-0.0034782830625772476,negative,b62efbff9cb198a6d5b2e24625b644305478aba0e79e1570122d2a1f15a880ac,fe984151d3ac290224c38a1a2d3bc65769a7c9df9efc48aec87f3c8ecedb753e
DJI,original-10,1,2024,502,0.01482525747269392,0.011867627501487732,-0.002957629971206188,negative,b62efbff9cb198a6d5b2e24625b644305478aba0e79e1570122d2a1f15a880ac,fe984151d3ac290224c38a1a2d3bc65769a7c9df9efc48aec87f3c8ecedb753e
DJI,original-10,24,2022,11496,0.05867429077625275,0.04590372368693352,-0.012770567089319229,negative,f9c9601da2380378c03f779cd54ff3778742945439808c5ba96aca7c6f1c171a,81acc8ff4a3043d0129e021509cd8f6cb4d2fbbae33920a7eb459a6180b6188b
DJI,original-10,24,2023,11496,0.05395884811878204,0.04617651551961899,-0.007782332599163055,negative,f9c9601da2380378c03f779cd54ff3778742945439808c5ba96aca7c6f1c171a,81acc8ff4a3043d0129e021509cd8f6cb4d2fbbae33920a7eb459a6180b6188b
DJI,original-10,24,2024,11496,0.05854878947138786,0.04658374562859535,-0.011965043842792511,negative,f9c9601da2380378c03f779cd54ff3778742945439808c5ba96aca7c6f1c171a,81acc8ff4a3043d0129e021509cd8f6cb4d2fbbae33920a7eb459a6180b6188b
ETHUSD,original-10,1,2022,595,0.036301255226135254,0.031389154493808746,-0.004912100732326508,negative,fabfefffffb7c81cd7d85d626f8477e16af5e37f9b3f328c93243667092a964a,d843bb65fcca72ba6f0fd2ffa832e5cb3c3c6f01d5c84f39fd53e6de0d6a5a5a
ETHUSD,original-10,1,2023,595,0.03697512298822403,0.030914852395653725,-0.006060270592570305,negative,fabfefffffb7c81cd7d85d626f8477e16af5e37f9b3f328c93243667092a964a,d843bb65fcca72ba6f0fd2ffa832e5cb3c3c6f01d5c84f39fd53e6de0d6a5a5a
ETHUSD,original-10,1,2024,595,0.037946075201034546,0.028308045119047165,-0.009638030081987381,negative,fabfefffffb7c81cd7d85d626f8477e16af5e37f9b3f328c93243667092a964a,d843bb65fcca72ba6f0fd2ffa832e5cb3c3c6f01d5c84f39fd53e6de0d6a5a5a
ETHUSD,original-10,24,2022,13728,0.1485636830329895,0.14254403114318848,-0.006019651889801025,negative,6b1c6e07f1a49901f06966de92e311a95321c18f3a5ead7f20a7e6584859d0f8,7eb4e979ad0519f97f9036c569b67ba1666999a45ffb5642f62d68cd1a917800
ETHUSD,original-10,24,2023,13728,0.1490228921175003,0.150425985455513,0.0014030933380126953,positive,6b1c6e07f1a49901f06966de92e311a95321c18f3a5ead7f20a7e6584859d0f8,7eb4e979ad0519f97f9036c569b67ba1666999a45ffb5642f62d68cd1a917800
ETHUSD,original-10,24,2024,13728,0.14917400479316711,0.15278862416744232,0.0036146193742752075,positive,6b1c6e07f1a49901f06966de92e311a95321c18f3a5ead7f20a7e6584859d0f8,7eb4e979ad0519f97f9036c569b67ba1666999a45ffb5642f62d68cd1a917800
EURUSD,original-10,1,2022,520,0.026336263865232468,0.01941247470676899,-0.006923789158463478,negative,7b520db1e2eea61170ab5589eeac893ed3a596e6c352e07815204545efdf72cf,19b83e5502a20939547cc3b415bcefc6288e7cf0df7041fe3d4d17ba38fbe84f
EURUSD,original-10,1,2023,520,0.02655879780650139,0.018422100692987442,-0.008136697113513947,negative,7b520db1e2eea61170ab5589eeac893ed3a596e6c352e07815204545efdf72cf,19b83e5502a20939547cc3b415bcefc6288e7cf0df7041fe3d4d17ba38fbe84f
EURUSD,original-10,1,2024,520,0.026659686118364334,0.01493894774466753,-0.011720738373696804,negative,7b520db1e2eea61170ab5589eeac893ed3a596e6c352e07815204545efdf72cf,19b83e5502a20939547cc3b415bcefc6288e7cf0df7041fe3d4d17ba38fbe84f
EURUSD,original-10,24,2022,11928,0.15299120545387268,0.09318085014820099,-0.05981035530567169,negative,f6de2ecafc74a796bdf0bf4d47220f786dbf505e8f54bcb6219099d572a27283,b7a6d962122f29d61ab2adf9ecc28a98479f6a546c45faedd1bcb42a4c4055eb
EURUSD,original-10,24,2023,11928,0.15176598727703094,0.09537573903799057,-0.056390248239040375,negative,f6de2ecafc74a796bdf0bf4d47220f786dbf505e8f54bcb6219099d572a27283,b7a6d962122f29d61ab2adf9ecc28a98479f6a546c45faedd1bcb42a4c4055eb
EURUSD,original-10,24,2024,11928,0.16502942144870758,0.09855072945356369,-0.06647869199514389,negative,f6de2ecafc74a796bdf0bf4d47220f786dbf505e8f54bcb6219099d572a27283,b7a6d962122f29d61ab2adf9ecc28a98479f6a546c45faedd1bcb42a4c4055eb
FTSE,c1-20,1,2022,505,0.05131470039486885,0.04559088870882988,-0.005723811686038971,negative,25381dafdf252f80d3d4cf354fe658b75fd249430d4d4f124861c1693384204e,90386acf10830afc6ff6030b2bbad9ddd7de8264252db21607e4939e0b623644
FTSE,c1-20,1,2023,505,0.050291839987039566,0.047156576067209244,-0.0031352639198303223,negative,25381dafdf252f80d3d4cf354fe658b75fd249430d4d4f124861c1693384204e,90386acf10830afc6ff6030b2bbad9ddd7de8264252db21607e4939e0b623644
FTSE,c1-20,1,2024,505,0.0533018633723259,0.03539534658193588,-0.017906516790390015,negative,25381dafdf252f80d3d4cf354fe658b75fd249430d4d4f124861c1693384204e,90386acf10830afc6ff6030b2bbad9ddd7de8264252db21607e4939e0b623644
FTSE,c1-20,24,2022,11568,0.16403141617774963,0.20770883560180664,0.04367741942405701,positive,57c3698d14111fafdb33941e262b1fb41f248791840aa850058cbcf9a4f65619,eb92d5a70620185a8541c0869763fa5e0405a9cd21a42cab830ab43ffa581789
FTSE,c1-20,24,2023,11568,0.17281144857406616,0.18716204166412354,0.014350593090057373,positive,57c3698d14111fafdb33941e262b1fb41f248791840aa850058cbcf9a4f65619,eb92d5a70620185a8541c0869763fa5e0405a9cd21a42cab830ab43ffa581789
FTSE,c1-20,24,2024,11568,0.18049797415733337,0.1773357093334198,-0.0031622648239135742,negative,57c3698d14111fafdb33941e262b1fb41f248791840aa850058cbcf9a4f65619,eb92d5a70620185a8541c0869763fa5e0405a9cd21a42cab830ab43ffa581789
GBPUSD,c1-20,1,2022,520,0.024027787148952484,0.016667237505316734,-0.00736054964363575,negative,63408bb8324411c53218af9f2e4fd4434506be2bc85038dcd610b4fa6886b885,c6569b7f930bbacfe738eaa78f4d779d6de887a04350bca03afcba05bc78f2b8
GBPUSD,c1-20,1,2023,520,0.02382437326014042,0.014853930100798607,-0.008970443159341812,negative,63408bb8324411c53218af9f2e4fd4434506be2bc85038dcd610b4fa6886b885,c6569b7f930bbacfe738eaa78f4d779d6de887a04350bca03afcba05bc78f2b8
GBPUSD,c1-20,1,2024,520,0.024570906534790993,0.014680982567369938,-0.009889923967421055,negative,63408bb8324411c53218af9f2e4fd4434506be2bc85038dcd610b4fa6886b885,c6569b7f930bbacfe738eaa78f4d779d6de887a04350bca03afcba05bc78f2b8
GBPUSD,c1-20,24,2022,11928,0.09027604013681412,0.07932751625776291,-0.010948523879051208,negative,c137032573a5ce1bd00254a7eb08d377da11ff09f67656a5b58aec5349ef031b,c0f5cebda66209458a3e36de36f8b67e81084b6759f8ab4f4749a8edc693f566
GBPUSD,c1-20,24,2023,11928,0.08901125937700272,0.08132855594158173,-0.00768270343542099,negative,c137032573a5ce1bd00254a7eb08d377da11ff09f67656a5b58aec5349ef031b,c0f5cebda66209458a3e36de36f8b67e81084b6759f8ab4f4749a8edc693f566
GBPUSD,c1-20,24,2024,11928,0.08899635821580887,0.08428725600242615,-0.004709102213382721,negative,c137032573a5ce1bd00254a7eb08d377da11ff09f67656a5b58aec5349ef031b,c0f5cebda66209458a3e36de36f8b67e81084b6759f8ab4f4749a8edc693f566
GDAXI,c1-20,1,2022,507,0.0641181692481041,0.05272386968135834,-0.011394299566745758,negative,0553be9111cb92c9b25c6508200e945943f216fda0575d67a879d4260e2817e8,cdfd3db1bacc2b4ce312b9678b13ee929b40d2e6adfbda5d0fdbbbdce3196e0b
GDAXI,c1-20,1,2023,507,0.06381335854530334,0.04225141555070877,-0.021561942994594574,negative,0553be9111cb92c9b25c6508200e945943f216fda0575d67a879d4260e2817e8,cdfd3db1bacc2b4ce312b9678b13ee929b40d2e6adfbda5d0fdbbbdce3196e0b
GDAXI,c1-20,1,2024,507,0.06383796036243439,0.03882817551493645,-0.02500978484749794,negative,0553be9111cb92c9b25c6508200e945943f216fda0575d67a879d4260e2817e8,cdfd3db1bacc2b4ce312b9678b13ee929b40d2e6adfbda5d0fdbbbdce3196e0b
GDAXI,c1-20,24,2022,11616,0.2217053771018982,0.20564450323581696,-0.016060873866081238,negative,7a451cbde4907d056de3569d1fc52dfacfc1d07ec80ceff8fdd2ac6ee8fa4e65,0529060d5a5fdc5cac88ee575ae18bac0a26ac3d03677b3129d0dbaacbea6a1a
GDAXI,c1-20,24,2023,11616,0.2184567004442215,0.20142513513565063,-0.017031565308570862,negative,7a451cbde4907d056de3569d1fc52dfacfc1d07ec80ceff8fdd2ac6ee8fa4e65,0529060d5a5fdc5cac88ee575ae18bac0a26ac3d03677b3129d0dbaacbea6a1a
GDAXI,c1-20,24,2024,11616,0.2157401293516159,0.20429624617099762,-0.011443883180618286,negative,7a451cbde4907d056de3569d1fc52dfacfc1d07ec80ceff8fdd2ac6ee8fa4e65,0529060d5a5fdc5cac88ee575ae18bac0a26ac3d03677b3129d0dbaacbea6a1a
GLD,c1-20,1,2022,502,0.07246389240026474,0.05784560739994049,-0.01461828500032425,negative,a4c22d1ee9f27affc8f971fb3d5a908259995077afaf6732ff4c52d0594339a6,4d7147dac9399b887fb94a0ad2aac30f63a2ecfbe5350c8af73b76482755607c
GLD,c1-20,1,2023,502,0.07034774124622345,0.04868736490607262,-0.021660376340150833,negative,a4c22d1ee9f27affc8f971fb3d5a908259995077afaf6732ff4c52d0594339a6,4d7147dac9399b887fb94a0ad2aac30f63a2ecfbe5350c8af73b76482755607c
GLD,c1-20,1,2024,502,0.07318378239870071,0.04203450307250023,-0.031149279326200485,negative,a4c22d1ee9f27affc8f971fb3d5a908259995077afaf6732ff4c52d0594339a6,4d7147dac9399b887fb94a0ad2aac30f63a2ecfbe5350c8af73b76482755607c
GLD,c1-20,24,2022,11496,0.3409566879272461,0.27826255559921265,-0.06269413232803345,negative,b50f2c1c6f4e13e37055d45d281878f514a8067388242a1dbb22c06b21404dce,47b8466844ee38592331c525fb32059183c3d2ee66db6df547343d1fbd56f2dd
GLD,c1-20,24,2023,11496,0.3753492534160614,0.27963876724243164,-0.09571048617362976,negative,b50f2c1c6f4e13e37055d45d281878f514a8067388242a1dbb22c06b21404dce,47b8466844ee38592331c525fb32059183c3d2ee66db6df547343d1fbd56f2dd
GLD,c1-20,24,2024,11496,0.31268510222435,0.2899380922317505,-0.022747009992599487,negative,b50f2c1c6f4e13e37055d45d281878f514a8067388242a1dbb22c06b21404dce,47b8466844ee38592331c525fb32059183c3d2ee66db6df547343d1fbd56f2dd
GOLD,c1-20,1,2022,502,0.06831008940935135,0.053998611867427826,-0.014311477541923523,negative,7eec85b3379c2ca69db144e40ab95eb9511e1b15f9d66a0df182b05419bcd409,4bc172331de4fafb46e9b37e1c9280126b5c1e186bfb8937277a15a573508f7d
GOLD,c1-20,1,2023,502,0.06617701053619385,0.04653254151344299,-0.019644469022750854,negative,7eec85b3379c2ca69db144e40ab95eb9511e1b15f9d66a0df182b05419bcd409,4bc172331de4fafb46e9b37e1c9280126b5c1e186bfb8937277a15a573508f7d
GOLD,c1-20,1,2024,502,0.06932897865772247,0.039442118257284164,-0.02988686040043831,negative,7eec85b3379c2ca69db144e40ab95eb9511e1b15f9d66a0df182b05419bcd409,4bc172331de4fafb46e9b37e1c9280126b5c1e186bfb8937277a15a573508f7d
GOLD,c1-20,24,2022,11496,0.35103997588157654,0.25825369358062744,-0.0927862823009491,negative,a5cabeb071d546b549163f46cfae0c8f8cdbf5366d92f313fd9acf0c99268e07,5e4fd07cabb4462e9aae4a6020d40386adb8ad53547189a23baa954147ea34a7
GOLD,c1-20,24,2023,11496,0.31586164236068726,0.25602662563323975,-0.05983501672744751,negative,a5cabeb071d546b549163f46cfae0c8f8cdbf5366d92f313fd9acf0c99268e07,5e4fd07cabb4462e9aae4a6020d40386adb8ad53547189a23baa954147ea34a7
GOLD,c1-20,24,2024,11496,0.295096218585968,0.24634766578674316,-0.048748552799224854,negative,a5cabeb071d546b549163f46cfae0c8f8cdbf5366d92f313fd9acf0c99268e07,5e4fd07cabb4462e9aae4a6020d40386adb8ad53547189a23baa954147ea34a7
GSPC,original-10,1,2022,502,0.016091011464595795,0.013902458362281322,-0.002188553102314472,negative,a1cc1e17a241738a5e82aa008a121bdb21b71a39dc2601af8c77bfaef82c5c74,d8f7f2f33ead57ed30c44f2c100908d2eb5a2d2b4476c6996e7ad9e6a7a4cbda
GSPC,original-10,1,2023,502,0.01579221338033676,0.011602346785366535,-0.004189866594970226,negative,a1cc1e17a241738a5e82aa008a121bdb21b71a39dc2601af8c77bfaef82c5c74,d8f7f2f33ead57ed30c44f2c100908d2eb5a2d2b4476c6996e7ad9e6a7a4cbda
GSPC,original-10,1,2024,502,0.016170529648661613,0.010971690528094769,-0.005198839120566845,negative,a1cc1e17a241738a5e82aa008a121bdb21b71a39dc2601af8c77bfaef82c5c74,d8f7f2f33ead57ed30c44f2c100908d2eb5a2d2b4476c6996e7ad9e6a7a4cbda
GSPC,original-10,24,2022,11496,0.06433524936437607,0.053786467760801315,-0.010548781603574753,negative,e84e76156e630783971274372f18d8591538bb30809aa3076df61be9118789a1,5cc8a06d7a403ed317e46ca7f04ab4de5d3de06b6cda830da61465e7ea53d0f3
GSPC,original-10,24,2023,11496,0.07409855723381042,0.05877663940191269,-0.015321917831897736,negative,e84e76156e630783971274372f18d8591538bb30809aa3076df61be9118789a1,5cc8a06d7a403ed317e46ca7f04ab4de5d3de06b6cda830da61465e7ea53d0f3
GSPC,original-10,24,2024,11496,0.07123154401779175,0.07254889607429504,0.001317352056503296,positive,e84e76156e630783971274372f18d8591538bb30809aa3076df61be9118789a1,5cc8a06d7a403ed317e46ca7f04ab4de5d3de06b6cda830da61465e7ea53d0f3
HSI,c1-20,1,2022,491,0.03709430247545242,0.02824077010154724,-0.008853532373905182,negative,7d27763191432c197951097235386de72a940463396ae31fc6c8987cb28ba2ff,06eaa24e99fe626d3baa3e529571710b532d3e677f4108cda03ff4c3339e3b35
HSI,c1-20,1,2023,491,0.03727294132113457,0.02714787796139717,-0.010125063359737396,negative,7d27763191432c197951097235386de72a940463396ae31fc6c8987cb28ba2ff,06eaa24e99fe626d3baa3e529571710b532d3e677f4108cda03ff4c3339e3b35
HSI,c1-20,1,2024,491,0.036892883479595184,0.020736243575811386,-0.016156639903783798,negative,7d27763191432c197951097235386de72a940463396ae31fc6c8987cb28ba2ff,06eaa24e99fe626d3baa3e529571710b532d3e677f4108cda03ff4c3339e3b35
HSI,c1-20,24,2022,11232,0.13817091286182404,0.1401747316122055,0.0020038187503814697,positive,f1854af53c35a1ee0e36f7cd713c3fc771908c24ec5d24a3f0153f834949a36b,d93fb12e9181d6f2b0f66752f59218cdfede2f4cc3b4eaef11cc7238978303c9
HSI,c1-20,24,2023,11232,0.13843801617622375,0.1382136344909668,-0.000224381685256958,negative,f1854af53c35a1ee0e36f7cd713c3fc771908c24ec5d24a3f0153f834949a36b,d93fb12e9181d6f2b0f66752f59218cdfede2f4cc3b4eaef11cc7238978303c9
HSI,c1-20,24,2024,11232,0.13782013952732086,0.14556220173835754,0.007742062211036682,positive,f1854af53c35a1ee0e36f7cd713c3fc771908c24ec5d24a3f0153f834949a36b,d93fb12e9181d6f2b0f66752f59218cdfede2f4cc3b4eaef11cc7238978303c9
JPM,c1-20,1,2022,502,0.07573331147432327,0.05522458627820015,-0.020508725196123123,negative,2e2637ca3389a5875329769298e1bd5929bd9bf4f7cc835ce26d238693a64906,8dea5e16660007170a4db88c9400027d5efb35884ae1fd154e12f1f67e4b578b
JPM,c1-20,1,2023,502,0.07593382894992828,0.046899545937776566,-0.029034283012151718,negative,2e2637ca3389a5875329769298e1bd5929bd9bf4f7cc835ce26d238693a64906,8dea5e16660007170a4db88c9400027d5efb35884ae1fd154e12f1f67e4b578b
JPM,c1-20,1,2024,502,0.07630142569541931,0.04181999713182449,-0.03448142856359482,negative,2e2637ca3389a5875329769298e1bd5929bd9bf4f7cc835ce26d238693a64906,8dea5e16660007170a4db88c9400027d5efb35884ae1fd154e12f1f67e4b578b
JPM,c1-20,24,2022,11496,0.2414378970861435,0.24474981427192688,0.0033119171857833862,positive,7149cda76d2c1d2abde18ec05a0aba029c4b6bdf161c246ccf13af1242ae68fb,008587e64376d471c6d7f19f6839ad1bfa8faf4207908a7a889fdfb8b51b0dba
JPM,c1-20,24,2023,11496,0.25713932514190674,0.24348722398281097,-0.013652101159095764,negative,7149cda76d2c1d2abde18ec05a0aba029c4b6bdf161c246ccf13af1242ae68fb,008587e64376d471c6d7f19f6839ad1bfa8faf4207908a7a889fdfb8b51b0dba
JPM,c1-20,24,2024,11496,0.25987279415130615,0.2586230933666229,-0.0012497007846832275,negative,7149cda76d2c1d2abde18ec05a0aba029c4b6bdf161c246ccf13af1242ae68fb,008587e64376d471c6d7f19f6839ad1bfa8faf4207908a7a889fdfb8b51b0dba
META,c1-20,1,2022,502,0.18017025291919708,0.15797977149486542,-0.022190481424331665,negative,233e860fa9a8cc0052df509901e407e827382a403c41345a3962e60eab50a880,43991262eba7a02f2a5948d2c5a1306420483be43424803ca683244b93a659cc
META,c1-20,1,2023,502,0.17940782010555267,0.15741127729415894,-0.021996542811393738,negative,233e860fa9a8cc0052df509901e407e827382a403c41345a3962e60eab50a880,43991262eba7a02f2a5948d2c5a1306420483be43424803ca683244b93a659cc
META,c1-20,1,2024,502,0.17728884518146515,0.12621735036373138,-0.051071494817733765,negative,233e860fa9a8cc0052df509901e407e827382a403c41345a3962e60eab50a880,43991262eba7a02f2a5948d2c5a1306420483be43424803ca683244b93a659cc
META,c1-20,24,2022,11496,0.6466656923294067,0.5855987071990967,-0.06106698513031006,negative,17cf787240ad9167dccfe9a4702da2ea7fd54914389e24645b548b94ea1e4882,d8d002e54a03f161d4413c8421d77b45534a4ad7653418c15ce32db8714e06cc
META,c1-20,24,2023,11496,0.6412268280982971,0.6040295362472534,-0.0371972918510437,negative,17cf787240ad9167dccfe9a4702da2ea7fd54914389e24645b548b94ea1e4882,d8d002e54a03f161d4413c8421d77b45534a4ad7653418c15ce32db8714e06cc
META,c1-20,24,2024,11496,0.6392189264297485,0.6442674994468689,0.005048573017120361,positive,17cf787240ad9167dccfe9a4702da2ea7fd54914389e24645b548b94ea1e4882,d8d002e54a03f161d4413c8421d77b45534a4ad7653418c15ce32db8714e06cc
MSFT,c1-20,1,2022,502,0.02030112035572529,0.01459425874054432,-0.005706861615180969,negative,24ab47a31e00127b7258e9e935072051ac2de82af3315a7ec714c469a555f749,7897acecb4fb38d152d771daf80ea414a5cecec464b72555a0b90afa221374cd
MSFT,c1-20,1,2023,502,0.019967563450336456,0.013737445697188377,-0.006230117753148079,negative,24ab47a31e00127b7258e9e935072051ac2de82af3315a7ec714c469a555f749,7897acecb4fb38d152d771daf80ea414a5cecec464b72555a0b90afa221374cd
MSFT,c1-20,1,2024,502,0.020438339561223984,0.01031800452619791,-0.010120335035026073,negative,24ab47a31e00127b7258e9e935072051ac2de82af3315a7ec714c469a555f749,7897acecb4fb38d152d771daf80ea414a5cecec464b72555a0b90afa221374cd
MSFT,c1-20,24,2022,11496,0.08747636526823044,0.08609235286712646,-0.0013840124011039734,negative,e04615e4b872a5457b5e33d42267f57a62df5960b61d3dd9a23703a88678b778,3d165382d672bfbe1a47f49e3dc52e1663a8119aa22281a2f53ba9c0d34882bc
MSFT,c1-20,24,2023,11496,0.0879877358675003,0.09084883332252502,0.0028610974550247192,positive,e04615e4b872a5457b5e33d42267f57a62df5960b61d3dd9a23703a88678b778,3d165382d672bfbe1a47f49e3dc52e1663a8119aa22281a2f53ba9c0d34882bc
MSFT,c1-20,24,2024,11496,0.09039102494716644,0.09761766344308853,0.007226638495922089,positive,e04615e4b872a5457b5e33d42267f57a62df5960b61d3dd9a23703a88678b778,3d165382d672bfbe1a47f49e3dc52e1663a8119aa22281a2f53ba9c0d34882bc
N225,c1-20,1,2022,488,0.07220100611448288,0.06212381273508072,-0.01007719337940216,negative,e51d1aba8b0485960c37bf05fefbc2d96f936cf366be93f24d6b716096f7e1c8,d5f55201de6ac044a29c4458d3b5082145be81d0a5e4e137a868345921ae248f
N225,c1-20,1,2023,488,0.07020476460456848,0.05796245485544205,-0.012242309749126434,negative,e51d1aba8b0485960c37bf05fefbc2d96f936cf366be93f24d6b716096f7e1c8,d5f55201de6ac044a29c4458d3b5082145be81d0a5e4e137a868345921ae248f
N225,c1-20,1,2024,488,0.07221560180187225,0.047413092106580734,-0.02480250969529152,negative,e51d1aba8b0485960c37bf05fefbc2d96f936cf366be93f24d6b716096f7e1c8,d5f55201de6ac044a29c4458d3b5082145be81d0a5e4e137a868345921ae248f
N225,c1-20,24,2022,11160,0.26288455724716187,0.28908663988113403,0.026202082633972168,positive,46598058e7cc4160f90bbf0284a1eb9e38a15a41e0d8969a837ab6ccc5aeeae3,f092b2e1cb30b153e9ff11d86dddf360dfae9808c80b5b5ca8525a9423492953
N225,c1-20,24,2023,11160,0.26346251368522644,0.26047003269195557,-0.002992480993270874,negative,46598058e7cc4160f90bbf0284a1eb9e38a15a41e0d8969a837ab6ccc5aeeae3,f092b2e1cb30b153e9ff11d86dddf360dfae9808c80b5b5ca8525a9423492953
N225,c1-20,24,2024,11160,0.26297372579574585,0.27844926714897156,0.015475541353225708,positive,46598058e7cc4160f90bbf0284a1eb9e38a15a41e0d8969a837ab6ccc5aeeae3,f092b2e1cb30b153e9ff11d86dddf360dfae9808c80b5b5ca8525a9423492953
NVO,original-10,1,2022,502,0.16082368791103363,0.13859067857265472,-0.022233009338378906,negative,ae8017e4dbce80fd51cffc530fed43c13e26833a862e58507a696d8a064d1a72,7d63c0d5cdaa74b638287b06d0702ecfbad306f954e5f9199d75a5764427a12a
NVO,original-10,1,2023,502,0.17401434481143951,0.11523653566837311,-0.058777809143066406,negative,ae8017e4dbce80fd51cffc530fed43c13e26833a862e58507a696d8a064d1a72,7d63c0d5cdaa74b638287b06d0702ecfbad306f954e5f9199d75a5764427a12a
NVO,original-10,1,2024,502,0.16036421060562134,0.08999016880989075,-0.07037404179573059,negative,ae8017e4dbce80fd51cffc530fed43c13e26833a862e58507a696d8a064d1a72,7d63c0d5cdaa74b638287b06d0702ecfbad306f954e5f9199d75a5764427a12a
NVO,original-10,24,2022,11496,0.5900076627731323,0.6487118005752563,0.05870413780212402,positive,0e3cfef7aada1de69c6cac7c15a139cd7e4bb612644dd6b6e16b5e26650495ec,59dcb2793f81f1b22b74ae1527c3e4af614319647637b9646c339e8d65581318
NVO,original-10,24,2023,11496,0.5859870910644531,0.6874762773513794,0.10148918628692627,positive,0e3cfef7aada1de69c6cac7c15a139cd7e4bb612644dd6b6e16b5e26650495ec,59dcb2793f81f1b22b74ae1527c3e4af614319647637b9646c339e8d65581318
NVO,original-10,24,2024,11496,0.591023862361908,0.696142852306366,0.10511898994445801,positive,0e3cfef7aada1de69c6cac7c15a139cd7e4bb612644dd6b6e16b5e26650495ec,59dcb2793f81f1b22b74ae1527c3e4af614319647637b9646c339e8d65581318
RUT,c1-20,1,2022,502,0.025462942197918892,0.023211102932691574,-0.002251839265227318,negative,170c35b1094c28effc04d7694399b60799596f9aabd86b540a4381114b9c99a6,5a7f9aa9121d657187f89e7857d64d3ed1539be912fe0eeb00934a12decdf5d3
RUT,c1-20,1,2023,502,0.02591436728835106,0.02069265767931938,-0.005221709609031677,negative,170c35b1094c28effc04d7694399b60799596f9aabd86b540a4381114b9c99a6,5a7f9aa9121d657187f89e7857d64d3ed1539be912fe0eeb00934a12decdf5d3
RUT,c1-20,1,2024,502,0.025726208463311195,0.01803169772028923,-0.007694510743021965,negative,170c35b1094c28effc04d7694399b60799596f9aabd86b540a4381114b9c99a6,5a7f9aa9121d657187f89e7857d64d3ed1539be912fe0eeb00934a12decdf5d3
RUT,c1-20,24,2022,11496,0.07840824872255325,0.08270850032567978,0.004300251603126526,positive,c8ea6dfa95dce4e814b2412c38dca2d396911a679e1a84ad3c118f064d088312,4933d3d2eae5d294e703c11c0dcae97b08c4d1f974c9e47cd6f467d432179d24
RUT,c1-20,24,2023,11496,0.08672208338975906,0.07992353290319443,-0.006798550486564636,negative,c8ea6dfa95dce4e814b2412c38dca2d396911a679e1a84ad3c118f064d088312,4933d3d2eae5d294e703c11c0dcae97b08c4d1f974c9e47cd6f467d432179d24
RUT,c1-20,24,2024,11496,0.08588293939828873,0.08294409513473511,-0.0029388442635536194,negative,c8ea6dfa95dce4e814b2412c38dca2d396911a679e1a84ad3c118f064d088312,4933d3d2eae5d294e703c11c0dcae97b08c4d1f974c9e47cd6f467d432179d24
SOX,original-10,1,2022,502,0.05257818102836609,0.04701259359717369,-0.005565587431192398,negative,0a3a55b50cc775b3daadc97cb1f0ae0b64142d0b460f892ac59eb4d538aa8941,fca271d98c8a7d877dce82c5827f8d5e130e58aa716535100d1c6bebbd4ca5c5
SOX,original-10,1,2023,502,0.05209744721651077,0.04147918522357941,-0.010618261992931366,negative,0a3a55b50cc775b3daadc97cb1f0ae0b64142d0b460f892ac59eb4d538aa8941,fca271d98c8a7d877dce82c5827f8d5e130e58aa716535100d1c6bebbd4ca5c5
SOX,original-10,1,2024,502,0.05274595692753792,0.034462835639715195,-0.018283121287822723,negative,0a3a55b50cc775b3daadc97cb1f0ae0b64142d0b460f892ac59eb4d538aa8941,fca271d98c8a7d877dce82c5827f8d5e130e58aa716535100d1c6bebbd4ca5c5
SOX,original-10,24,2022,11496,0.19675666093826294,0.18447181582450867,-0.012284845113754272,negative,1a1585dbd9646a9073fc158db31c131fc471af5e66608e47ca2bad1b6b2f3260,7e8079b41ea5fdf177eab063f7aa26b8f25aec1fc59c398708d6ff469189f8eb
SOX,original-10,24,2023,11496,0.19404934346675873,0.21969476342201233,0.0256454199552536,positive,1a1585dbd9646a9073fc158db31c131fc471af5e66608e47ca2bad1b6b2f3260,7e8079b41ea5fdf177eab063f7aa26b8f25aec1fc59c398708d6ff469189f8eb
SOX,original-10,24,2024,11496,0.22008255124092102,0.22293122112751007,0.0028486698865890503,positive,1a1585dbd9646a9073fc158db31c131fc471af5e66608e47ca2bad1b6b2f3260,7e8079b41ea5fdf177eab063f7aa26b8f25aec1fc59c398708d6ff469189f8eb
TLT,c1-20,1,2022,502,0.010424481704831123,0.007643113844096661,-0.0027813678607344627,negative,c608c38555c941c07d9a8de7f1c6dd16de4088338cde6f826876064261ac36ae,d7b67c9eb9229543acbb037b4d3484ca8f84e476d4e39d91b766475f17633c74
TLT,c1-20,1,2023,502,0.010507376864552498,0.007975325919687748,-0.00253205094486475,negative,c608c38555c941c07d9a8de7f1c6dd16de4088338cde6f826876064261ac36ae,d7b67c9eb9229543acbb037b4d3484ca8f84e476d4e39d91b766475f17633c74
TLT,c1-20,1,2024,502,0.01038944162428379,0.005746468901634216,-0.004642972722649574,negative,c608c38555c941c07d9a8de7f1c6dd16de4088338cde6f826876064261ac36ae,d7b67c9eb9229543acbb037b4d3484ca8f84e476d4e39d91b766475f17633c74
TLT,c1-20,24,2022,11496,0.02944130264222622,0.029385805130004883,-5.5497512221336365e-05,negative,4e564e87d45ff79a66b8cd63c60a07dbc6bae8b9a01b71c4b1d19af585ee1cae,2eca3dfab076ee37ddc70ac7d409f8754b768803f524a716cf62406976abc7c3
TLT,c1-20,24,2023,11496,0.030980044975876808,0.03394532948732376,0.002965284511446953,positive,4e564e87d45ff79a66b8cd63c60a07dbc6bae8b9a01b71c4b1d19af585ee1cae,2eca3dfab076ee37ddc70ac7d409f8754b768803f524a716cf62406976abc7c3
TLT,c1-20,24,2024,11496,0.031383536756038666,0.03222879394888878,0.0008452571928501129,positive,4e564e87d45ff79a66b8cd63c60a07dbc6bae8b9a01b71c4b1d19af585ee1cae,2eca3dfab076ee37ddc70ac7d409f8754b768803f524a716cf62406976abc7c3
TM,original-10,1,2022,502,0.09070474654436111,0.06052754074335098,-0.030177205801010132,negative,115291a769976c0f737f75711bf38f9eb7bceaf0a4e752658829ded88c00ddc9,655b979a67963c6b6be7c7ce8b4fc0fc929f86dc23f4d35f9586b094fffa1ebe
TM,original-10,1,2023,502,0.09263410419225693,0.06077512726187706,-0.03185897693037987,negative,115291a769976c0f737f75711bf38f9eb7bceaf0a4e752658829ded88c00ddc9,655b979a67963c6b6be7c7ce8b4fc0fc929f86dc23f4d35f9586b094fffa1ebe
TM,original-10,1,2024,502,0.09045350551605225,0.047757603228092194,-0.04269590228796005,negative,115291a769976c0f737f75711bf38f9eb7bceaf0a4e752658829ded88c00ddc9,655b979a67963c6b6be7c7ce8b4fc0fc929f86dc23f4d35f9586b094fffa1ebe
TM,original-10,24,2022,11496,0.3501720130443573,0.36901867389678955,0.01884666085243225,positive,0c90ebc5850c2078ed074008fc3d0de666e615f8b006df587ec7a386d1ee9324,832ad9f71575006e6532d7523024b49b3c3a01b6451dcc5dd1dbf542bebfc5eb
TM,original-10,24,2023,11496,0.3653508424758911,0.32932525873184204,-0.03602558374404907,negative,0c90ebc5850c2078ed074008fc3d0de666e615f8b006df587ec7a386d1ee9324,832ad9f71575006e6532d7523024b49b3c3a01b6451dcc5dd1dbf542bebfc5eb
TM,original-10,24,2024,11496,0.386179655790329,0.36022260785102844,-0.025957047939300537,negative,0c90ebc5850c2078ed074008fc3d0de666e615f8b006df587ec7a386d1ee9324,832ad9f71575006e6532d7523024b49b3c3a01b6451dcc5dd1dbf542bebfc5eb
TSLA,c1-20,1,2022,502,0.04265245422720909,0.03224262595176697,-0.010409828275442123,negative,c4464b5f5b9dd3630b501d60d2b9798e61697d1b3eacebf204f3a372b32e4dcd,142fabe91a8c527acd0734b81f0504a4f09021a2f714e3d2138b4525ec27a326
TSLA,c1-20,1,2023,502,0.04247460141777992,0.032285358756780624,-0.010189242660999298,negative,c4464b5f5b9dd3630b501d60d2b9798e61697d1b3eacebf204f3a372b32e4dcd,142fabe91a8c527acd0734b81f0504a4f09021a2f714e3d2138b4525ec27a326
TSLA,c1-20,1,2024,502,0.04338676482439041,0.025486348196864128,-0.017900416627526283,negative,c4464b5f5b9dd3630b501d60d2b9798e61697d1b3eacebf204f3a372b32e4dcd,142fabe91a8c527acd0734b81f0504a4f09021a2f714e3d2138b4525ec27a326
TSLA,c1-20,24,2022,11496,0.1980292648077011,0.16022494435310364,-0.03780432045459747,negative,ff4704aa38f608169d63753846436edc713f9d8a2f6b38661b437e94f5aff573,e365bc688c5003b6624817a2eb49df81b50c6b448a284f5bfb9bc6fd72bf4375
TSLA,c1-20,24,2023,11496,0.17392076551914215,0.1640058010816574,-0.009914964437484741,negative,ff4704aa38f608169d63753846436edc713f9d8a2f6b38661b437e94f5aff573,e365bc688c5003b6624817a2eb49df81b50c6b448a284f5bfb9bc6fd72bf4375
TSLA,c1-20,24,2024,11496,0.1653575897216797,0.15100528299808502,-0.014352306723594666,negative,ff4704aa38f608169d63753846436edc713f9d8a2f6b38661b437e94f5aff573,e365bc688c5003b6624817a2eb49df81b50c6b448a284f5bfb9bc6fd72bf4375
USDCAD,c1-20,1,2022,520,0.03725462779402733,0.028578223660588264,-0.008676404133439064,negative,0a81b3cf51249f9b9cbbe1b1bd4d6604b502362deef39a3603082412acfeb277,c842013f54e1ff660d3225c9411eedba9e806b36ab14ea587315bb10192d37f4
USDCAD,c1-20,1,2023,520,0.038238395005464554,0.026246683672070503,-0.01199171133339405,negative,0a81b3cf51249f9b9cbbe1b1bd4d6604b502362deef39a3603082412acfeb277,c842013f54e1ff660d3225c9411eedba9e806b36ab14ea587315bb10192d37f4
USDCAD,c1-20,1,2024,520,0.037589967250823975,0.020160311833024025,-0.01742965541779995,negative,0a81b3cf51249f9b9cbbe1b1bd4d6604b502362deef39a3603082412acfeb277,c842013f54e1ff660d3225c9411eedba9e806b36ab14ea587315bb10192d37f4
USDCAD,c1-20,24,2022,11928,0.14629004895687103,0.17396707832813263,0.027677029371261597,positive,d191f3990b61ba53324ed79ef4d5c5688334b8f7b2eabf4b49adda3cef80d388,8cb1658c21bc32337151f21cac50e2183d7b436644538c862fa80c4f7cb631c8
USDCAD,c1-20,24,2023,11928,0.15095312893390656,0.14261050522327423,-0.008342623710632324,negative,d191f3990b61ba53324ed79ef4d5c5688334b8f7b2eabf4b49adda3cef80d388,8cb1658c21bc32337151f21cac50e2183d7b436644538c862fa80c4f7cb631c8
USDCAD,c1-20,24,2024,11928,0.14268425107002258,0.15097971260547638,0.008295461535453796,positive,d191f3990b61ba53324ed79ef4d5c5688334b8f7b2eabf4b49adda3cef80d388,8cb1658c21bc32337151f21cac50e2183d7b436644538c862fa80c4f7cb631c8
USDJPY,original-10,1,2022,520,0.04707488790154457,0.042001910507678986,-0.005072977393865585,negative,893983555507b42808bf4131b5f39a16eab3dd3bb05309915ca9ec517e555285,618ed733bef2746c54de2963f6ccc4d373b57cb28e0fe97e6585d7217412d61b
USDJPY,original-10,1,2023,520,0.04686994478106499,0.033358193933963776,-0.013511750847101212,negative,893983555507b42808bf4131b5f39a16eab3dd3bb05309915ca9ec517e555285,618ed733bef2746c54de2963f6ccc4d373b57cb28e0fe97e6585d7217412d61b
USDJPY,original-10,1,2024,520,0.04706181585788727,0.02289719507098198,-0.02416462078690529,negative,893983555507b42808bf4131b5f39a16eab3dd3bb05309915ca9ec517e555285,618ed733bef2746c54de2963f6ccc4d373b57cb28e0fe97e6585d7217412d61b
USDJPY,original-10,24,2022,11928,0.19094617664813995,0.17352980375289917,-0.017416372895240784,negative,1da8b20e1495db5f8951dba31474221aa09c191acfd86ef61f7fbad7b1862ec1,5567b184af16b9b8471a4c33946c3250791842335293e6c413192402ca334df2
USDJPY,original-10,24,2023,11928,0.18967638909816742,0.22628915309906006,0.03661276400089264,positive,1da8b20e1495db5f8951dba31474221aa09c191acfd86ef61f7fbad7b1862ec1,5567b184af16b9b8471a4c33946c3250791842335293e6c413192402ca334df2
USDJPY,original-10,24,2024,11928,0.18910087645053864,0.19302958250045776,0.003928706049919128,positive,1da8b20e1495db5f8951dba31474221aa09c191acfd86ef61f7fbad7b1862ec1,5567b184af16b9b8471a4c33946c3250791842335293e6c413192402ca334df2
WMT,c1-20,1,2022,502,0.07778375595808029,0.04983069747686386,-0.02795305848121643,negative,a640cdd838ce2b4cb8c169374d84c1d4630a913ae3b83da2fb6707b0c54f1d82,11c7fd26d44880a177dc655890f5f0bdfd59b0b2a96a977efb82efa49a81f706
WMT,c1-20,1,2023,502,0.07513757795095444,0.045291416347026825,-0.029846161603927612,negative,a640cdd838ce2b4cb8c169374d84c1d4630a913ae3b83da2fb6707b0c54f1d82,11c7fd26d44880a177dc655890f5f0bdfd59b0b2a96a977efb82efa49a81f706
WMT,c1-20,1,2024,502,0.07773657888174057,0.03427615016698837,-0.0434604287147522,negative,a640cdd838ce2b4cb8c169374d84c1d4630a913ae3b83da2fb6707b0c54f1d82,11c7fd26d44880a177dc655890f5f0bdfd59b0b2a96a977efb82efa49a81f706
WMT,c1-20,24,2022,11496,0.292083203792572,0.2807081639766693,-0.01137503981590271,negative,f5c715ec6a65770c8e38a91799e8c19c76599949425a95ad8a64087ac5f8bae4,d61698c4ff5229ecb9f5b6f0298ae0f72dc2daca1d7ba8ebe99e3e2aa9450cb1
WMT,c1-20,24,2023,11496,0.31766560673713684,0.31547027826309204,-0.0021953284740448,negative,f5c715ec6a65770c8e38a91799e8c19c76599949425a95ad8a64087ac5f8bae4,d61698c4ff5229ecb9f5b6f0298ae0f72dc2daca1d7ba8ebe99e3e2aa9450cb1
WMT,c1-20,24,2024,11496,0.2928425073623657,0.2849714159965515,-0.007871091365814209,negative,f5c715ec6a65770c8e38a91799e8c19c76599949425a95ad8a64087ac5f8bae4,d61698c4ff5229ecb9f5b6f0298ae0f72dc2daca1d7ba8ebe99e3e2aa9450cb1
WTI,c1-20,1,2022,502,0.015775341540575027,0.014131927862763405,-0.0016434136778116226,negative,e60b4f81afe2cb8b963e3b1d1cf058ca6a3786f35138ab132ed1ef4886766130,c908cf50457fd49c6188b90b84671ba15ed1e70f3f6881494314e56c1121c0fd
WTI,c1-20,1,2023,502,0.016039593145251274,0.015363926067948341,-0.0006756670773029327,negative,e60b4f81afe2cb8b963e3b1d1cf058ca6a3786f35138ab132ed1ef4886766130,c908cf50457fd49c6188b90b84671ba15ed1e70f3f6881494314e56c1121c0fd
WTI,c1-20,1,2024,502,0.01572052575647831,0.011996064335107803,-0.0037244614213705063,negative,e60b4f81afe2cb8b963e3b1d1cf058ca6a3786f35138ab132ed1ef4886766130,c908cf50457fd49c6188b90b84671ba15ed1e70f3f6881494314e56c1121c0fd
WTI,c1-20,24,2022,11496,0.04403742402791977,0.0487569123506546,0.004719488322734833,positive,fe8c2f88cedfc1941cd87994bde5e85fc3a1122d00b00421328c48a35bfc9d29,9dad7c4cb3880085ad39561f47788ca9582e2d7964a109c7260f16e1f8184ec3
WTI,c1-20,24,2023,11496,0.043708380311727524,0.05152648687362671,0.007818106561899185,positive,fe8c2f88cedfc1941cd87994bde5e85fc3a1122d00b00421328c48a35bfc9d29,9dad7c4cb3880085ad39561f47788ca9582e2d7964a109c7260f16e1f8184ec3
WTI,c1-20,24,2024,11496,0.043371234089136124,0.05254834517836571,0.009177111089229584,positive,fe8c2f88cedfc1941cd87994bde5e85fc3a1122d00b00421328c48a35bfc9d29,9dad7c4cb3880085ad39561f47788ca9582e2d7964a109c7260f16e1f8184ec3
XOM,c1-20,1,2022,502,0.027819810435175896,0.02923629805445671,0.0014164876192808151,positive,4419eabf590360caf522864837c4a84a751618d9abcb5c1292e22af4d7cc9ad7,d7f5f1af22141b9e581706755a0be817ef5bdfc0979b6507f53ef45e52e7d5dd
XOM,c1-20,1,2023,502,0.028065521270036697,0.026536637917160988,-0.0015288833528757095,negative,4419eabf590360caf522864837c4a84a751618d9abcb5c1292e22af4d7cc9ad7,d7f5f1af22141b9e581706755a0be817ef5bdfc0979b6507f53ef45e52e7d5dd
XOM,c1-20,1,2024,502,0.027713792398571968,0.020677095279097557,-0.007036697119474411,negative,4419eabf590360caf522864837c4a84a751618d9abcb5c1292e22af4d7cc9ad7,d7f5f1af22141b9e581706755a0be817ef5bdfc0979b6507f53ef45e52e7d5dd
XOM,c1-20,24,2022,11496,0.08586472272872925,0.08978617936372757,0.0039214566349983215,positive,dc61ceae3b96df8ee7d16990cb11b3af4b5d0e4a4fe934e1cf03cc4a837792de,c8484713d4d6d318c36d18fce6a8331a89289502865651f67dba5b0aadd62108
XOM,c1-20,24,2023,11496,0.09765627235174179,0.09808527678251266,0.000429004430770874,positive,dc61ceae3b96df8ee7d16990cb11b3af4b5d0e4a4fe934e1cf03cc4a837792de,c8484713d4d6d318c36d18fce6a8331a89289502865651f67dba5b0aadd62108
XOM,c1-20,24,2024,11496,0.10611528903245926,0.10053850710391998,-0.005576781928539276,negative,dc61ceae3b96df8ee7d16990cb11b3af4b5d0e4a4fe934e1cf03cc4a837792de,c8484713d4d6d318c36d18fce6a8331a89289502865651f67dba5b0aadd62108
