relpath,bytes,sha256
.batch_2021_handed_over,26,046b48dd92c71eed18c4a69b635fe55da55a53466fb25b775720bb07a4a76000
.batch_2022_handed_over,26,a7feb5bf7953246ff0da7dabc2cba0f07cb3f7f237b8ef60b6609efa87b18d2d
BATCH-2021-DONE.md,2194,b1c957a84094fcd8b88fcac2d2b0b41b57dbd583d74010e3b4bcf7e3570479fa
BATCH-2022-DONE.md,2103,8e4fcbe7ce08f95664792fd2fd2f1dd20dd188bde59b42c892b8643029528ad7
lane0_runs.csv,8591,6021619580a94d5409613af46ec81e27eac9344f0d32c735f124a3b26269a72e
lane1_runs.csv,8997,47926c19fc746446cdaf632700fe851146c171fe7a44dd6b2d1f7216a96030ad
lane2_runs.csv,162,d987410455583448bc1da01004ea02d71c7614c00d74b60131eb9a91a4bddb09
per_run_manifest.csv,16290,988b22580c2bc5b68835b8cd54855f02fd23d8e87dcd0cbbd153f2830111fa3d
2021\AAPL_DeReFusion\command.txt,470,96d41dcbf4b23cc25e9cd87116545f92c4dfd0b415f2c48680d2bdefb7db08fd
2021\AAPL_DeReFusion\log_tail.txt,2488,0d47db70e7636b0b3928bbef89be26eb4fcdd0317e6a25dd799816fe312a50a2
2021\AAPL_DeReFusion\metrics.npy,152,561fa3549d6250f6323a74cb4bceba5b027a2a1b0727b2678c77fc49704893b6
2021\AAPL_DeReFusion\pred.npy,46112,cda7693d8edbf88037f2c645ed8f73b408657d87247ebbd5ccdd5b35adb1c102
2021\AAPL_DeReFusion\true.npy,46112,3b60605d2537bf983f5063d7447ed9d8698ee548185f47bf64ddfe8d11154070
2021\AAPL_revin-DLinear\command.txt,473,50fc100199dfceccea0a9a556dd76f6b5d8600de02aa42d69066b266fa2214c1
2021\AAPL_revin-DLinear\log_tail.txt,2509,e6d6851f5e178efc036b48977d26fe7a9ca50f142a52e25fb0366d17afb88b23
2021\AAPL_revin-DLinear\metrics.npy,152,bf931174cd64e01d405cb97ed0ff60385572d2d15e6d044bce179dc3716e6433
2021\AAPL_revin-DLinear\pred.npy,46112,a6cb22ae31eb0e6d2415f2ef1552de5aaa749130ee1124429cecd2bcbab65b55
2021\AAPL_revin-DLinear\true.npy,46112,3b60605d2537bf983f5063d7447ed9d8698ee548185f47bf64ddfe8d11154070
2021\AMZN_DeReFusion\command.txt,470,95864ac0d0b2632792fdeb34598e68726f0de5ec971bac3ea00def1f55e3b983
2021\AMZN_DeReFusion\log_tail.txt,2488,1dd00d31900169053fe413820195b30125af835bcbf23737199955080f578e5b
2021\AMZN_DeReFusion\metrics.npy,152,76c285c78835ee27b23db24b27997382b94f01559dc4a4dd89e6a274a3aa51a6
2021\AMZN_DeReFusion\pred.npy,46112,a2df4efd111f29de836c6c5f3473c83da84d92305c1ed76db02fb383703b1324
2021\AMZN_DeReFusion\true.npy,46112,34455312abb45725ea25d01625df31e473c955653ee1090c87e7d6a6ecab8e12
2021\AUDUSD_DeReFusion\command.txt,474,40a3380834ede977640c90d9aa8951f927730758aba492ae0b119d9ace9ea341
2021\AUDUSD_DeReFusion\log_tail.txt,2502,3da27ba30bfeebd8a2d81c80d21a587423a7a129fcfb4ebb3bcb08b3a97a3b2d
2021\AUDUSD_DeReFusion\metrics.npy,152,dcf7a153417f48b34e6cc4ec73cc55980335fbc03bfe3fa165b7e57c9479643b
2021\AUDUSD_DeReFusion\pred.npy,47840,a436acb1137d947d35b9c59e5d01ce7ece9ca14a094537f63050741118df8d5d
2021\AUDUSD_DeReFusion\true.npy,47840,c3c695c27683281aa78120880d9f788cb177639289eb2c159a9d73668330d8f8
2021\FTSE_DeReFusion\command.txt,470,6099de3e88d62213535a7594a226aba821d293fce378d6987ce20c519238eac5
2021\FTSE_DeReFusion\log_tail.txt,2488,6ae797b775ef4c1f7e8a77db4aafbc7bf76c1a6b4c06dd0497a371108bda6359
2021\FTSE_DeReFusion\metrics.npy,152,46a863bc6bb3d4e60f184cb8b50ced1610d0adb830c21586b32bf63ce6b8b174
2021\FTSE_DeReFusion\pred.npy,46400,29ad0514df70aa756fdb35aecb0b18e4970383cd9690d338052a804e82c9a52c
2021\FTSE_DeReFusion\true.npy,46400,eb92d5a70620185a8541c0869763fa5e0405a9cd21a42cab830ab43ffa581789
2021\FTSE_revin-DLinear\command.txt,473,412734b4ba3851443f770beef791957b7f3e42102142ddd11479f974327ef56a
2021\FTSE_revin-DLinear\log_tail.txt,2509,31dbe679e8cb4643fb4cd91053cb945531cf3942cfe218ac7390d890636cbc67
2021\FTSE_revin-DLinear\metrics.npy,152,6d1754f91126021792d80b3ea194228a3c1a608e9ae1ae25b765fc01c788f9d1
2021\FTSE_revin-DLinear\pred.npy,46400,b3d29fb404baea03b803827ce64608ce9aad6a5cf8b1caf23ddf54a0c840f55e
2021\FTSE_revin-DLinear\true.npy,46400,eb92d5a70620185a8541c0869763fa5e0405a9cd21a42cab830ab43ffa581789
2021\GBPUSD_DeReFusion\command.txt,474,096fcdfde2c0a8749f354175c34f2efb0f06213a4b0ff32154bb1e7520984964
2021\GBPUSD_DeReFusion\log_tail.txt,2538,8134ede42b3419553ec28572c3b39db03f53d8d440029119940d38a10c84f245
2021\GBPUSD_DeReFusion\metrics.npy,152,f028611b4640ad0cb1e63da9cea9e443f7dbc9a37ff3c2db1f3f7aa2ca2a2907
2021\GBPUSD_DeReFusion\pred.npy,47840,0df6d0fea056306d0f79b3e401da9e81b101320f727bc15f977eec6ba2bfb082
2021\GBPUSD_DeReFusion\true.npy,47840,c0f5cebda66209458a3e36de36f8b67e81084b6759f8ab4f4749a8edc693f566
2021\GBPUSD_revin-DLinear\command.txt,477,036b53bc9490d0b57469d3ca794333f7823a5af4926878615a839ffc3da0e454
2021\GBPUSD_revin-DLinear\log_tail.txt,2559,fe65e3bdd65a230e61780bddbb7434631ec1a1f2a33a14c8ce4141d1acd0751a
2021\GBPUSD_revin-DLinear\metrics.npy,152,3015af7832af05c53e3feb497e581f0917bdba6843146aa73cc6e08385be938b
2021\GBPUSD_revin-DLinear\pred.npy,47840,beddcb2372cba9338f7d1c3bf274fe07cd44c1d743a53d2b7ad9103480c9fe28
2021\GBPUSD_revin-DLinear\true.npy,47840,c0f5cebda66209458a3e36de36f8b67e81084b6759f8ab4f4749a8edc693f566
2021\GDAXI_DeReFusion\command.txt,472,2d6ef588bcb78a93d59267f8c74721a04a018c60f1397c4100914778384dd909
2021\GDAXI_DeReFusion\log_tail.txt,2495,16e3b3f538d0d9231cb9ae473cac452c365268a359cd05cdb410415e795a113e
2021\GDAXI_DeReFusion\metrics.npy,152,2c75fe060a00f05c7aaee6d53d2fa5a46df786e68169c57e4dc37b26d7bc5292
2021\GDAXI_DeReFusion\pred.npy,46592,05ef60b2d26f91c843aa5f9c1fd12046296aecac4da4247bea196b07583b9086
2021\GDAXI_DeReFusion\true.npy,46592,0529060d5a5fdc5cac88ee575ae18bac0a26ac3d03677b3129d0dbaacbea6a1a
2021\GLD_DeReFusion\command.txt,468,abb9013f3d6148217329a6e298ca28a09a572b280e4ba18040394b78e272c1a7
2021\GLD_DeReFusion\log_tail.txt,2481,c13aca6f54d614b9fc9901b4d1004c26cf6c90a7069a583417c914a23127354b
2021\GLD_DeReFusion\metrics.npy,152,d8a27ae1a4f7f19561304d313f10431abf6e3696275219561766775980c778ba
2021\GLD_DeReFusion\pred.npy,46112,cf1baabcc40cdda82dfacd0cdd4670704f7b09f9c8b4ad9b4a73db6b7604718c
2021\GLD_DeReFusion\true.npy,46112,47b8466844ee38592331c525fb32059183c3d2ee66db6df547343d1fbd56f2dd
2021\GOLD_DeReFusion\command.txt,470,96e9e9fd21c53240c50a471d2d72322f6dc7d34415e9d6b1d4952909f507c45d
2021\GOLD_DeReFusion\log_tail.txt,2488,4ba4660c07fac3692b3a14777efc5b7578ce83fb432909eb95fc4d06a8b9355a
2021\GOLD_DeReFusion\metrics.npy,152,25c740200ca58f870d7048ea85ddd047c20227224eb1b223790579be3d875820
2021\GOLD_DeReFusion\pred.npy,46112,7cb3e56c046ab410d7274d5331e3208816c10fab99bf19a353adf1533db9efd1
2021\GOLD_DeReFusion\true.npy,46112,5e4fd07cabb4462e9aae4a6020d40386adb8ad53547189a23baa954147ea34a7
2021\HSI_DeReFusion\command.txt,468,b1318c72bacc11abd0585b92bebb139d67ab131c74ad1a91d7e60103b5006f1a
2021\HSI_DeReFusion\log_tail.txt,2517,abf82a0e807b20ddf66ecbf796b9405502f5e82745be6bd82d2f2d5b34233595
2021\HSI_DeReFusion\metrics.npy,152,6052c457d380934993b9fa09b20630fce9ea90849b52157317f03676e9acb33f
2021\HSI_DeReFusion\pred.npy,45056,f8fd18259b906468614ea7c75e24a921819e1e0609ccff2f526540352ccbca53
2021\HSI_DeReFusion\true.npy,45056,d93fb12e9181d6f2b0f66752f59218cdfede2f4cc3b4eaef11cc7238978303c9
2021\HSI_revin-DLinear\command.txt,471,77f47a61f0bbe2e9ec4ef4c18bc39aa63ca32d0bafd60f78b7d3b080a582b966
2021\HSI_revin-DLinear\log_tail.txt,2538,28c5ada9d5c50e8610c661cb1e89947ce9c11888cbca5c5bd497f02d16833b76
2021\HSI_revin-DLinear\metrics.npy,152,526230a086cb38e72e43695b41a661867f0e347c016ee76916faf7fb49e10026
2021\HSI_revin-DLinear\pred.npy,45056,92263d748a78b040b6180aff5dfeacb7c58dc92ec0fc628f1ce05ebb2795c019
2021\HSI_revin-DLinear\true.npy,45056,d93fb12e9181d6f2b0f66752f59218cdfede2f4cc3b4eaef11cc7238978303c9
2021\JPM_DeReFusion\command.txt,468,7d7e39c532456a823004add979b8541d7474cc61998b4db058199325bea06cbd
2021\JPM_DeReFusion\log_tail.txt,2481,dd289231033c13b7fba699c5838c9ce6c96605db1a3370ce20cb5cf818a68f0c
2021\JPM_DeReFusion\metrics.npy,152,bd20c3896d9dea863446171d1935f513d37b0877821b498f5953198304c14766
2021\JPM_DeReFusion\pred.npy,46112,0a8dad1dd456208046f1f76a694415fb286c6430e526a0369f30296375ac03ee
2021\JPM_DeReFusion\true.npy,46112,008587e64376d471c6d7f19f6839ad1bfa8faf4207908a7a889fdfb8b51b0dba
2021\META_DeReFusion\command.txt,470,6f30158f7156895c57e7df5103d695b25909d860463b854bf9ebf569cbca1e84
2021\META_DeReFusion\log_tail.txt,2488,c068129aa7a228a53ae6d42bf758d3d798f2df312d19654701adc329f9b7090d
2021\META_DeReFusion\metrics.npy,152,1c294cb7cc915946f3ea5d247227dae1505e7a16da4426dd403da58df5e2daa3
2021\META_DeReFusion\pred.npy,46112,8faf8f2f78ea4b9cef7ec30453c5d3265f55da1d6b6d505d454a447fe3e3bb49
2021\META_DeReFusion\true.npy,46112,d8d002e54a03f161d4413c8421d77b45534a4ad7653418c15ce32db8714e06cc
2021\MSFT_DeReFusion\command.txt,470,4a6fcfa7e4fa3dad5f8261b8d3628f87e2dc2b120a49982bd4f8905e993c3a63
2021\MSFT_DeReFusion\log_tail.txt,2488,7b521355bb9be77d37d30f8a19a165c65d7bce35b830c756f1fb30584eeed8fa
2021\MSFT_DeReFusion\metrics.npy,152,55a02a4290faa3e4b80ebccadc6803daba1a2fb2d8c0a9550a5cc8b9e982d9ce
2021\MSFT_DeReFusion\pred.npy,46112,3cda6752eb810e98392360b69db7a3b9dbe1a83110013f1ca485e2cde2039706
2021\MSFT_DeReFusion\true.npy,46112,3d165382d672bfbe1a47f49e3dc52e1663a8119aa22281a2f53ba9c0d34882bc
2021\N225_DeReFusion\command.txt,470,3ef97bbe918bdc0dc606ca81bb6aab7c779ece1709f95477c236b84a58b6ec29
2021\N225_DeReFusion\log_tail.txt,2488,9b11437d7c176b1d8ab2aed72b8d6bc5321af5f3fb766d78ab54f968abab4223
2021\N225_DeReFusion\metrics.npy,152,7e23913515ee3230aab2aa5d7dc20721592214fd58a4e36596df59777b006e96
2021\N225_DeReFusion\pred.npy,44768,b6bd63e2fc505f2507336eb321a3a84d0b4f063f49c383f2894d256e63e1270b
2021\N225_DeReFusion\true.npy,44768,f092b2e1cb30b153e9ff11d86dddf360dfae9808c80b5b5ca8525a9423492953
2021\RUT_DeReFusion\command.txt,468,31d7d53ebbd8292c39047678606cc8561a9eca41330f28e12d1e0a8a83dcd877
2021\RUT_DeReFusion\log_tail.txt,2481,cee51fdd8f9ec6734f1f55fabe4be68dfbbbfa5c3d1d0238198a0749462085e7
2021\RUT_DeReFusion\metrics.npy,152,90a87b48f211f7d2fdc1b8ff9e21161213b856338084fea997cfc777f8a9f83f
2021\RUT_DeReFusion\pred.npy,46112,a94975425bc9af5f952bf13d83f2479b086ce4250d41739ba726264e89331d33
2021\RUT_DeReFusion\true.npy,46112,4933d3d2eae5d294e703c11c0dcae97b08c4d1f974c9e47cd6f467d432179d24
2021\RUT_revin-DLinear\command.txt,471,6b7581653abe94f3a43139e760afc36ffc36a18e795c6ada0d5ca1297506c1b3
2021\RUT_revin-DLinear\log_tail.txt,2503,17e99aa181f8cb2a49e2f19828f75ce6ef0cb9f7d81ec3d19b28480768245454
2021\RUT_revin-DLinear\metrics.npy,152,ae924e687962ac6f7eda00505062109547c9cf149d56d3fec75d63eafccd5060
2021\RUT_revin-DLinear\pred.npy,46112,6e3664e1553efd868e6f641b8c8219690f2351124e89b187c6bccd2d63224f12
2021\RUT_revin-DLinear\true.npy,46112,4933d3d2eae5d294e703c11c0dcae97b08c4d1f974c9e47cd6f467d432179d24
2021\TLT_DeReFusion\command.txt,468,4d777d5f9072e490477bfda63079add3c431abc2bac11049857f0a28768dcd37
2021\TLT_DeReFusion\log_tail.txt,2481,ad1576942ce321918349230ec31098cda13be14e613826222c139d49dd9842b7
2021\TLT_DeReFusion\metrics.npy,152,66f354e938933ee07cd9af49f0d26986318c6a6efb5dc107989b1582d5b7aa6a
2021\TLT_DeReFusion\pred.npy,46112,1f46194de96e8bcf8bd1aea246bf1cd12dbd71354d6d8e046181604d21aa4818
2021\TLT_DeReFusion\true.npy,46112,2eca3dfab076ee37ddc70ac7d409f8754b768803f524a716cf62406976abc7c3
2021\TSLA_DeReFusion\command.txt,470,af15ad9083e6066f3af0443436f4cc1c26d30c6d69174e680448b7923d9aa330
2021\TSLA_DeReFusion\log_tail.txt,2488,234e703450e96a39f027239e5929ada25ae0b9a67cd05fb84b5df21dc4354d5b
2021\TSLA_DeReFusion\metrics.npy,152,35537aa293c1f3f7b117fe10505040bc4cb146e8cd37a04cefcc3992a8f69771
2021\TSLA_DeReFusion\pred.npy,46112,15b94cd030124f4d8f9a5dbb8939f84576004edf66abec4ca9a99fb70530675a
2021\TSLA_DeReFusion\true.npy,46112,e365bc688c5003b6624817a2eb49df81b50c6b448a284f5bfb9bc6fd72bf4375
2021\USDCAD_DeReFusion\command.txt,474,5ae1b6c345f23f192d52bf5f8f13fac9c4cac56a8a03d21b3eb048bf0f80c7fe
2021\USDCAD_DeReFusion\log_tail.txt,2502,0904e4c49713ad2c7d597a4bc03f013c3930940c42a93dc95a580433ea2981d7
2021\USDCAD_DeReFusion\metrics.npy,152,73661f44d7e6491e4f8124265c9eb44079df4a11ad6f9327c7b242a24cd84db4
2021\USDCAD_DeReFusion\pred.npy,47840,28322dc0f67d6421431cd2888dd57f5be538f88ff6f5b1dd532ff1989192dd1d
2021\USDCAD_DeReFusion\true.npy,47840,8cb1658c21bc32337151f21cac50e2183d7b436644538c862fa80c4f7cb631c8
2021\WMT_DeReFusion\command.txt,468,7fa1bfb8cf74e954d04dd4a42ba19b9db7fbeae5f320be30e3cac8cce1999c18
2021\WMT_DeReFusion\log_tail.txt,2481,e4194b76ef118e1ba90c74f8110d1bfccced64d820981f0c60fd4ec609d7ff5c
2021\WMT_DeReFusion\metrics.npy,152,f10583ebfc357c4949b34e6898fc4200c3818c24da3c1bb91e28d96c39832c23
2021\WMT_DeReFusion\pred.npy,46112,7efbe58b71b09912d28cdcf97a930727bdaffc4e51393a86e7716757c3ccd11e
2021\WMT_DeReFusion\true.npy,46112,d61698c4ff5229ecb9f5b6f0298ae0f72dc2daca1d7ba8ebe99e3e2aa9450cb1
2021\WTI_DeReFusion\command.txt,468,d87d33716471b2358f1ade210f8c080c75af484b546b8d54d39ebee9909fdd7a
2021\WTI_DeReFusion\log_tail.txt,2518,179d61cce64670220b90a5c437ed6be8b6da11715a59d056e4f4e1f60f2bc9e9
2021\WTI_DeReFusion\metrics.npy,152,abacedd745f3a18263bc97be5c7d79d9f1a8fe974b4c37b34eda78ce50bc0927
2021\WTI_DeReFusion\pred.npy,46112,49871f7d46a54ff50a18dc911e313f67e6602cd104d44ad6f171515a761a81ae
2021\WTI_DeReFusion\true.npy,46112,9dad7c4cb3880085ad39561f47788ca9582e2d7964a109c7260f16e1f8184ec3
2021\XOM_DeReFusion\command.txt,468,8ea3f8fbeb2d569a4c2abcc63ca43135953f9043c1254ac990f43ac3dcc40d10
2021\XOM_DeReFusion\log_tail.txt,2482,75a462cf58355ca5fc60bb17637cfe8415f4b7a10aa43aac59b0ae598f2ed056
2021\XOM_DeReFusion\metrics.npy,152,c7c4b159ee5aba7cee8431f2df8804a259effc703c138f2f20c687cd67a314bd
2021\XOM_DeReFusion\pred.npy,46112,d34b03c83bea0d3dc6fef7d0e38e3ca4b9fd97bc369b1aa0885ee54a82bf70d8
2021\XOM_DeReFusion\true.npy,46112,c8484713d4d6d318c36d18fce6a8331a89289502865651f67dba5b0aadd62108
2022\AAPL_DeReFusion\command.txt,470,4b22a035159b70cbbb9f5ce7ea8a8d9ab1ac7d8c7567cb57e305168f613a51f5
2022\AAPL_DeReFusion\log_tail.txt,2488,e60a660258b178d1edf0e50d7eaf943bf218580aaa6d73e6f3dc895d80bb10cd
2022\AAPL_DeReFusion\metrics.npy,152,719cc1681c3502d54c893cc8f628f1e1e224d08e2899c3a956f66bccfb0a6775
2022\AAPL_DeReFusion\pred.npy,46112,70c95e6b5bcbbf31883f597687c73cc355975516dfbc76dbb0972e3dc19684dd
2022\AAPL_DeReFusion\true.npy,46112,3b60605d2537bf983f5063d7447ed9d8698ee548185f47bf64ddfe8d11154070
2022\AMZN_DeReFusion\command.txt,470,c7a425303d57abb047702f26b3de79a4a8e141ee940ba093ab402eb337690ff3
2022\AMZN_DeReFusion\log_tail.txt,2488,b15c3a85804e04bed2ffdc4bd9d8d2e6a31270aa928db04215da7383c0e98eba
2022\AMZN_DeReFusion\metrics.npy,152,f1502e83924d59a90f405c75d589edd1da807f8d78100613e16d305d9c441192
2022\AMZN_DeReFusion\pred.npy,46112,151142fe9fb774b61f5cd5c084849eacda36ae485306f764c8b5de1a9019b19b
2022\AMZN_DeReFusion\true.npy,46112,34455312abb45725ea25d01625df31e473c955653ee1090c87e7d6a6ecab8e12
2022\AMZN_revin-DLinear\command.txt,473,8529ba7589dd557e7ad12c98c6b3a8d34232de444ad8cc053c12beb36c16fffc
2022\AMZN_revin-DLinear\log_tail.txt,2509,72524c7b8c2d49f1a85af09301e9e434683828b050ee4a048366e9eaf6427958
2022\AMZN_revin-DLinear\metrics.npy,152,a6ff9cf5734a633b4f4e30fc7c76c7af4cbce685fe729db73d317c16e8031877
2022\AMZN_revin-DLinear\pred.npy,46112,73a9b48556dcd486725edbfc98ecf87deea9aa5ab40680347926224faf0451f9
2022\AMZN_revin-DLinear\true.npy,46112,34455312abb45725ea25d01625df31e473c955653ee1090c87e7d6a6ecab8e12
2022\AUDUSD_DeReFusion\command.txt,474,2a67d43166b066183e5f73981238b2729f9b8749d41d0ff5ef689920738a9edb
2022\AUDUSD_DeReFusion\log_tail.txt,2502,62423b39eb0a667e56a8dcb47264b8c60ce1a111eff96e7a59690af995d841a5
2022\AUDUSD_DeReFusion\metrics.npy,152,95605a999e140cf3a74292654cc73e4c7be7d56d55f9949c1b0b40d33b9911fd
2022\AUDUSD_DeReFusion\pred.npy,47840,8147806a6e552f7aa9f9580c37c766ccfe1c871d9b39fe58b3ca45a80b3ac044
2022\AUDUSD_DeReFusion\true.npy,47840,c3c695c27683281aa78120880d9f788cb177639289eb2c159a9d73668330d8f8
2022\FTSE_DeReFusion\command.txt,470,761cb62b88614a528ecdcb0ad0dff9ab068fe0a8ceb02f5b4e781a7a71582b64
2022\FTSE_DeReFusion\log_tail.txt,2488,46ef00a82b46735572d3ddc980c89a85c6c332ad7b58a1bc9c2ba4f398185389
2022\FTSE_DeReFusion\metrics.npy,152,c6b04f395471d924524349343e834984109b06aca476a6ada2d7f77dbfcb2489
2022\FTSE_DeReFusion\pred.npy,46400,41eaaba16adc7e790d5ccd08497c02b880405e2bb8b85cedb88f0e5bc09ca0a3
2022\FTSE_DeReFusion\true.npy,46400,eb92d5a70620185a8541c0869763fa5e0405a9cd21a42cab830ab43ffa581789
2022\GBPUSD_DeReFusion\command.txt,474,8406211fdee8f05cbfba4ee58bf185aa52a7c0336d4fa31caf07fa8a8b87ea69
2022\GBPUSD_DeReFusion\log_tail.txt,2538,014530ff6f12c641dce9777de0397a8fc3bd8ece1f395804d1a6d46b2574b67b
2022\GBPUSD_DeReFusion\metrics.npy,152,07cfc94d77bd42690881d7f46588746b3e54c2d140067bf4370cbdcd1507b6bf
2022\GBPUSD_DeReFusion\pred.npy,47840,0cde3819e74add30600ed19624f18f577df57c07683c948449dff443ca4031be
2022\GBPUSD_DeReFusion\true.npy,47840,c0f5cebda66209458a3e36de36f8b67e81084b6759f8ab4f4749a8edc693f566
2022\GDAXI_DeReFusion\command.txt,472,4a04a70a70b66823dfaf217ba024402dc498fbff4ff6b6c627add2f1c19aebff
2022\GDAXI_DeReFusion\log_tail.txt,2495,bc2186e1ecc0deabac90497990bef7bec6a09cbd170988a4b9348eb530da09ab
2022\GDAXI_DeReFusion\metrics.npy,152,f6d895081a6a97d7d6077d0d52b886b520cf6143e6ac81519ca58cad318f7057
2022\GDAXI_DeReFusion\pred.npy,46592,aa35941ea8d98dbe4782243e5dccc9f0ccf25e47b2a85b840d7f37bdfcf6dcd2
2022\GDAXI_DeReFusion\true.npy,46592,0529060d5a5fdc5cac88ee575ae18bac0a26ac3d03677b3129d0dbaacbea6a1a
2022\GLD_DeReFusion\command.txt,468,3c23e1aa6b256f95d684753bb6eef9a59216be0e98af200689de0bea0cdcc463
2022\GLD_DeReFusion\log_tail.txt,2481,3f65fd75d849a5926337bdd2908c3c476cfa71b8c2b63710f218c2bba011007e
2022\GLD_DeReFusion\metrics.npy,152,0377ace45bfbc3f05f39187bf95f2f95a589153d63ca42172b10e2a5e486f003
2022\GLD_DeReFusion\pred.npy,46112,be123a804429c20b538fd63aa5f2e385c84e25dc3790e29876919c5f2c395292
2022\GLD_DeReFusion\true.npy,46112,47b8466844ee38592331c525fb32059183c3d2ee66db6df547343d1fbd56f2dd
2022\GOLD_DeReFusion\command.txt,470,d9e11e1224362ce0f89fff6a41702b2f63b61f0533b953d7417a8c2689f12f16
2022\GOLD_DeReFusion\log_tail.txt,2488,3b0a93671571b6975d13ca181e524d42435659005df03599af5a502a3f784233
2022\GOLD_DeReFusion\metrics.npy,152,e4eb3484d468223ab44f03c4150da3be189d441e3826ef21def877e9149088df
2022\GOLD_DeReFusion\pred.npy,46112,4ea51c7b518b1f1bfe3acabee473ac434230a1ab499ae53eeaafa14bb474999d
2022\GOLD_DeReFusion\true.npy,46112,5e4fd07cabb4462e9aae4a6020d40386adb8ad53547189a23baa954147ea34a7
2022\HSI_DeReFusion\command.txt,468,b06797bedbfb8a7bcf474cea742eacabdba64feb9a6f996b4ab0bd8804f25ffa
2022\HSI_DeReFusion\log_tail.txt,2517,c1ec595e1cae0a4a25bf868738014b640495c32addb4932ae1e5bafbbc92f379
2022\HSI_DeReFusion\metrics.npy,152,601a0c2fe30d44a3e283829befb6dbbcff94f0b13f1095867e6705d1cd618469
2022\HSI_DeReFusion\pred.npy,45056,19d786718c44370bd718f924f952bc5a84c2f9316f9bba4b2218df49f8bdad68
2022\HSI_DeReFusion\true.npy,45056,d93fb12e9181d6f2b0f66752f59218cdfede2f4cc3b4eaef11cc7238978303c9
2022\JPM_DeReFusion\command.txt,468,1e6c939de4b9c731092ed228d3d3713e536f4249e2994094eab10f67504c9dd1
2022\JPM_DeReFusion\log_tail.txt,2481,0a4d59f4cf5a6719f4d70baf0c3e718c3563545f24173425e6d37dcfbe998881
2022\JPM_DeReFusion\metrics.npy,152,9927289268cec9d09e78c02c3ae14e37c05f538a6775f97e074de29afd5d4aa8
2022\JPM_DeReFusion\pred.npy,46112,b5ba45012390c33610d30724711c3e9951a9bc2106a337d58fd2865ee58cd269
2022\JPM_DeReFusion\true.npy,46112,008587e64376d471c6d7f19f6839ad1bfa8faf4207908a7a889fdfb8b51b0dba
2022\META_DeReFusion\command.txt,470,d6715f1a737cb48fdf568f80bb8e56ddb69caa3b0d42a7eec2709222b560d285
2022\META_DeReFusion\log_tail.txt,2488,9ba42289b3b948b116b8a4fbf46ac20050c288293957f893203174cf0a193d59
2022\META_DeReFusion\metrics.npy,152,1b8d9e9a7b76380f70026effe2d59534fbecc08e699d712e8d8215c1432bd87c
2022\META_DeReFusion\pred.npy,46112,ea4c6f8588f7892912bf798de3b05f80f60f11f109ab20fb5190d659136370bd
2022\META_DeReFusion\true.npy,46112,d8d002e54a03f161d4413c8421d77b45534a4ad7653418c15ce32db8714e06cc
2022\MSFT_DeReFusion\command.txt,470,25e6dfafb8323329d73da5563cb1ebded892621afda6e8a6685873966497767a
2022\MSFT_DeReFusion\log_tail.txt,2488,ef0f384b2f306ac15fe684cecade966431e3b98b5d91e306cd66670b9a958c7d
2022\MSFT_DeReFusion\metrics.npy,152,e893353350c9146b4660c2f6b4c7cdba8f0839f596b2a07b0440f53f13268e1c
2022\MSFT_DeReFusion\pred.npy,46112,ab2f2df82eeef643a9c6e747d3d4124070852b7297fac244668f1adac2699c11
2022\MSFT_DeReFusion\true.npy,46112,3d165382d672bfbe1a47f49e3dc52e1663a8119aa22281a2f53ba9c0d34882bc
2022\N225_DeReFusion\command.txt,470,6e50a727e3efeccb47d437169ecf064f06bf378525cb760c22c26ba49882ee89
2022\N225_DeReFusion\log_tail.txt,2488,b20a9ddff70d5a901f5af4cd3660380e6741e6325acbd699c8d3b8891233f25d
2022\N225_DeReFusion\metrics.npy,152,ee2fab6bbf3793aad8c9f49a9e76366acda97ad20c17f9f619da4f367c0bbebb
2022\N225_DeReFusion\pred.npy,44768,9c298e535c5a3a2c0a08910a9fda664e6b42aceeab79d9c6517eab4e0a777456
2022\N225_DeReFusion\true.npy,44768,f092b2e1cb30b153e9ff11d86dddf360dfae9808c80b5b5ca8525a9423492953
2022\RUT_DeReFusion\command.txt,468,30a0a7621ecdfb8aef0b64be480dc1508261a99cd7b7afe4b9b3312efd777958
2022\RUT_DeReFusion\log_tail.txt,2481,209379cc10473deebd94612509e39524b7d051d5579221630f86c1e2f2719de0
2022\RUT_DeReFusion\metrics.npy,152,f11d252931e6715715c1bc989b4cf954aecea333ee57efea041d62d7e2a337f8
2022\RUT_DeReFusion\pred.npy,46112,f5d8d3b46535669935871e41732dee1aa534b0bd78e5a6f706a8cb0423af27d4
2022\RUT_DeReFusion\true.npy,46112,4933d3d2eae5d294e703c11c0dcae97b08c4d1f974c9e47cd6f467d432179d24
2022\RUT_revin-DLinear\command.txt,471,114f91e7d5b6856392ddd324ebebe3d797cd97c0deef38130b83f6f6647004d7
2022\RUT_revin-DLinear\log_tail.txt,2502,69e6287612957ef612640db2669b7f5fe1e5488ecb54cd3832867bc3b704e25f
2022\RUT_revin-DLinear\metrics.npy,152,2c3f3fb6928d10d53d34a4aadb8ca47e5a32184028cb1246e5c0220ddb5b2b46
2022\RUT_revin-DLinear\pred.npy,46112,48897a6c5b7e0a5f0ccc066c7eef4d17e747cb88cbb53a1b24fa69fd03338092
2022\RUT_revin-DLinear\true.npy,46112,4933d3d2eae5d294e703c11c0dcae97b08c4d1f974c9e47cd6f467d432179d24
2022\TLT_DeReFusion\command.txt,468,0b04b00396b699bd8b9e6f0abc7085912d11107e2c1c397fe61ef0dab67e1642
2022\TLT_DeReFusion\log_tail.txt,2481,7e43dccb02d420681338033a9209fb4f26252f6ba55582649cc294cfeeb3aed4
2022\TLT_DeReFusion\metrics.npy,152,a4f0cf46e02ad872caca3a62d61f3f79493385f36314a928ac4e3777218b2afd
2022\TLT_DeReFusion\pred.npy,46112,6d5e6ac9b85e6f323626c06693758d46dc53d0297121df95e26ff2a7406e21ac
2022\TLT_DeReFusion\true.npy,46112,2eca3dfab076ee37ddc70ac7d409f8754b768803f524a716cf62406976abc7c3
2022\TSLA_DeReFusion\command.txt,470,e140b558daa6b9dae3f8df743b961be69045740f7218ab268652d95abb06cbea
2022\TSLA_DeReFusion\log_tail.txt,2488,bf30e1cac71a521f6e6fec74dc4e0b1ade1970f25dcb61db538eedab1f0840ee
2022\TSLA_DeReFusion\metrics.npy,152,62109f51190593e0d875790450e3cc7ca762656c9af9ed4d07278990cfeb5d0b
2022\TSLA_DeReFusion\pred.npy,46112,5decba2554f9fe16aa18abf31257bc5bbe1526b7d07ee081e08242e34bbe6c9e
2022\TSLA_DeReFusion\true.npy,46112,e365bc688c5003b6624817a2eb49df81b50c6b448a284f5bfb9bc6fd72bf4375
2022\TSLA_revin-DLinear\command.txt,473,c9eb6bd31bdf2e14bc9efff2a24438caeee2c5cefd8e612165462b9132406cc7
2022\TSLA_revin-DLinear\log_tail.txt,2509,f029b077a8e34c6e4f3703d8913d22615454c2da2f0c5c98cf42a693804ec6a6
2022\TSLA_revin-DLinear\metrics.npy,152,b8d644e911966d7029df11c9ae13f20c11826660b09c19446ab27785284f879e
2022\TSLA_revin-DLinear\pred.npy,46112,5b6d9ee2f8d514f9ae98ddb1231788a5fec972a7fa13dd9de4a624a549c9400d
2022\TSLA_revin-DLinear\true.npy,46112,e365bc688c5003b6624817a2eb49df81b50c6b448a284f5bfb9bc6fd72bf4375
2022\USDCAD_DeReFusion\command.txt,474,fa822ac6302e06a761acec648e5a1d3d1733f385301f4715f6e8bd48aeadb63e
2022\USDCAD_DeReFusion\log_tail.txt,2502,d4e14d3651709cc0eaf298d24b7c4b3e1d169c10bf5ccf3a182eb2c6797a3f6f
2022\USDCAD_DeReFusion\metrics.npy,152,94fe4d5cdb180a2c9cc62c76d58f1d866a16795a046332585854b1aaf6786c48
2022\USDCAD_DeReFusion\pred.npy,47840,a95dd5c2a47a59fcd3fb495d8b07be325e2d71fcc45093e6005a39910d6ead3e
2022\USDCAD_DeReFusion\true.npy,47840,8cb1658c21bc32337151f21cac50e2183d7b436644538c862fa80c4f7cb631c8
2022\WMT_DeReFusion\command.txt,468,3b73671e30111d0f1ce2c97dce427b86953c24b261a96227d2bf4384fd45bcda
2022\WMT_DeReFusion\log_tail.txt,2481,5653113af2156d424841ff2c97cdea0630854f0eab1caf43626beee24f99bfff
2022\WMT_DeReFusion\metrics.npy,152,c1a2c8fe7fecc323170372ae1af9c5cdc908278ba9684f97b286abf2f8c06d20
2022\WMT_DeReFusion\pred.npy,46112,6ff51f96517571b73fcd01474a3cb9a72f9862074ab416677f7e53939ea282c7
2022\WMT_DeReFusion\true.npy,46112,d61698c4ff5229ecb9f5b6f0298ae0f72dc2daca1d7ba8ebe99e3e2aa9450cb1
2022\WTI_DeReFusion\command.txt,468,26ea48e95f99ddc5973d4b63037c36e1ad61db29d3a01bddc38a8198de23d3cf
2022\WTI_DeReFusion\log_tail.txt,2517,804e38b90016666719776b630bfa576e45156fb392b5e4d4ed0652b89c5f6cca
2022\WTI_DeReFusion\metrics.npy,152,fa61101330be25d1a7172dff6de91ba637b0500769167af8f3f375fc0ba584f1
2022\WTI_DeReFusion\pred.npy,46112,0ec137dd05e69ea38f03b374dc378ea809e9b7b24410ec65eedfb50dc28dbbca
2022\WTI_DeReFusion\true.npy,46112,9dad7c4cb3880085ad39561f47788ca9582e2d7964a109c7260f16e1f8184ec3
2022\XOM_DeReFusion\command.txt,468,0615beb7fd8c0b2b3fffcb141d498401c02a706fc5fd08a7bacf32cbb7c15b2d
2022\XOM_DeReFusion\log_tail.txt,2481,1b55399fe04cf7edcab095f3cc3fe184e4dd0366665304386ff364b8cfaee1c6
2022\XOM_DeReFusion\metrics.npy,152,bfa88f52a0ae8db3240f00bd91dbba25c2484ecf0fd9dedf3cfeefa8a789f6b0
2022\XOM_DeReFusion\pred.npy,46112,51e770ac58f0f25f4c8c89c83edd3a8fb067e5f471633566acc06253a0065577
2022\XOM_DeReFusion\true.npy,46112,c8484713d4d6d318c36d18fce6a8331a89289502865651f67dba5b0aadd62108
2022\XOM_revin-DLinear\command.txt,471,7a0cefffc0d07b05ea5f83722794b439dde9e8ed31878189b86fc14d9b550e79
2022\XOM_revin-DLinear\log_tail.txt,2539,2c29508f5522bd786673d8938159ecf2356e89e49c6004d25453ca7c72f6997c
2022\XOM_revin-DLinear\metrics.npy,152,d7fc2345846acd6b0575d29b09a143a56c073efe09eacd28d650252bda10bd71
2022\XOM_revin-DLinear\pred.npy,46112,e800ba39f67eeb95e7620ebbcf8aff1dd1b95020839c54426c875399e8e54103
2022\XOM_revin-DLinear\true.npy,46112,c8484713d4d6d318c36d18fce6a8331a89289502865651f67dba5b0aadd62108
2023\AAPL_DeReFusion\command.txt,470,81148c266f36bf3a86bf303d408cfa840e359b932fcb862df998157078c735c1
2023\AAPL_DeReFusion\log_tail.txt,2488,c16dfffa9951241dee1eb6b933206ede901d0445dc62b26f11cf3ab9188de169
2023\AAPL_DeReFusion\metrics.npy,152,e5b72bc6cb4732878bad39ff33247d79d84fe5849476a6edf35adf910ff74b94
2023\AAPL_DeReFusion\pred.npy,46112,05f6065fd5764cdf210e1e70955197ad31976c440c23f08156660846148281c9
2023\AAPL_DeReFusion\true.npy,46112,3b60605d2537bf983f5063d7447ed9d8698ee548185f47bf64ddfe8d11154070
2023\FTSE_DeReFusion\command.txt,470,e255cd6a42c131be6e6ee72503cda4399b6861b6a0c947e4a34a3778dfbc1e33
2023\FTSE_DeReFusion\log_tail.txt,2488,33412af30fa726d5e71ef8f62d2e482c606c955efac95a83d957e4b773dc1035
2023\FTSE_DeReFusion\metrics.npy,152,bfa5d6ec8e51c96645f3b2f724146559b2a08fec9903c3db5b02b61e10fc57d1
2023\FTSE_DeReFusion\pred.npy,46400,cfeedf84254afe0959f5e648061d926d802d2ee97b4e45121755a7d1e8b59906
2023\FTSE_DeReFusion\true.npy,46400,eb92d5a70620185a8541c0869763fa5e0405a9cd21a42cab830ab43ffa581789
2023\FTSE_revin-DLinear\command.txt,473,e44eda2598f53d27d0f29e6f342a57760bd4d92d28ffe59ae5454627bbf4edec
2023\FTSE_revin-DLinear\log_tail.txt,2509,4f91421e0ad825002706c5f7d7f1779e3144fd6a8bb11daee7f47f4a10b251ed
2023\FTSE_revin-DLinear\metrics.npy,152,37f213f68bd428d9ac67332d0c99e383049f6326cb0284d4a1869d25dd294458
2023\FTSE_revin-DLinear\pred.npy,46400,a69f3fb9267a30a02789bec0d72f95eb2f884f377ac06f915c0ca97f1d5da4a1
2023\FTSE_revin-DLinear\true.npy,46400,eb92d5a70620185a8541c0869763fa5e0405a9cd21a42cab830ab43ffa581789
2023\HSI_DeReFusion\command.txt,468,7f539420f643ac4c2b26f8f9a96ecde755f8b5b4784b7ad1aa0028cb0759be89
2023\HSI_DeReFusion\log_tail.txt,2517,3ebe97e4e51fbabd44aba19fa10ec0337c075d3b943accc03898fd8f8ea766e6
2023\HSI_DeReFusion\metrics.npy,152,62057691cc2e9974ba051173d2d9caa4a2fb954c10b293796bf88d27a7658d27
2023\HSI_DeReFusion\pred.npy,45056,993df630775a7e9d815bf0475f7bb823864e811902f1398186d800147e6b6c49
2023\HSI_DeReFusion\true.npy,45056,d93fb12e9181d6f2b0f66752f59218cdfede2f4cc3b4eaef11cc7238978303c9
2023\MSFT_DeReFusion\command.txt,470,be01733aacf1c6520e201b2e5a921a51eeb56ae19acedb14cf210d0a3543b0f0
2023\MSFT_DeReFusion\log_tail.txt,2488,904783b213934969e3485f2e8c63ac07c3af6beffef44c5737f808f423cb7041
2023\MSFT_DeReFusion\metrics.npy,152,1392416cc779468b92979ef0dd9fbb7d2df5b3277379fe5e864a8fbcd3cb856c
2023\MSFT_DeReFusion\pred.npy,46112,3e1a6f69a6b0b6e4783c1ddde11545e8c0056f629492fb24500da50fccaf2e90
2023\MSFT_DeReFusion\true.npy,46112,3d165382d672bfbe1a47f49e3dc52e1663a8119aa22281a2f53ba9c0d34882bc
