role,tag,model,seed,relpath,bytes,sha256
locked_csv,AAPL,,,dataset/AAPL-2016-2025.csv,207821,2d0ec4a90463b9a6bae915a3038d871c061b3d18d813d6572d50d75f4b185916
locked_csv,AMZN,,,dataset/AMZN-2016-2025.csv,207180,28f348100dc6d056b7bd70aa472ff29923d3776b3eaf9a1385254e08b01e6771
locked_csv,AUDUSD,,,dataset/AUDUSD-2016-2025.csv,227686,cd12448f0624128676d89c3bc7c0d6a12fc34a8b37309e689834804fa15d2a9a
locked_csv,FTSE,,,dataset/FTSE-2016-2025.csv,176671,7c69f5dd2b1d6e8f78c228cd607646c1289a688e83e3c6eeef5735e2f276d13e
locked_csv,GBPUSD,,,dataset/GBPUSD-2016-2025.csv,226311,90e00d04d481138da937e5316ac8274728d622b30a117e755e33e9057c833c7d
locked_csv,GDAXI,,,dataset/GDAXI-2016-2025.csv,189161,6c8cc51c65fa002dc3129fd12b2278c05ae8b9a3e1d33ce3e3bcb076f57dbee5
locked_csv,GLD,,,dataset/GLD-2016-2025.csv,212732,0b77dfa686fce94a851cf19ad1f0f23a45028a85423a5a9f218594b12f69b231
locked_csv,GOLD,,,dataset/GOLD-2016-2025.csv,185522,76e42c67bcf264a2ce36a12e162a5f61f8807bde3954823ed074e23b77f8f4e5
locked_csv,HSI,,,dataset/HSI-2016-2025.csv,176438,2a04256095a96d541142a426d289c5f173946b287ceefbd0ee2887c10cc25cec
locked_csv,JPM,,,dataset/JPM-2016-2025.csv,208393,450e3fec5302e7464e1a773e18a4d7f0132b58a926cac014f0e09e2083b1dc5e
locked_csv,META,,,dataset/META-2016-2025.csv,204759,fe0effbe8a541895f60e19c664e7f06791408fd46de31db0396f61b2590fa19d
locked_csv,MSFT,,,dataset/MSFT-2016-2025.csv,206275,48139f47b21a71466a60f7db045a20c85c3a75dcaba7afc20d175646f8b0d931
locked_csv,N225,,,dataset/N225-2016-2025.csv,173135,7250ac1596365ef894b61bb257789e23fe56a386a90e378901ce651fce4924a3
locked_csv,RUT,,,dataset/RUT-2016-2025.csv,206057,27f21f002ef041815e4a1db4acb8c6a0b2492832b43dfd2e79e0ad016bf1f718
locked_csv,TLT,,,dataset/TLT-2016-2025.csv,211120,4da4b28f0adc0b50a763a4eba39f6e1f0893df85b9f3bac2769576cfb7671da1
locked_csv,TSLA,,,dataset/TSLA-2016-2025.csv,210256,4993de1e6a0997785a6c40f5397374dcbe9254b5f5bd3f0633edf92c951e5b9d
locked_csv,USDCAD,,,dataset/USDCAD-2016-2025.csv,226392,4f346a1849e213ec83446c6d7cdcd450e4e13f15532ce9787cb26a05e09727ee
locked_csv,WMT,,,dataset/WMT-2016-2025.csv,211392,927d268a64b42742e6ae0b29c60a178beadf98506c0e6e1bc778c2e08f885481
locked_csv,WTI,,,dataset/WTI-2016-2025.csv,206709,0b7361bb11333d1f6fb889429d8e4869789f260eb6d5c457c1ecec6b936527f1
locked_csv,XOM,,,dataset/XOM-2016-2025.csv,206807,74ecd45a77d1edb9692cadc61b853a381de1b028f50a290df4057f37f9b9c928
audit_spec,,,,reports/evidence_closure/24a_c1_blind_recomputation_spec.md,5912,c5649f970d3f3d3b85e064a791c454329eeebe47de6e79acce1612ef74c08b0c
lock_table,,,,reports/evidence_closure/24b_c1_blind_handoff_lock_table.md,4197,1c0c3a93bd9799caa85ded616b0a4b0bb502e5b1a46f057285b526a7cb94b753
frozen_script,,,,reproduction/analysis/analyze_volatility_regimes.py,14011,bf6fbdb05055301608185e72558f54a72146ee65a0ac218d219e0e85ce7d897a
frozen_script,,,,reproduction/analysis/c1_predictor.py,4874,583d6eec3cc47531a5889b7325bcd2f80bcf599f902f1f50e50eeb7262587889
executor_manifest,,,,reproduction/c1_handoff/per_run_manifest.csv,32994,332391d1c47746bd0f09705735849af9fcd498e21f02c752c4ba8c0ae72ecabb
raw_pred,AAPL,DeReFusion,2021,results/long_term_forecast_AAPL_96_24_DeReFusion_custom_ftMS_sl96_ll48_pl24_dm32_nh8_el2_dl1_df2048_expand2_dc4_fc1_ebtimeF_dtTrue_test_seed2021_0/pred.npy,46112,cda7693d8edbf88037f2c645ed8f73b408657d87247ebbd5ccdd5b35adb1c102
raw_true,AAPL,DeReFusion,2021,results/long_term_forecast_AAPL_96_24_DeReFusion_custom_ftMS_sl96_ll48_pl24_dm32_nh8_el2_dl1_df2048_expand2_dc4_fc1_ebtimeF_dtTrue_test_seed2021_0/true.npy,46112,3b60605d2537bf983f5063d7447ed9d8698ee548185f47bf64ddfe8d11154070
raw_pred,AAPL,DeReFusion,2022,results/long_term_forecast_AAPL_96_24_DeReFusion_custom_ftMS_sl96_ll48_pl24_dm32_nh8_el2_dl1_df2048_expand2_dc4_fc1_ebtimeF_dtTrue_test_seed2022_0/pred.npy,46112,70c95e6b5bcbbf31883f597687c73cc355975516dfbc76dbb0972e3dc19684dd
raw_true,AAPL,DeReFusion,2022,results/long_term_forecast_AAPL_96_24_DeReFusion_custom_ftMS_sl96_ll48_pl24_dm32_nh8_el2_dl1_df2048_expand2_dc4_fc1_ebtimeF_dtTrue_test_seed2022_0/true.npy,46112,3b60605d2537bf983f5063d7447ed9d8698ee548185f47bf64ddfe8d11154070
raw_pred,AAPL,DeReFusion,2023,results/long_term_forecast_AAPL_96_24_DeReFusion_custom_ftMS_sl96_ll48_pl24_dm32_nh8_el2_dl1_df2048_expand2_dc4_fc1_ebtimeF_dtTrue_test_seed2023_0/pred.npy,46112,05f6065fd5764cdf210e1e70955197ad31976c440c23f08156660846148281c9
raw_true,AAPL,DeReFusion,2023,results/long_term_forecast_AAPL_96_24_DeReFusion_custom_ftMS_sl96_ll48_pl24_dm32_nh8_el2_dl1_df2048_expand2_dc4_fc1_ebtimeF_dtTrue_test_seed2023_0/true.npy,46112,3b60605d2537bf983f5063d7447ed9d8698ee548185f47bf64ddfe8d11154070
raw_pred,AAPL,revin-DLinear,2021,results/long_term_forecast_AAPL_96_24_revin-DLinear_custom_ftMS_sl96_ll48_pl24_dm32_nh8_el2_dl1_df2048_expand2_dc4_fc1_ebtimeF_dtTrue_test_seed2021_0/pred.npy,46112,a6cb22ae31eb0e6d2415f2ef1552de5aaa749130ee1124429cecd2bcbab65b55
raw_true,AAPL,revin-DLinear,2021,results/long_term_forecast_AAPL_96_24_revin-DLinear_custom_ftMS_sl96_ll48_pl24_dm32_nh8_el2_dl1_df2048_expand2_dc4_fc1_ebtimeF_dtTrue_test_seed2021_0/true.npy,46112,3b60605d2537bf983f5063d7447ed9d8698ee548185f47bf64ddfe8d11154070
raw_pred,AAPL,revin-DLinear,2022,results/long_term_forecast_AAPL_96_24_revin-DLinear_custom_ftMS_sl96_ll48_pl24_dm32_nh8_el2_dl1_df2048_expand2_dc4_fc1_ebtimeF_dtTrue_test_seed2022_0/pred.npy,46112,19729c4efc0609881a63f1f17e44bde2b2664ca46ad782ffcabceb734e8bb59a
raw_true,AAPL,revin-DLinear,2022,results/long_term_forecast_AAPL_96_24_revin-DLinear_custom_ftMS_sl96_ll48_pl24_dm32_nh8_el2_dl1_df2048_expand2_dc4_fc1_ebtimeF_dtTrue_test_seed2022_0/true.npy,46112,3b60605d2537bf983f5063d7447ed9d8698ee548185f47bf64ddfe8d11154070
raw_pred,AAPL,revin-DLinear,2023,results/long_term_forecast_AAPL_96_24_revin-DLinear_custom_ftMS_sl96_ll48_pl24_dm32_nh8_el2_dl1_df2048_expand2_dc4_fc1_ebtimeF_dtTrue_test_seed2023_0/pred.npy,46112,5f0e9880f6e32c56813b30f85355f0433a411b521a653e0c506a577fdf658b74
raw_true,AAPL,revin-DLinear,2023,results/long_term_forecast_AAPL_96_24_revin-DLinear_custom_ftMS_sl96_ll48_pl24_dm32_nh8_el2_dl1_df2048_expand2_dc4_fc1_ebtimeF_dtTrue_test_seed2023_0/true.npy,46112,3b60605d2537bf983f5063d7447ed9d8698ee548185f47bf64ddfe8d11154070
raw_pred,AMZN,DeReFusion,2021,results/long_term_forecast_AMZN_96_24_DeReFusion_custom_ftMS_sl96_ll48_pl24_dm32_nh8_el2_dl1_df2048_expand2_dc4_fc1_ebtimeF_dtTrue_test_seed2021_0/pred.npy,46112,a2df4efd111f29de836c6c5f3473c83da84d92305c1ed76db02fb383703b1324
raw_true,AMZN,DeReFusion,2021,results/long_term_forecast_AMZN_96_24_DeReFusion_custom_ftMS_sl96_ll48_pl24_dm32_nh8_el2_dl1_df2048_expand2_dc4_fc1_ebtimeF_dtTrue_test_seed2021_0/true.npy,46112,34455312abb45725ea25d01625df31e473c955653ee1090c87e7d6a6ecab8e12
raw_pred,AMZN,DeReFusion,2022,results/long_term_forecast_AMZN_96_24_DeReFusion_custom_ftMS_sl96_ll48_pl24_dm32_nh8_el2_dl1_df2048_expand2_dc4_fc1_ebtimeF_dtTrue_test_seed2022_0/pred.npy,46112,151142fe9fb774b61f5cd5c084849eacda36ae485306f764c8b5de1a9019b19b
raw_true,AMZN,DeReFusion,2022,results/long_term_forecast_AMZN_96_24_DeReFusion_custom_ftMS_sl96_ll48_pl24_dm32_nh8_el2_dl1_df2048_expand2_dc4_fc1_ebtimeF_dtTrue_test_seed2022_0/true.npy,46112,34455312abb45725ea25d01625df31e473c955653ee1090c87e7d6a6ecab8e12
raw_pred,AMZN,DeReFusion,2023,results/long_term_forecast_AMZN_96_24_DeReFusion_custom_ftMS_sl96_ll48_pl24_dm32_nh8_el2_dl1_df2048_expand2_dc4_fc1_ebtimeF_dtTrue_test_seed2023_0/pred.npy,46112,50c2375267f082ff4fb3d0e810da1c3b4e13db2e91aa9459ff6cc5c7fbaca446
raw_true,AMZN,DeReFusion,2023,results/long_term_forecast_AMZN_96_24_DeReFusion_custom_ftMS_sl96_ll48_pl24_dm32_nh8_el2_dl1_df2048_expand2_dc4_fc1_ebtimeF_dtTrue_test_seed2023_0/true.npy,46112,34455312abb45725ea25d01625df31e473c955653ee1090c87e7d6a6ecab8e12
raw_pred,AMZN,revin-DLinear,2021,results/long_term_forecast_AMZN_96_24_revin-DLinear_custom_ftMS_sl96_ll48_pl24_dm32_nh8_el2_dl1_df2048_expand2_dc4_fc1_ebtimeF_dtTrue_test_seed2021_0/pred.npy,46112,7645af2cbfa810466277bc9155da26521569a1fd3df2b6245737e926b4545a3c
raw_true,AMZN,revin-DLinear,2021,results/long_term_forecast_AMZN_96_24_revin-DLinear_custom_ftMS_sl96_ll48_pl24_dm32_nh8_el2_dl1_df2048_expand2_dc4_fc1_ebtimeF_dtTrue_test_seed2021_0/true.npy,46112,34455312abb45725ea25d01625df31e473c955653ee1090c87e7d6a6ecab8e12
raw_pred,AMZN,revin-DLinear,2022,results/long_term_forecast_AMZN_96_24_revin-DLinear_custom_ftMS_sl96_ll48_pl24_dm32_nh8_el2_dl1_df2048_expand2_dc4_fc1_ebtimeF_dtTrue_test_seed2022_0/pred.npy,46112,73a9b48556dcd486725edbfc98ecf87deea9aa5ab40680347926224faf0451f9
raw_true,AMZN,revin-DLinear,2022,results/long_term_forecast_AMZN_96_24_revin-DLinear_custom_ftMS_sl96_ll48_pl24_dm32_nh8_el2_dl1_df2048_expand2_dc4_fc1_ebtimeF_dtTrue_test_seed2022_0/true.npy,46112,34455312abb45725ea25d01625df31e473c955653ee1090c87e7d6a6ecab8e12
raw_pred,AMZN,revin-DLinear,2023,results/long_term_forecast_AMZN_96_24_revin-DLinear_custom_ftMS_sl96_ll48_pl24_dm32_nh8_el2_dl1_df2048_expand2_dc4_fc1_ebtimeF_dtTrue_test_seed2023_0/pred.npy,46112,8b7f4da2c88c3dcb960a1a27b190689a295562b4dc1747e76be336927fcc7bd2
raw_true,AMZN,revin-DLinear,2023,results/long_term_forecast_AMZN_96_24_revin-DLinear_custom_ftMS_sl96_ll48_pl24_dm32_nh8_el2_dl1_df2048_expand2_dc4_fc1_ebtimeF_dtTrue_test_seed2023_0/true.npy,46112,34455312abb45725ea25d01625df31e473c955653ee1090c87e7d6a6ecab8e12
raw_pred,AUDUSD,DeReFusion,2021,results/long_term_forecast_AUDUSD_96_24_DeReFusion_custom_ftMS_sl96_ll48_pl24_dm32_nh8_el2_dl1_df2048_expand2_dc4_fc1_ebtimeF_dtTrue_test_seed2021_0/pred.npy,47840,a436acb1137d947d35b9c59e5d01ce7ece9ca14a094537f63050741118df8d5d
raw_true,AUDUSD,DeReFusion,2021,results/long_term_forecast_AUDUSD_96_24_DeReFusion_custom_ftMS_sl96_ll48_pl24_dm32_nh8_el2_dl1_df2048_expand2_dc4_fc1_ebtimeF_dtTrue_test_seed2021_0/true.npy,47840,c3c695c27683281aa78120880d9f788cb177639289eb2c159a9d73668330d8f8
raw_pred,AUDUSD,DeReFusion,2022,results/long_term_forecast_AUDUSD_96_24_DeReFusion_custom_ftMS_sl96_ll48_pl24_dm32_nh8_el2_dl1_df2048_expand2_dc4_fc1_ebtimeF_dtTrue_test_seed2022_0/pred.npy,47840,8147806a6e552f7aa9f9580c37c766ccfe1c871d9b39fe58b3ca45a80b3ac044
raw_true,AUDUSD,DeReFusion,2022,results/long_term_forecast_AUDUSD_96_24_DeReFusion_custom_ftMS_sl96_ll48_pl24_dm32_nh8_el2_dl1_df2048_expand2_dc4_fc1_ebtimeF_dtTrue_test_seed2022_0/true.npy,47840,c3c695c27683281aa78120880d9f788cb177639289eb2c159a9d73668330d8f8
raw_pred,AUDUSD,DeReFusion,2023,results/long_term_forecast_AUDUSD_96_24_DeReFusion_custom_ftMS_sl96_ll48_pl24_dm32_nh8_el2_dl1_df2048_expand2_dc4_fc1_ebtimeF_dtTrue_test_seed2023_0/pred.npy,47840,351799d144ea58dd8a039bd65b9dda7ab1622a5de411450178884063654d6f7f
raw_true,AUDUSD,DeReFusion,2023,results/long_term_forecast_AUDUSD_96_24_DeReFusion_custom_ftMS_sl96_ll48_pl24_dm32_nh8_el2_dl1_df2048_expand2_dc4_fc1_ebtimeF_dtTrue_test_seed2023_0/true.npy,47840,c3c695c27683281aa78120880d9f788cb177639289eb2c159a9d73668330d8f8
raw_pred,AUDUSD,revin-DLinear,2021,results/long_term_forecast_AUDUSD_96_24_revin-DLinear_custom_ftMS_sl96_ll48_pl24_dm32_nh8_el2_dl1_df2048_expand2_dc4_fc1_ebtimeF_dtTrue_test_seed2021_0/pred.npy,47840,1f1b9d54c524dae9e2cacee800b5944d77a5e9d248161a3d9a44649ee24b1cbb
raw_true,AUDUSD,revin-DLinear,2021,results/long_term_forecast_AUDUSD_96_24_revin-DLinear_custom_ftMS_sl96_ll48_pl24_dm32_nh8_el2_dl1_df2048_expand2_dc4_fc1_ebtimeF_dtTrue_test_seed2021_0/true.npy,47840,c3c695c27683281aa78120880d9f788cb177639289eb2c159a9d73668330d8f8
raw_pred,AUDUSD,revin-DLinear,2022,results/long_term_forecast_AUDUSD_96_24_revin-DLinear_custom_ftMS_sl96_ll48_pl24_dm32_nh8_el2_dl1_df2048_expand2_dc4_fc1_ebtimeF_dtTrue_test_seed2022_0/pred.npy,47840,ecd873f9e5677a02064f855c8320e54195830d1b08609d2b52494c8ab2a4f5cc
raw_true,AUDUSD,revin-DLinear,2022,results/long_term_forecast_AUDUSD_96_24_revin-DLinear_custom_ftMS_sl96_ll48_pl24_dm32_nh8_el2_dl1_df2048_expand2_dc4_fc1_ebtimeF_dtTrue_test_seed2022_0/true.npy,47840,c3c695c27683281aa78120880d9f788cb177639289eb2c159a9d73668330d8f8
raw_pred,AUDUSD,revin-DLinear,2023,results/long_term_forecast_AUDUSD_96_24_revin-DLinear_custom_ftMS_sl96_ll48_pl24_dm32_nh8_el2_dl1_df2048_expand2_dc4_fc1_ebtimeF_dtTrue_test_seed2023_0/pred.npy,47840,1ae5b4df352aed676008d50fc0e0c48b348bf61b2934b13c667101ebcf781d72
raw_true,AUDUSD,revin-DLinear,2023,results/long_term_forecast_AUDUSD_96_24_revin-DLinear_custom_ftMS_sl96_ll48_pl24_dm32_nh8_el2_dl1_df2048_expand2_dc4_fc1_ebtimeF_dtTrue_test_seed2023_0/true.npy,47840,c3c695c27683281aa78120880d9f788cb177639289eb2c159a9d73668330d8f8
raw_pred,FTSE,DeReFusion,2021,results/long_term_forecast_FTSE_96_24_DeReFusion_custom_ftMS_sl96_ll48_pl24_dm32_nh8_el2_dl1_df2048_expand2_dc4_fc1_ebtimeF_dtTrue_test_seed2021_0/pred.npy,46400,29ad0514df70aa756fdb35aecb0b18e4970383cd9690d338052a804e82c9a52c
raw_true,FTSE,DeReFusion,2021,results/long_term_forecast_FTSE_96_24_DeReFusion_custom_ftMS_sl96_ll48_pl24_dm32_nh8_el2_dl1_df2048_expand2_dc4_fc1_ebtimeF_dtTrue_test_seed2021_0/true.npy,46400,eb92d5a70620185a8541c0869763fa5e0405a9cd21a42cab830ab43ffa581789
raw_pred,FTSE,DeReFusion,2022,results/long_term_forecast_FTSE_96_24_DeReFusion_custom_ftMS_sl96_ll48_pl24_dm32_nh8_el2_dl1_df2048_expand2_dc4_fc1_ebtimeF_dtTrue_test_seed2022_0/pred.npy,46400,41eaaba16adc7e790d5ccd08497c02b880405e2bb8b85cedb88f0e5bc09ca0a3
raw_true,FTSE,DeReFusion,2022,results/long_term_forecast_FTSE_96_24_DeReFusion_custom_ftMS_sl96_ll48_pl24_dm32_nh8_el2_dl1_df2048_expand2_dc4_fc1_ebtimeF_dtTrue_test_seed2022_0/true.npy,46400,eb92d5a70620185a8541c0869763fa5e0405a9cd21a42cab830ab43ffa581789
raw_pred,FTSE,DeReFusion,2023,results/long_term_forecast_FTSE_96_24_DeReFusion_custom_ftMS_sl96_ll48_pl24_dm32_nh8_el2_dl1_df2048_expand2_dc4_fc1_ebtimeF_dtTrue_test_seed2023_0/pred.npy,46400,cfeedf84254afe0959f5e648061d926d802d2ee97b4e45121755a7d1e8b59906
raw_true,FTSE,DeReFusion,2023,results/long_term_forecast_FTSE_96_24_DeReFusion_custom_ftMS_sl96_ll48_pl24_dm32_nh8_el2_dl1_df2048_expand2_dc4_fc1_ebtimeF_dtTrue_test_seed2023_0/true.npy,46400,eb92d5a70620185a8541c0869763fa5e0405a9cd21a42cab830ab43ffa581789
raw_pred,FTSE,revin-DLinear,2021,results/long_term_forecast_FTSE_96_24_revin-DLinear_custom_ftMS_sl96_ll48_pl24_dm32_nh8_el2_dl1_df2048_expand2_dc4_fc1_ebtimeF_dtTrue_test_seed2021_0/pred.npy,46400,b3d29fb404baea03b803827ce64608ce9aad6a5cf8b1caf23ddf54a0c840f55e
raw_true,FTSE,revin-DLinear,2021,results/long_term_forecast_FTSE_96_24_revin-DLinear_custom_ftMS_sl96_ll48_pl24_dm32_nh8_el2_dl1_df2048_expand2_dc4_fc1_ebtimeF_dtTrue_test_seed2021_0/true.npy,46400,eb92d5a70620185a8541c0869763fa5e0405a9cd21a42cab830ab43ffa581789
raw_pred,FTSE,revin-DLinear,2022,results/long_term_forecast_FTSE_96_24_revin-DLinear_custom_ftMS_sl96_ll48_pl24_dm32_nh8_el2_dl1_df2048_expand2_dc4_fc1_ebtimeF_dtTrue_test_seed2022_0/pred.npy,46400,4f5ceb2bd82ff74cd7ca2c7390975f5178ba0b23c09322340c1e05568b5eda2e
raw_true,FTSE,revin-DLinear,2022,results/long_term_forecast_FTSE_96_24_revin-DLinear_custom_ftMS_sl96_ll48_pl24_dm32_nh8_el2_dl1_df2048_expand2_dc4_fc1_ebtimeF_dtTrue_test_seed2022_0/true.npy,46400,eb92d5a70620185a8541c0869763fa5e0405a9cd21a42cab830ab43ffa581789
raw_pred,FTSE,revin-DLinear,2023,results/long_term_forecast_FTSE_96_24_revin-DLinear_custom_ftMS_sl96_ll48_pl24_dm32_nh8_el2_dl1_df2048_expand2_dc4_fc1_ebtimeF_dtTrue_test_seed2023_0/pred.npy,46400,a69f3fb9267a30a02789bec0d72f95eb2f884f377ac06f915c0ca97f1d5da4a1
raw_true,FTSE,revin-DLinear,2023,results/long_term_forecast_FTSE_96_24_revin-DLinear_custom_ftMS_sl96_ll48_pl24_dm32_nh8_el2_dl1_df2048_expand2_dc4_fc1_ebtimeF_dtTrue_test_seed2023_0/true.npy,46400,eb92d5a70620185a8541c0869763fa5e0405a9cd21a42cab830ab43ffa581789
raw_pred,GBPUSD,DeReFusion,2021,results/long_term_forecast_GBPUSD_96_24_DeReFusion_custom_ftMS_sl96_ll48_pl24_dm32_nh8_el2_dl1_df2048_expand2_dc4_fc1_ebtimeF_dtTrue_test_seed2021_0/pred.npy,47840,0df6d0fea056306d0f79b3e401da9e81b101320f727bc15f977eec6ba2bfb082
raw_true,GBPUSD,DeReFusion,2021,results/long_term_forecast_GBPUSD_96_24_DeReFusion_custom_ftMS_sl96_ll48_pl24_dm32_nh8_el2_dl1_df2048_expand2_dc4_fc1_ebtimeF_dtTrue_test_seed2021_0/true.npy,47840,c0f5cebda66209458a3e36de36f8b67e81084b6759f8ab4f4749a8edc693f566
raw_pred,GBPUSD,DeReFusion,2022,results/long_term_forecast_GBPUSD_96_24_DeReFusion_custom_ftMS_sl96_ll48_pl24_dm32_nh8_el2_dl1_df2048_expand2_dc4_fc1_ebtimeF_dtTrue_test_seed2022_0/pred.npy,47840,0cde3819e74add30600ed19624f18f577df57c07683c948449dff443ca4031be
raw_true,GBPUSD,DeReFusion,2022,results/long_term_forecast_GBPUSD_96_24_DeReFusion_custom_ftMS_sl96_ll48_pl24_dm32_nh8_el2_dl1_df2048_expand2_dc4_fc1_ebtimeF_dtTrue_test_seed2022_0/true.npy,47840,c0f5cebda66209458a3e36de36f8b67e81084b6759f8ab4f4749a8edc693f566
raw_pred,GBPUSD,DeReFusion,2023,results/long_term_forecast_GBPUSD_96_24_DeReFusion_custom_ftMS_sl96_ll48_pl24_dm32_nh8_el2_dl1_df2048_expand2_dc4_fc1_ebtimeF_dtTrue_test_seed2023_0/pred.npy,47840,d1b0a0564e6910efd55181d25bc4cdbe68ba820b662d708d607ff94c3fa96385
raw_true,GBPUSD,DeReFusion,2023,results/long_term_forecast_GBPUSD_96_24_DeReFusion_custom_ftMS_sl96_ll48_pl24_dm32_nh8_el2_dl1_df2048_expand2_dc4_fc1_ebtimeF_dtTrue_test_seed2023_0/true.npy,47840,c0f5cebda66209458a3e36de36f8b67e81084b6759f8ab4f4749a8edc693f566
raw_pred,GBPUSD,revin-DLinear,2021,results/long_term_forecast_GBPUSD_96_24_revin-DLinear_custom_ftMS_sl96_ll48_pl24_dm32_nh8_el2_dl1_df2048_expand2_dc4_fc1_ebtimeF_dtTrue_test_seed2021_0/pred.npy,47840,beddcb2372cba9338f7d1c3bf274fe07cd44c1d743a53d2b7ad9103480c9fe28
raw_true,GBPUSD,revin-DLinear,2021,results/long_term_forecast_GBPUSD_96_24_revin-DLinear_custom_ftMS_sl96_ll48_pl24_dm32_nh8_el2_dl1_df2048_expand2_dc4_fc1_ebtimeF_dtTrue_test_seed2021_0/true.npy,47840,c0f5cebda66209458a3e36de36f8b67e81084b6759f8ab4f4749a8edc693f566
raw_pred,GBPUSD,revin-DLinear,2022,results/long_term_forecast_GBPUSD_96_24_revin-DLinear_custom_ftMS_sl96_ll48_pl24_dm32_nh8_el2_dl1_df2048_expand2_dc4_fc1_ebtimeF_dtTrue_test_seed2022_0/pred.npy,47840,595aa7f6130271cce3857142bc6f7c7b87c8a125a547e7086629feec4a6793fe
raw_true,GBPUSD,revin-DLinear,2022,results/long_term_forecast_GBPUSD_96_24_revin-DLinear_custom_ftMS_sl96_ll48_pl24_dm32_nh8_el2_dl1_df2048_expand2_dc4_fc1_ebtimeF_dtTrue_test_seed2022_0/true.npy,47840,c0f5cebda66209458a3e36de36f8b67e81084b6759f8ab4f4749a8edc693f566
raw_pred,GBPUSD,revin-DLinear,2023,results/long_term_forecast_GBPUSD_96_24_revin-DLinear_custom_ftMS_sl96_ll48_pl24_dm32_nh8_el2_dl1_df2048_expand2_dc4_fc1_ebtimeF_dtTrue_test_seed2023_0/pred.npy,47840,07628cc52ce2f20abd1b864b80adc865c17f62714c4fe4ed824663c43c8db7ce
raw_true,GBPUSD,revin-DLinear,2023,results/long_term_forecast_GBPUSD_96_24_revin-DLinear_custom_ftMS_sl96_ll48_pl24_dm32_nh8_el2_dl1_df2048_expand2_dc4_fc1_ebtimeF_dtTrue_test_seed2023_0/true.npy,47840,c0f5cebda66209458a3e36de36f8b67e81084b6759f8ab4f4749a8edc693f566
raw_pred,GDAXI,DeReFusion,2021,results/long_term_forecast_GDAXI_96_24_DeReFusion_custom_ftMS_sl96_ll48_pl24_dm32_nh8_el2_dl1_df2048_expand2_dc4_fc1_ebtimeF_dtTrue_test_seed2021_0/pred.npy,46592,05ef60b2d26f91c843aa5f9c1fd12046296aecac4da4247bea196b07583b9086
raw_true,GDAXI,DeReFusion,2021,results/long_term_forecast_GDAXI_96_24_DeReFusion_custom_ftMS_sl96_ll48_pl24_dm32_nh8_el2_dl1_df2048_expand2_dc4_fc1_ebtimeF_dtTrue_test_seed2021_0/true.npy,46592,0529060d5a5fdc5cac88ee575ae18bac0a26ac3d03677b3129d0dbaacbea6a1a
raw_pred,GDAXI,DeReFusion,2022,results/long_term_forecast_GDAXI_96_24_DeReFusion_custom_ftMS_sl96_ll48_pl24_dm32_nh8_el2_dl1_df2048_expand2_dc4_fc1_ebtimeF_dtTrue_test_seed2022_0/pred.npy,46592,aa35941ea8d98dbe4782243e5dccc9f0ccf25e47b2a85b840d7f37bdfcf6dcd2
raw_true,GDAXI,DeReFusion,2022,results/long_term_forecast_GDAXI_96_24_DeReFusion_custom_ftMS_sl96_ll48_pl24_dm32_nh8_el2_dl1_df2048_expand2_dc4_fc1_ebtimeF_dtTrue_test_seed2022_0/true.npy,46592,0529060d5a5fdc5cac88ee575ae18bac0a26ac3d03677b3129d0dbaacbea6a1a
raw_pred,GDAXI,DeReFusion,2023,results/long_term_forecast_GDAXI_96_24_DeReFusion_custom_ftMS_sl96_ll48_pl24_dm32_nh8_el2_dl1_df2048_expand2_dc4_fc1_ebtimeF_dtTrue_test_seed2023_0/pred.npy,46592,53141cbd269abbe852fcfaf53d66212da3d3a4a885fba800c189814448b55514
raw_true,GDAXI,DeReFusion,2023,results/long_term_forecast_GDAXI_96_24_DeReFusion_custom_ftMS_sl96_ll48_pl24_dm32_nh8_el2_dl1_df2048_expand2_dc4_fc1_ebtimeF_dtTrue_test_seed2023_0/true.npy,46592,0529060d5a5fdc5cac88ee575ae18bac0a26ac3d03677b3129d0dbaacbea6a1a
raw_pred,GDAXI,revin-DLinear,2021,results/long_term_forecast_GDAXI_96_24_revin-DLinear_custom_ftMS_sl96_ll48_pl24_dm32_nh8_el2_dl1_df2048_expand2_dc4_fc1_ebtimeF_dtTrue_test_seed2021_0/pred.npy,46592,065c6403168f96f03c47706c850a119e88f8cfe677ce14526efed7d0a048bd8b
raw_true,GDAXI,revin-DLinear,2021,results/long_term_forecast_GDAXI_96_24_revin-DLinear_custom_ftMS_sl96_ll48_pl24_dm32_nh8_el2_dl1_df2048_expand2_dc4_fc1_ebtimeF_dtTrue_test_seed2021_0/true.npy,46592,0529060d5a5fdc5cac88ee575ae18bac0a26ac3d03677b3129d0dbaacbea6a1a
raw_pred,GDAXI,revin-DLinear,2022,results/long_term_forecast_GDAXI_96_24_revin-DLinear_custom_ftMS_sl96_ll48_pl24_dm32_nh8_el2_dl1_df2048_expand2_dc4_fc1_ebtimeF_dtTrue_test_seed2022_0/pred.npy,46592,855d9acef589213da66feebac30729064576a61e2ecddec53b700db2d51425c9
raw_true,GDAXI,revin-DLinear,2022,results/long_term_forecast_GDAXI_96_24_revin-DLinear_custom_ftMS_sl96_ll48_pl24_dm32_nh8_el2_dl1_df2048_expand2_dc4_fc1_ebtimeF_dtTrue_test_seed2022_0/true.npy,46592,0529060d5a5fdc5cac88ee575ae18bac0a26ac3d03677b3129d0dbaacbea6a1a
raw_pred,GDAXI,revin-DLinear,2023,results/long_term_forecast_GDAXI_96_24_revin-DLinear_custom_ftMS_sl96_ll48_pl24_dm32_nh8_el2_dl1_df2048_expand2_dc4_fc1_ebtimeF_dtTrue_test_seed2023_0/pred.npy,46592,235c69add92ccc67665a78b6354855923b7064dee542ae2833b3a26afafe36c9
raw_true,GDAXI,revin-DLinear,2023,results/long_term_forecast_GDAXI_96_24_revin-DLinear_custom_ftMS_sl96_ll48_pl24_dm32_nh8_el2_dl1_df2048_expand2_dc4_fc1_ebtimeF_dtTrue_test_seed2023_0/true.npy,46592,0529060d5a5fdc5cac88ee575ae18bac0a26ac3d03677b3129d0dbaacbea6a1a
raw_pred,GLD,DeReFusion,2021,results/long_term_forecast_GLD_96_24_DeReFusion_custom_ftMS_sl96_ll48_pl24_dm32_nh8_el2_dl1_df2048_expand2_dc4_fc1_ebtimeF_dtTrue_test_seed2021_0/pred.npy,46112,cf1baabcc40cdda82dfacd0cdd4670704f7b09f9c8b4ad9b4a73db6b7604718c
raw_true,GLD,DeReFusion,2021,results/long_term_forecast_GLD_96_24_DeReFusion_custom_ftMS_sl96_ll48_pl24_dm32_nh8_el2_dl1_df2048_expand2_dc4_fc1_ebtimeF_dtTrue_test_seed2021_0/true.npy,46112,47b8466844ee38592331c525fb32059183c3d2ee66db6df547343d1fbd56f2dd
raw_pred,GLD,DeReFusion,2022,results/long_term_forecast_GLD_96_24_DeReFusion_custom_ftMS_sl96_ll48_pl24_dm32_nh8_el2_dl1_df2048_expand2_dc4_fc1_ebtimeF_dtTrue_test_seed2022_0/pred.npy,46112,be123a804429c20b538fd63aa5f2e385c84e25dc3790e29876919c5f2c395292
raw_true,GLD,DeReFusion,2022,results/long_term_forecast_GLD_96_24_DeReFusion_custom_ftMS_sl96_ll48_pl24_dm32_nh8_el2_dl1_df2048_expand2_dc4_fc1_ebtimeF_dtTrue_test_seed2022_0/true.npy,46112,47b8466844ee38592331c525fb32059183c3d2ee66db6df547343d1fbd56f2dd
raw_pred,GLD,DeReFusion,2023,results/long_term_forecast_GLD_96_24_DeReFusion_custom_ftMS_sl96_ll48_pl24_dm32_nh8_el2_dl1_df2048_expand2_dc4_fc1_ebtimeF_dtTrue_test_seed2023_0/pred.npy,46112,9e30739030603c8418350e28f9127465a40a73b3cbd65adaa21d44b1fcb645ea
raw_true,GLD,DeReFusion,2023,results/long_term_forecast_GLD_96_24_DeReFusion_custom_ftMS_sl96_ll48_pl24_dm32_nh8_el2_dl1_df2048_expand2_dc4_fc1_ebtimeF_dtTrue_test_seed2023_0/true.npy,46112,47b8466844ee38592331c525fb32059183c3d2ee66db6df547343d1fbd56f2dd
raw_pred,GLD,revin-DLinear,2021,results/long_term_forecast_GLD_96_24_revin-DLinear_custom_ftMS_sl96_ll48_pl24_dm32_nh8_el2_dl1_df2048_expand2_dc4_fc1_ebtimeF_dtTrue_test_seed2021_0/pred.npy,46112,6a353ad73c94369d51fcaab1c9053d99de99563db5f385d973cc58d55a491d83
raw_true,GLD,revin-DLinear,2021,results/long_term_forecast_GLD_96_24_revin-DLinear_custom_ftMS_sl96_ll48_pl24_dm32_nh8_el2_dl1_df2048_expand2_dc4_fc1_ebtimeF_dtTrue_test_seed2021_0/true.npy,46112,47b8466844ee38592331c525fb32059183c3d2ee66db6df547343d1fbd56f2dd
raw_pred,GLD,revin-DLinear,2022,results/long_term_forecast_GLD_96_24_revin-DLinear_custom_ftMS_sl96_ll48_pl24_dm32_nh8_el2_dl1_df2048_expand2_dc4_fc1_ebtimeF_dtTrue_test_seed2022_0/pred.npy,46112,299956ede26fdbfc98030a71ef6bafebe18bfbdf0fe163e5208f6e7d7ee27550
raw_true,GLD,revin-DLinear,2022,results/long_term_forecast_GLD_96_24_revin-DLinear_custom_ftMS_sl96_ll48_pl24_dm32_nh8_el2_dl1_df2048_expand2_dc4_fc1_ebtimeF_dtTrue_test_seed2022_0/true.npy,46112,47b8466844ee38592331c525fb32059183c3d2ee66db6df547343d1fbd56f2dd
raw_pred,GLD,revin-DLinear,2023,results/long_term_forecast_GLD_96_24_revin-DLinear_custom_ftMS_sl96_ll48_pl24_dm32_nh8_el2_dl1_df2048_expand2_dc4_fc1_ebtimeF_dtTrue_test_seed2023_0/pred.npy,46112,d17bc0c496a3794528db83638eb147488180d1bd90613618aae20d319c0389e8
raw_true,GLD,revin-DLinear,2023,results/long_term_forecast_GLD_96_24_revin-DLinear_custom_ftMS_sl96_ll48_pl24_dm32_nh8_el2_dl1_df2048_expand2_dc4_fc1_ebtimeF_dtTrue_test_seed2023_0/true.npy,46112,47b8466844ee38592331c525fb32059183c3d2ee66db6df547343d1fbd56f2dd
raw_pred,GOLD,DeReFusion,2021,results/long_term_forecast_GOLD_96_24_DeReFusion_custom_ftMS_sl96_ll48_pl24_dm32_nh8_el2_dl1_df2048_expand2_dc4_fc1_ebtimeF_dtTrue_test_seed2021_0/pred.npy,46112,7cb3e56c046ab410d7274d5331e3208816c10fab99bf19a353adf1533db9efd1
raw_true,GOLD,DeReFusion,2021,results/long_term_forecast_GOLD_96_24_DeReFusion_custom_ftMS_sl96_ll48_pl24_dm32_nh8_el2_dl1_df2048_expand2_dc4_fc1_ebtimeF_dtTrue_test_seed2021_0/true.npy,46112,5e4fd07cabb4462e9aae4a6020d40386adb8ad53547189a23baa954147ea34a7
raw_pred,GOLD,DeReFusion,2022,results/long_term_forecast_GOLD_96_24_DeReFusion_custom_ftMS_sl96_ll48_pl24_dm32_nh8_el2_dl1_df2048_expand2_dc4_fc1_ebtimeF_dtTrue_test_seed2022_0/pred.npy,46112,4ea51c7b518b1f1bfe3acabee473ac434230a1ab499ae53eeaafa14bb474999d
raw_true,GOLD,DeReFusion,2022,results/long_term_forecast_GOLD_96_24_DeReFusion_custom_ftMS_sl96_ll48_pl24_dm32_nh8_el2_dl1_df2048_expand2_dc4_fc1_ebtimeF_dtTrue_test_seed2022_0/true.npy,46112,5e4fd07cabb4462e9aae4a6020d40386adb8ad53547189a23baa954147ea34a7
raw_pred,GOLD,DeReFusion,2023,results/long_term_forecast_GOLD_96_24_DeReFusion_custom_ftMS_sl96_ll48_pl24_dm32_nh8_el2_dl1_df2048_expand2_dc4_fc1_ebtimeF_dtTrue_test_seed2023_0/pred.npy,46112,60793cf06fe8bb9fc67747b0a244adb418e05d2aedd27a29a19747c04b7fc183
raw_true,GOLD,DeReFusion,2023,results/long_term_forecast_GOLD_96_24_DeReFusion_custom_ftMS_sl96_ll48_pl24_dm32_nh8_el2_dl1_df2048_expand2_dc4_fc1_ebtimeF_dtTrue_test_seed2023_0/true.npy,46112,5e4fd07cabb4462e9aae4a6020d40386adb8ad53547189a23baa954147ea34a7
raw_pred,GOLD,revin-DLinear,2021,results/long_term_forecast_GOLD_96_24_revin-DLinear_custom_ftMS_sl96_ll48_pl24_dm32_nh8_el2_dl1_df2048_expand2_dc4_fc1_ebtimeF_dtTrue_test_seed2021_0/pred.npy,46112,b8e557b683b2d342bb49501bcba60201ea1069b1b9dd7d5dd3a17fb6134db0b8
raw_true,GOLD,revin-DLinear,2021,results/long_term_forecast_GOLD_96_24_revin-DLinear_custom_ftMS_sl96_ll48_pl24_dm32_nh8_el2_dl1_df2048_expand2_dc4_fc1_ebtimeF_dtTrue_test_seed2021_0/true.npy,46112,5e4fd07cabb4462e9aae4a6020d40386adb8ad53547189a23baa954147ea34a7
raw_pred,GOLD,revin-DLinear,2022,results/long_term_forecast_GOLD_96_24_revin-DLinear_custom_ftMS_sl96_ll48_pl24_dm32_nh8_el2_dl1_df2048_expand2_dc4_fc1_ebtimeF_dtTrue_test_seed2022_0/pred.npy,46112,1f997ac06d2fe473892b5c75e3f98516e0ce52cd3f061a040f46aa4d0c9f7e65
raw_true,GOLD,revin-DLinear,2022,results/long_term_forecast_GOLD_96_24_revin-DLinear_custom_ftMS_sl96_ll48_pl24_dm32_nh8_el2_dl1_df2048_expand2_dc4_fc1_ebtimeF_dtTrue_test_seed2022_0/true.npy,46112,5e4fd07cabb4462e9aae4a6020d40386adb8ad53547189a23baa954147ea34a7
raw_pred,GOLD,revin-DLinear,2023,results/long_term_forecast_GOLD_96_24_revin-DLinear_custom_ftMS_sl96_ll48_pl24_dm32_nh8_el2_dl1_df2048_expand2_dc4_fc1_ebtimeF_dtTrue_test_seed2023_0/pred.npy,46112,e5cbdc3bd311c3d52ee351720208ddef6a5da29292cbd50dbda56ddee9984009
raw_true,GOLD,revin-DLinear,2023,results/long_term_forecast_GOLD_96_24_revin-DLinear_custom_ftMS_sl96_ll48_pl24_dm32_nh8_el2_dl1_df2048_expand2_dc4_fc1_ebtimeF_dtTrue_test_seed2023_0/true.npy,46112,5e4fd07cabb4462e9aae4a6020d40386adb8ad53547189a23baa954147ea34a7
raw_pred,HSI,DeReFusion,2021,results/long_term_forecast_HSI_96_24_DeReFusion_custom_ftMS_sl96_ll48_pl24_dm32_nh8_el2_dl1_df2048_expand2_dc4_fc1_ebtimeF_dtTrue_test_seed2021_0/pred.npy,45056,f8fd18259b906468614ea7c75e24a921819e1e0609ccff2f526540352ccbca53
raw_true,HSI,DeReFusion,2021,results/long_term_forecast_HSI_96_24_DeReFusion_custom_ftMS_sl96_ll48_pl24_dm32_nh8_el2_dl1_df2048_expand2_dc4_fc1_ebtimeF_dtTrue_test_seed2021_0/true.npy,45056,d93fb12e9181d6f2b0f66752f59218cdfede2f4cc3b4eaef11cc7238978303c9
raw_pred,HSI,DeReFusion,2022,results/long_term_forecast_HSI_96_24_DeReFusion_custom_ftMS_sl96_ll48_pl24_dm32_nh8_el2_dl1_df2048_expand2_dc4_fc1_ebtimeF_dtTrue_test_seed2022_0/pred.npy,45056,19d786718c44370bd718f924f952bc5a84c2f9316f9bba4b2218df49f8bdad68
raw_true,HSI,DeReFusion,2022,results/long_term_forecast_HSI_96_24_DeReFusion_custom_ftMS_sl96_ll48_pl24_dm32_nh8_el2_dl1_df2048_expand2_dc4_fc1_ebtimeF_dtTrue_test_seed2022_0/true.npy,45056,d93fb12e9181d6f2b0f66752f59218cdfede2f4cc3b4eaef11cc7238978303c9
raw_pred,HSI,DeReFusion,2023,results/long_term_forecast_HSI_96_24_DeReFusion_custom_ftMS_sl96_ll48_pl24_dm32_nh8_el2_dl1_df2048_expand2_dc4_fc1_ebtimeF_dtTrue_test_seed2023_0/pred.npy,45056,993df630775a7e9d815bf0475f7bb823864e811902f1398186d800147e6b6c49
raw_true,HSI,DeReFusion,2023,results/long_term_forecast_HSI_96_24_DeReFusion_custom_ftMS_sl96_ll48_pl24_dm32_nh8_el2_dl1_df2048_expand2_dc4_fc1_ebtimeF_dtTrue_test_seed2023_0/true.npy,45056,d93fb12e9181d6f2b0f66752f59218cdfede2f4cc3b4eaef11cc7238978303c9
raw_pred,HSI,revin-DLinear,2021,results/long_term_forecast_HSI_96_24_revin-DLinear_custom_ftMS_sl96_ll48_pl24_dm32_nh8_el2_dl1_df2048_expand2_dc4_fc1_ebtimeF_dtTrue_test_seed2021_0/pred.npy,45056,92263d748a78b040b6180aff5dfeacb7c58dc92ec0fc628f1ce05ebb2795c019
raw_true,HSI,revin-DLinear,2021,results/long_term_forecast_HSI_96_24_revin-DLinear_custom_ftMS_sl96_ll48_pl24_dm32_nh8_el2_dl1_df2048_expand2_dc4_fc1_ebtimeF_dtTrue_test_seed2021_0/true.npy,45056,d93fb12e9181d6f2b0f66752f59218cdfede2f4cc3b4eaef11cc7238978303c9
raw_pred,HSI,revin-DLinear,2022,results/long_term_forecast_HSI_96_24_revin-DLinear_custom_ftMS_sl96_ll48_pl24_dm32_nh8_el2_dl1_df2048_expand2_dc4_fc1_ebtimeF_dtTrue_test_seed2022_0/pred.npy,45056,b4ec2144ca06ff9e67a7a975ca81605d1da780a6f5bf447ff0abdc118a796f81
raw_true,HSI,revin-DLinear,2022,results/long_term_forecast_HSI_96_24_revin-DLinear_custom_ftMS_sl96_ll48_pl24_dm32_nh8_el2_dl1_df2048_expand2_dc4_fc1_ebtimeF_dtTrue_test_seed2022_0/true.npy,45056,d93fb12e9181d6f2b0f66752f59218cdfede2f4cc3b4eaef11cc7238978303c9
raw_pred,HSI,revin-DLinear,2023,results/long_term_forecast_HSI_96_24_revin-DLinear_custom_ftMS_sl96_ll48_pl24_dm32_nh8_el2_dl1_df2048_expand2_dc4_fc1_ebtimeF_dtTrue_test_seed2023_0/pred.npy,45056,94404ed8a4ed46c07320b0a1cce238ae6946a178ce20520af2ba00e161a2ea8c
raw_true,HSI,revin-DLinear,2023,results/long_term_forecast_HSI_96_24_revin-DLinear_custom_ftMS_sl96_ll48_pl24_dm32_nh8_el2_dl1_df2048_expand2_dc4_fc1_ebtimeF_dtTrue_test_seed2023_0/true.npy,45056,d93fb12e9181d6f2b0f66752f59218cdfede2f4cc3b4eaef11cc7238978303c9
raw_pred,JPM,DeReFusion,2021,results/long_term_forecast_JPM_96_24_DeReFusion_custom_ftMS_sl96_ll48_pl24_dm32_nh8_el2_dl1_df2048_expand2_dc4_fc1_ebtimeF_dtTrue_test_seed2021_0/pred.npy,46112,0a8dad1dd456208046f1f76a694415fb286c6430e526a0369f30296375ac03ee
raw_true,JPM,DeReFusion,2021,results/long_term_forecast_JPM_96_24_DeReFusion_custom_ftMS_sl96_ll48_pl24_dm32_nh8_el2_dl1_df2048_expand2_dc4_fc1_ebtimeF_dtTrue_test_seed2021_0/true.npy,46112,008587e64376d471c6d7f19f6839ad1bfa8faf4207908a7a889fdfb8b51b0dba
raw_pred,JPM,DeReFusion,2022,results/long_term_forecast_JPM_96_24_DeReFusion_custom_ftMS_sl96_ll48_pl24_dm32_nh8_el2_dl1_df2048_expand2_dc4_fc1_ebtimeF_dtTrue_test_seed2022_0/pred.npy,46112,b5ba45012390c33610d30724711c3e9951a9bc2106a337d58fd2865ee58cd269
raw_true,JPM,DeReFusion,2022,results/long_term_forecast_JPM_96_24_DeReFusion_custom_ftMS_sl96_ll48_pl24_dm32_nh8_el2_dl1_df2048_expand2_dc4_fc1_ebtimeF_dtTrue_test_seed2022_0/true.npy,46112,008587e64376d471c6d7f19f6839ad1bfa8faf4207908a7a889fdfb8b51b0dba
raw_pred,JPM,DeReFusion,2023,results/long_term_forecast_JPM_96_24_DeReFusion_custom_ftMS_sl96_ll48_pl24_dm32_nh8_el2_dl1_df2048_expand2_dc4_fc1_ebtimeF_dtTrue_test_seed2023_0/pred.npy,46112,036d8d0a3e21d77faca2887dc76485e68e2906fae42f4b55fd26e794ac6e0345
raw_true,JPM,DeReFusion,2023,results/long_term_forecast_JPM_96_24_DeReFusion_custom_ftMS_sl96_ll48_pl24_dm32_nh8_el2_dl1_df2048_expand2_dc4_fc1_ebtimeF_dtTrue_test_seed2023_0/true.npy,46112,008587e64376d471c6d7f19f6839ad1bfa8faf4207908a7a889fdfb8b51b0dba
raw_pred,JPM,revin-DLinear,2021,results/long_term_forecast_JPM_96_24_revin-DLinear_custom_ftMS_sl96_ll48_pl24_dm32_nh8_el2_dl1_df2048_expand2_dc4_fc1_ebtimeF_dtTrue_test_seed2021_0/pred.npy,46112,49275fe5a5c9d0f8e8ec49e4cd45fe9d05ca952a388f81e3cadef826568dcfce
raw_true,JPM,revin-DLinear,2021,results/long_term_forecast_JPM_96_24_revin-DLinear_custom_ftMS_sl96_ll48_pl24_dm32_nh8_el2_dl1_df2048_expand2_dc4_fc1_ebtimeF_dtTrue_test_seed2021_0/true.npy,46112,008587e64376d471c6d7f19f6839ad1bfa8faf4207908a7a889fdfb8b51b0dba
raw_pred,JPM,revin-DLinear,2022,results/long_term_forecast_JPM_96_24_revin-DLinear_custom_ftMS_sl96_ll48_pl24_dm32_nh8_el2_dl1_df2048_expand2_dc4_fc1_ebtimeF_dtTrue_test_seed2022_0/pred.npy,46112,b03411ebaa9d9cdfaaf5b4e8d41775ed25911fade28210ffebd9f93ad15dcdcb
raw_true,JPM,revin-DLinear,2022,results/long_term_forecast_JPM_96_24_revin-DLinear_custom_ftMS_sl96_ll48_pl24_dm32_nh8_el2_dl1_df2048_expand2_dc4_fc1_ebtimeF_dtTrue_test_seed2022_0/true.npy,46112,008587e64376d471c6d7f19f6839ad1bfa8faf4207908a7a889fdfb8b51b0dba
raw_pred,JPM,revin-DLinear,2023,results/long_term_forecast_JPM_96_24_revin-DLinear_custom_ftMS_sl96_ll48_pl24_dm32_nh8_el2_dl1_df2048_expand2_dc4_fc1_ebtimeF_dtTrue_test_seed2023_0/pred.npy,46112,47bcc4e7b26c4801397419fadd1d5d77dfba13b4551857849efb535b4a756fcb
raw_true,JPM,revin-DLinear,2023,results/long_term_forecast_JPM_96_24_revin-DLinear_custom_ftMS_sl96_ll48_pl24_dm32_nh8_el2_dl1_df2048_expand2_dc4_fc1_ebtimeF_dtTrue_test_seed2023_0/true.npy,46112,008587e64376d471c6d7f19f6839ad1bfa8faf4207908a7a889fdfb8b51b0dba
raw_pred,META,DeReFusion,2021,results/long_term_forecast_META_96_24_DeReFusion_custom_ftMS_sl96_ll48_pl24_dm32_nh8_el2_dl1_df2048_expand2_dc4_fc1_ebtimeF_dtTrue_test_seed2021_0/pred.npy,46112,8faf8f2f78ea4b9cef7ec30453c5d3265f55da1d6b6d505d454a447fe3e3bb49
raw_true,META,DeReFusion,2021,results/long_term_forecast_META_96_24_DeReFusion_custom_ftMS_sl96_ll48_pl24_dm32_nh8_el2_dl1_df2048_expand2_dc4_fc1_ebtimeF_dtTrue_test_seed2021_0/true.npy,46112,d8d002e54a03f161d4413c8421d77b45534a4ad7653418c15ce32db8714e06cc
raw_pred,META,DeReFusion,2022,results/long_term_forecast_META_96_24_DeReFusion_custom_ftMS_sl96_ll48_pl24_dm32_nh8_el2_dl1_df2048_expand2_dc4_fc1_ebtimeF_dtTrue_test_seed2022_0/pred.npy,46112,ea4c6f8588f7892912bf798de3b05f80f60f11f109ab20fb5190d659136370bd
raw_true,META,DeReFusion,2022,results/long_term_forecast_META_96_24_DeReFusion_custom_ftMS_sl96_ll48_pl24_dm32_nh8_el2_dl1_df2048_expand2_dc4_fc1_ebtimeF_dtTrue_test_seed2022_0/true.npy,46112,d8d002e54a03f161d4413c8421d77b45534a4ad7653418c15ce32db8714e06cc
raw_pred,META,DeReFusion,2023,results/long_term_forecast_META_96_24_DeReFusion_custom_ftMS_sl96_ll48_pl24_dm32_nh8_el2_dl1_df2048_expand2_dc4_fc1_ebtimeF_dtTrue_test_seed2023_0/pred.npy,46112,8c19f32ae9f9d1e936e12db20c9791dbec32cd1e8632669056fd908c26915eff
raw_true,META,DeReFusion,2023,results/long_term_forecast_META_96_24_DeReFusion_custom_ftMS_sl96_ll48_pl24_dm32_nh8_el2_dl1_df2048_expand2_dc4_fc1_ebtimeF_dtTrue_test_seed2023_0/true.npy,46112,d8d002e54a03f161d4413c8421d77b45534a4ad7653418c15ce32db8714e06cc
raw_pred,META,revin-DLinear,2021,results/long_term_forecast_META_96_24_revin-DLinear_custom_ftMS_sl96_ll48_pl24_dm32_nh8_el2_dl1_df2048_expand2_dc4_fc1_ebtimeF_dtTrue_test_seed2021_0/pred.npy,46112,57a76901eb14bb8b0de721b424b684d0742e3faa4ed019970ded4162672e3ae8
raw_true,META,revin-DLinear,2021,results/long_term_forecast_META_96_24_revin-DLinear_custom_ftMS_sl96_ll48_pl24_dm32_nh8_el2_dl1_df2048_expand2_dc4_fc1_ebtimeF_dtTrue_test_seed2021_0/true.npy,46112,d8d002e54a03f161d4413c8421d77b45534a4ad7653418c15ce32db8714e06cc
raw_pred,META,revin-DLinear,2022,results/long_term_forecast_META_96_24_revin-DLinear_custom_ftMS_sl96_ll48_pl24_dm32_nh8_el2_dl1_df2048_expand2_dc4_fc1_ebtimeF_dtTrue_test_seed2022_0/pred.npy,46112,9b20ccce7b615ed50184bd5949c316c080b7eb259dd30c9042606f73dd1e6384
raw_true,META,revin-DLinear,2022,results/long_term_forecast_META_96_24_revin-DLinear_custom_ftMS_sl96_ll48_pl24_dm32_nh8_el2_dl1_df2048_expand2_dc4_fc1_ebtimeF_dtTrue_test_seed2022_0/true.npy,46112,d8d002e54a03f161d4413c8421d77b45534a4ad7653418c15ce32db8714e06cc
raw_pred,META,revin-DLinear,2023,results/long_term_forecast_META_96_24_revin-DLinear_custom_ftMS_sl96_ll48_pl24_dm32_nh8_el2_dl1_df2048_expand2_dc4_fc1_ebtimeF_dtTrue_test_seed2023_0/pred.npy,46112,b5746a2ddecaa2a14e598e6260567b31052c6e42671566078847e6993d9a807d
raw_true,META,revin-DLinear,2023,results/long_term_forecast_META_96_24_revin-DLinear_custom_ftMS_sl96_ll48_pl24_dm32_nh8_el2_dl1_df2048_expand2_dc4_fc1_ebtimeF_dtTrue_test_seed2023_0/true.npy,46112,d8d002e54a03f161d4413c8421d77b45534a4ad7653418c15ce32db8714e06cc
raw_pred,MSFT,DeReFusion,2021,results/long_term_forecast_MSFT_96_24_DeReFusion_custom_ftMS_sl96_ll48_pl24_dm32_nh8_el2_dl1_df2048_expand2_dc4_fc1_ebtimeF_dtTrue_test_seed2021_0/pred.npy,46112,3cda6752eb810e98392360b69db7a3b9dbe1a83110013f1ca485e2cde2039706
raw_true,MSFT,DeReFusion,2021,results/long_term_forecast_MSFT_96_24_DeReFusion_custom_ftMS_sl96_ll48_pl24_dm32_nh8_el2_dl1_df2048_expand2_dc4_fc1_ebtimeF_dtTrue_test_seed2021_0/true.npy,46112,3d165382d672bfbe1a47f49e3dc52e1663a8119aa22281a2f53ba9c0d34882bc
raw_pred,MSFT,DeReFusion,2022,results/long_term_forecast_MSFT_96_24_DeReFusion_custom_ftMS_sl96_ll48_pl24_dm32_nh8_el2_dl1_df2048_expand2_dc4_fc1_ebtimeF_dtTrue_test_seed2022_0/pred.npy,46112,ab2f2df82eeef643a9c6e747d3d4124070852b7297fac244668f1adac2699c11
raw_true,MSFT,DeReFusion,2022,results/long_term_forecast_MSFT_96_24_DeReFusion_custom_ftMS_sl96_ll48_pl24_dm32_nh8_el2_dl1_df2048_expand2_dc4_fc1_ebtimeF_dtTrue_test_seed2022_0/true.npy,46112,3d165382d672bfbe1a47f49e3dc52e1663a8119aa22281a2f53ba9c0d34882bc
raw_pred,MSFT,DeReFusion,2023,results/long_term_forecast_MSFT_96_24_DeReFusion_custom_ftMS_sl96_ll48_pl24_dm32_nh8_el2_dl1_df2048_expand2_dc4_fc1_ebtimeF_dtTrue_test_seed2023_0/pred.npy,46112,3e1a6f69a6b0b6e4783c1ddde11545e8c0056f629492fb24500da50fccaf2e90
raw_true,MSFT,DeReFusion,2023,results/long_term_forecast_MSFT_96_24_DeReFusion_custom_ftMS_sl96_ll48_pl24_dm32_nh8_el2_dl1_df2048_expand2_dc4_fc1_ebtimeF_dtTrue_test_seed2023_0/true.npy,46112,3d165382d672bfbe1a47f49e3dc52e1663a8119aa22281a2f53ba9c0d34882bc
raw_pred,MSFT,revin-DLinear,2021,results/long_term_forecast_MSFT_96_24_revin-DLinear_custom_ftMS_sl96_ll48_pl24_dm32_nh8_el2_dl1_df2048_expand2_dc4_fc1_ebtimeF_dtTrue_test_seed2021_0/pred.npy,46112,36176b489e5381d7317ba2e0c718e9a89da18a98dd29913089d00fa4bcd2e04a
raw_true,MSFT,revin-DLinear,2021,results/long_term_forecast_MSFT_96_24_revin-DLinear_custom_ftMS_sl96_ll48_pl24_dm32_nh8_el2_dl1_df2048_expand2_dc4_fc1_ebtimeF_dtTrue_test_seed2021_0/true.npy,46112,3d165382d672bfbe1a47f49e3dc52e1663a8119aa22281a2f53ba9c0d34882bc
raw_pred,MSFT,revin-DLinear,2022,results/long_term_forecast_MSFT_96_24_revin-DLinear_custom_ftMS_sl96_ll48_pl24_dm32_nh8_el2_dl1_df2048_expand2_dc4_fc1_ebtimeF_dtTrue_test_seed2022_0/pred.npy,46112,9bf0ded2437ba5bd92d65b445149de400a3b21e2c2903b3d4d4b9e060a80662d
raw_true,MSFT,revin-DLinear,2022,results/long_term_forecast_MSFT_96_24_revin-DLinear_custom_ftMS_sl96_ll48_pl24_dm32_nh8_el2_dl1_df2048_expand2_dc4_fc1_ebtimeF_dtTrue_test_seed2022_0/true.npy,46112,3d165382d672bfbe1a47f49e3dc52e1663a8119aa22281a2f53ba9c0d34882bc
raw_pred,MSFT,revin-DLinear,2023,results/long_term_forecast_MSFT_96_24_revin-DLinear_custom_ftMS_sl96_ll48_pl24_dm32_nh8_el2_dl1_df2048_expand2_dc4_fc1_ebtimeF_dtTrue_test_seed2023_0/pred.npy,46112,4fe9db0b9aa3ca822f5e00d48b6a38ed0dc20376ac3fa24e3421e3b8cb0f6904
raw_true,MSFT,revin-DLinear,2023,results/long_term_forecast_MSFT_96_24_revin-DLinear_custom_ftMS_sl96_ll48_pl24_dm32_nh8_el2_dl1_df2048_expand2_dc4_fc1_ebtimeF_dtTrue_test_seed2023_0/true.npy,46112,3d165382d672bfbe1a47f49e3dc52e1663a8119aa22281a2f53ba9c0d34882bc
raw_pred,N225,DeReFusion,2021,results/long_term_forecast_N225_96_24_DeReFusion_custom_ftMS_sl96_ll48_pl24_dm32_nh8_el2_dl1_df2048_expand2_dc4_fc1_ebtimeF_dtTrue_test_seed2021_0/pred.npy,44768,b6bd63e2fc505f2507336eb321a3a84d0b4f063f49c383f2894d256e63e1270b
raw_true,N225,DeReFusion,2021,results/long_term_forecast_N225_96_24_DeReFusion_custom_ftMS_sl96_ll48_pl24_dm32_nh8_el2_dl1_df2048_expand2_dc4_fc1_ebtimeF_dtTrue_test_seed2021_0/true.npy,44768,f092b2e1cb30b153e9ff11d86dddf360dfae9808c80b5b5ca8525a9423492953
raw_pred,N225,DeReFusion,2022,results/long_term_forecast_N225_96_24_DeReFusion_custom_ftMS_sl96_ll48_pl24_dm32_nh8_el2_dl1_df2048_expand2_dc4_fc1_ebtimeF_dtTrue_test_seed2022_0/pred.npy,44768,9c298e535c5a3a2c0a08910a9fda664e6b42aceeab79d9c6517eab4e0a777456
raw_true,N225,DeReFusion,2022,results/long_term_forecast_N225_96_24_DeReFusion_custom_ftMS_sl96_ll48_pl24_dm32_nh8_el2_dl1_df2048_expand2_dc4_fc1_ebtimeF_dtTrue_test_seed2022_0/true.npy,44768,f092b2e1cb30b153e9ff11d86dddf360dfae9808c80b5b5ca8525a9423492953
raw_pred,N225,DeReFusion,2023,results/long_term_forecast_N225_96_24_DeReFusion_custom_ftMS_sl96_ll48_pl24_dm32_nh8_el2_dl1_df2048_expand2_dc4_fc1_ebtimeF_dtTrue_test_seed2023_0/pred.npy,44768,0a2b40ef915d3124f814ed5d836a35a2eb7405732a013f2acddae3689ba9ad1e
raw_true,N225,DeReFusion,2023,results/long_term_forecast_N225_96_24_DeReFusion_custom_ftMS_sl96_ll48_pl24_dm32_nh8_el2_dl1_df2048_expand2_dc4_fc1_ebtimeF_dtTrue_test_seed2023_0/true.npy,44768,f092b2e1cb30b153e9ff11d86dddf360dfae9808c80b5b5ca8525a9423492953
raw_pred,N225,revin-DLinear,2021,results/long_term_forecast_N225_96_24_revin-DLinear_custom_ftMS_sl96_ll48_pl24_dm32_nh8_el2_dl1_df2048_expand2_dc4_fc1_ebtimeF_dtTrue_test_seed2021_0/pred.npy,44768,5381202fed092fe8b7f5b19e6428f4a41d0d69d19a41c2523d031570ce5639f3
raw_true,N225,revin-DLinear,2021,results/long_term_forecast_N225_96_24_revin-DLinear_custom_ftMS_sl96_ll48_pl24_dm32_nh8_el2_dl1_df2048_expand2_dc4_fc1_ebtimeF_dtTrue_test_seed2021_0/true.npy,44768,f092b2e1cb30b153e9ff11d86dddf360dfae9808c80b5b5ca8525a9423492953
raw_pred,N225,revin-DLinear,2022,results/long_term_forecast_N225_96_24_revin-DLinear_custom_ftMS_sl96_ll48_pl24_dm32_nh8_el2_dl1_df2048_expand2_dc4_fc1_ebtimeF_dtTrue_test_seed2022_0/pred.npy,44768,1c3f4235627e445ba760ebd54b6e0b54a0021c0948811d2f151bcbc7020a4d33
raw_true,N225,revin-DLinear,2022,results/long_term_forecast_N225_96_24_revin-DLinear_custom_ftMS_sl96_ll48_pl24_dm32_nh8_el2_dl1_df2048_expand2_dc4_fc1_ebtimeF_dtTrue_test_seed2022_0/true.npy,44768,f092b2e1cb30b153e9ff11d86dddf360dfae9808c80b5b5ca8525a9423492953
raw_pred,N225,revin-DLinear,2023,results/long_term_forecast_N225_96_24_revin-DLinear_custom_ftMS_sl96_ll48_pl24_dm32_nh8_el2_dl1_df2048_expand2_dc4_fc1_ebtimeF_dtTrue_test_seed2023_0/pred.npy,44768,4de716197af29ab2909c5b1a920a15f4806443e4cd6769cd01174c9d718777f7
raw_true,N225,revin-DLinear,2023,results/long_term_forecast_N225_96_24_revin-DLinear_custom_ftMS_sl96_ll48_pl24_dm32_nh8_el2_dl1_df2048_expand2_dc4_fc1_ebtimeF_dtTrue_test_seed2023_0/true.npy,44768,f092b2e1cb30b153e9ff11d86dddf360dfae9808c80b5b5ca8525a9423492953
raw_pred,RUT,DeReFusion,2021,results/long_term_forecast_RUT_96_24_DeReFusion_custom_ftMS_sl96_ll48_pl24_dm32_nh8_el2_dl1_df2048_expand2_dc4_fc1_ebtimeF_dtTrue_test_seed2021_0/pred.npy,46112,a94975425bc9af5f952bf13d83f2479b086ce4250d41739ba726264e89331d33
raw_true,RUT,DeReFusion,2021,results/long_term_forecast_RUT_96_24_DeReFusion_custom_ftMS_sl96_ll48_pl24_dm32_nh8_el2_dl1_df2048_expand2_dc4_fc1_ebtimeF_dtTrue_test_seed2021_0/true.npy,46112,4933d3d2eae5d294e703c11c0dcae97b08c4d1f974c9e47cd6f467d432179d24
raw_pred,RUT,DeReFusion,2022,results/long_term_forecast_RUT_96_24_DeReFusion_custom_ftMS_sl96_ll48_pl24_dm32_nh8_el2_dl1_df2048_expand2_dc4_fc1_ebtimeF_dtTrue_test_seed2022_0/pred.npy,46112,f5d8d3b46535669935871e41732dee1aa534b0bd78e5a6f706a8cb0423af27d4
raw_true,RUT,DeReFusion,2022,results/long_term_forecast_RUT_96_24_DeReFusion_custom_ftMS_sl96_ll48_pl24_dm32_nh8_el2_dl1_df2048_expand2_dc4_fc1_ebtimeF_dtTrue_test_seed2022_0/true.npy,46112,4933d3d2eae5d294e703c11c0dcae97b08c4d1f974c9e47cd6f467d432179d24
raw_pred,RUT,DeReFusion,2023,results/long_term_forecast_RUT_96_24_DeReFusion_custom_ftMS_sl96_ll48_pl24_dm32_nh8_el2_dl1_df2048_expand2_dc4_fc1_ebtimeF_dtTrue_test_seed2023_0/pred.npy,46112,af5e46e57294a2a6e4094d2b559f02bbeb1c2babbac48c6196e9354155a95946
raw_true,RUT,DeReFusion,2023,results/long_term_forecast_RUT_96_24_DeReFusion_custom_ftMS_sl96_ll48_pl24_dm32_nh8_el2_dl1_df2048_expand2_dc4_fc1_ebtimeF_dtTrue_test_seed2023_0/true.npy,46112,4933d3d2eae5d294e703c11c0dcae97b08c4d1f974c9e47cd6f467d432179d24
raw_pred,RUT,revin-DLinear,2021,results/long_term_forecast_RUT_96_24_revin-DLinear_custom_ftMS_sl96_ll48_pl24_dm32_nh8_el2_dl1_df2048_expand2_dc4_fc1_ebtimeF_dtTrue_test_seed2021_0/pred.npy,46112,6e3664e1553efd868e6f641b8c8219690f2351124e89b187c6bccd2d63224f12
raw_true,RUT,revin-DLinear,2021,results/long_term_forecast_RUT_96_24_revin-DLinear_custom_ftMS_sl96_ll48_pl24_dm32_nh8_el2_dl1_df2048_expand2_dc4_fc1_ebtimeF_dtTrue_test_seed2021_0/true.npy,46112,4933d3d2eae5d294e703c11c0dcae97b08c4d1f974c9e47cd6f467d432179d24
raw_pred,RUT,revin-DLinear,2022,results/long_term_forecast_RUT_96_24_revin-DLinear_custom_ftMS_sl96_ll48_pl24_dm32_nh8_el2_dl1_df2048_expand2_dc4_fc1_ebtimeF_dtTrue_test_seed2022_0/pred.npy,46112,48897a6c5b7e0a5f0ccc066c7eef4d17e747cb88cbb53a1b24fa69fd03338092
raw_true,RUT,revin-DLinear,2022,results/long_term_forecast_RUT_96_24_revin-DLinear_custom_ftMS_sl96_ll48_pl24_dm32_nh8_el2_dl1_df2048_expand2_dc4_fc1_ebtimeF_dtTrue_test_seed2022_0/true.npy,46112,4933d3d2eae5d294e703c11c0dcae97b08c4d1f974c9e47cd6f467d432179d24
raw_pred,RUT,revin-DLinear,2023,results/long_term_forecast_RUT_96_24_revin-DLinear_custom_ftMS_sl96_ll48_pl24_dm32_nh8_el2_dl1_df2048_expand2_dc4_fc1_ebtimeF_dtTrue_test_seed2023_0/pred.npy,46112,e976779429a075f11f51223b71bbf3318c55484b0e3069fcabd95c3df9938ab3
raw_true,RUT,revin-DLinear,2023,results/long_term_forecast_RUT_96_24_revin-DLinear_custom_ftMS_sl96_ll48_pl24_dm32_nh8_el2_dl1_df2048_expand2_dc4_fc1_ebtimeF_dtTrue_test_seed2023_0/true.npy,46112,4933d3d2eae5d294e703c11c0dcae97b08c4d1f974c9e47cd6f467d432179d24
raw_pred,TLT,DeReFusion,2021,results/long_term_forecast_TLT_96_24_DeReFusion_custom_ftMS_sl96_ll48_pl24_dm32_nh8_el2_dl1_df2048_expand2_dc4_fc1_ebtimeF_dtTrue_test_seed2021_0/pred.npy,46112,1f46194de96e8bcf8bd1aea246bf1cd12dbd71354d6d8e046181604d21aa4818
raw_true,TLT,DeReFusion,2021,results/long_term_forecast_TLT_96_24_DeReFusion_custom_ftMS_sl96_ll48_pl24_dm32_nh8_el2_dl1_df2048_expand2_dc4_fc1_ebtimeF_dtTrue_test_seed2021_0/true.npy,46112,2eca3dfab076ee37ddc70ac7d409f8754b768803f524a716cf62406976abc7c3
raw_pred,TLT,DeReFusion,2022,results/long_term_forecast_TLT_96_24_DeReFusion_custom_ftMS_sl96_ll48_pl24_dm32_nh8_el2_dl1_df2048_expand2_dc4_fc1_ebtimeF_dtTrue_test_seed2022_0/pred.npy,46112,6d5e6ac9b85e6f323626c06693758d46dc53d0297121df95e26ff2a7406e21ac
raw_true,TLT,DeReFusion,2022,results/long_term_forecast_TLT_96_24_DeReFusion_custom_ftMS_sl96_ll48_pl24_dm32_nh8_el2_dl1_df2048_expand2_dc4_fc1_ebtimeF_dtTrue_test_seed2022_0/true.npy,46112,2eca3dfab076ee37ddc70ac7d409f8754b768803f524a716cf62406976abc7c3
raw_pred,TLT,DeReFusion,2023,results/long_term_forecast_TLT_96_24_DeReFusion_custom_ftMS_sl96_ll48_pl24_dm32_nh8_el2_dl1_df2048_expand2_dc4_fc1_ebtimeF_dtTrue_test_seed2023_0/pred.npy,46112,5170b889e4b63ae1ae79defc12cf28c7507e74a467173a305d35f635bc97eb7d
raw_true,TLT,DeReFusion,2023,results/long_term_forecast_TLT_96_24_DeReFusion_custom_ftMS_sl96_ll48_pl24_dm32_nh8_el2_dl1_df2048_expand2_dc4_fc1_ebtimeF_dtTrue_test_seed2023_0/true.npy,46112,2eca3dfab076ee37ddc70ac7d409f8754b768803f524a716cf62406976abc7c3
raw_pred,TLT,revin-DLinear,2021,results/long_term_forecast_TLT_96_24_revin-DLinear_custom_ftMS_sl96_ll48_pl24_dm32_nh8_el2_dl1_df2048_expand2_dc4_fc1_ebtimeF_dtTrue_test_seed2021_0/pred.npy,46112,fee32d9a487c9829cff44f12fc9b73e3b900613952db13a0b2aa9b3984a87e9b
raw_true,TLT,revin-DLinear,2021,results/long_term_forecast_TLT_96_24_revin-DLinear_custom_ftMS_sl96_ll48_pl24_dm32_nh8_el2_dl1_df2048_expand2_dc4_fc1_ebtimeF_dtTrue_test_seed2021_0/true.npy,46112,2eca3dfab076ee37ddc70ac7d409f8754b768803f524a716cf62406976abc7c3
raw_pred,TLT,revin-DLinear,2022,results/long_term_forecast_TLT_96_24_revin-DLinear_custom_ftMS_sl96_ll48_pl24_dm32_nh8_el2_dl1_df2048_expand2_dc4_fc1_ebtimeF_dtTrue_test_seed2022_0/pred.npy,46112,8f3e9b576a53bc3c5e1df1db1911e4bcac4c34eee1add380e906272f49a454ca
raw_true,TLT,revin-DLinear,2022,results/long_term_forecast_TLT_96_24_revin-DLinear_custom_ftMS_sl96_ll48_pl24_dm32_nh8_el2_dl1_df2048_expand2_dc4_fc1_ebtimeF_dtTrue_test_seed2022_0/true.npy,46112,2eca3dfab076ee37ddc70ac7d409f8754b768803f524a716cf62406976abc7c3
raw_pred,TLT,revin-DLinear,2023,results/long_term_forecast_TLT_96_24_revin-DLinear_custom_ftMS_sl96_ll48_pl24_dm32_nh8_el2_dl1_df2048_expand2_dc4_fc1_ebtimeF_dtTrue_test_seed2023_0/pred.npy,46112,df05d0a975112fd56ac29c9424390f75718861eef47d2073a50605407ddd239d
raw_true,TLT,revin-DLinear,2023,results/long_term_forecast_TLT_96_24_revin-DLinear_custom_ftMS_sl96_ll48_pl24_dm32_nh8_el2_dl1_df2048_expand2_dc4_fc1_ebtimeF_dtTrue_test_seed2023_0/true.npy,46112,2eca3dfab076ee37ddc70ac7d409f8754b768803f524a716cf62406976abc7c3
raw_pred,TSLA,DeReFusion,2021,results/long_term_forecast_TSLA_96_24_DeReFusion_custom_ftMS_sl96_ll48_pl24_dm32_nh8_el2_dl1_df2048_expand2_dc4_fc1_ebtimeF_dtTrue_test_seed2021_0/pred.npy,46112,15b94cd030124f4d8f9a5dbb8939f84576004edf66abec4ca9a99fb70530675a
raw_true,TSLA,DeReFusion,2021,results/long_term_forecast_TSLA_96_24_DeReFusion_custom_ftMS_sl96_ll48_pl24_dm32_nh8_el2_dl1_df2048_expand2_dc4_fc1_ebtimeF_dtTrue_test_seed2021_0/true.npy,46112,e365bc688c5003b6624817a2eb49df81b50c6b448a284f5bfb9bc6fd72bf4375
raw_pred,TSLA,DeReFusion,2022,results/long_term_forecast_TSLA_96_24_DeReFusion_custom_ftMS_sl96_ll48_pl24_dm32_nh8_el2_dl1_df2048_expand2_dc4_fc1_ebtimeF_dtTrue_test_seed2022_0/pred.npy,46112,5decba2554f9fe16aa18abf31257bc5bbe1526b7d07ee081e08242e34bbe6c9e
raw_true,TSLA,DeReFusion,2022,results/long_term_forecast_TSLA_96_24_DeReFusion_custom_ftMS_sl96_ll48_pl24_dm32_nh8_el2_dl1_df2048_expand2_dc4_fc1_ebtimeF_dtTrue_test_seed2022_0/true.npy,46112,e365bc688c5003b6624817a2eb49df81b50c6b448a284f5bfb9bc6fd72bf4375
raw_pred,TSLA,DeReFusion,2023,results/long_term_forecast_TSLA_96_24_DeReFusion_custom_ftMS_sl96_ll48_pl24_dm32_nh8_el2_dl1_df2048_expand2_dc4_fc1_ebtimeF_dtTrue_test_seed2023_0/pred.npy,46112,6faec1c44c08bfb46d75a5744032f1fcbb0c27f21f1b881d0f95978bf0135299
raw_true,TSLA,DeReFusion,2023,results/long_term_forecast_TSLA_96_24_DeReFusion_custom_ftMS_sl96_ll48_pl24_dm32_nh8_el2_dl1_df2048_expand2_dc4_fc1_ebtimeF_dtTrue_test_seed2023_0/true.npy,46112,e365bc688c5003b6624817a2eb49df81b50c6b448a284f5bfb9bc6fd72bf4375
raw_pred,TSLA,revin-DLinear,2021,results/long_term_forecast_TSLA_96_24_revin-DLinear_custom_ftMS_sl96_ll48_pl24_dm32_nh8_el2_dl1_df2048_expand2_dc4_fc1_ebtimeF_dtTrue_test_seed2021_0/pred.npy,46112,e5163bda91934f4bf52ec507c0bd33b2da04fe0eef055572078a93f94a5bb4f6
raw_true,TSLA,revin-DLinear,2021,results/long_term_forecast_TSLA_96_24_revin-DLinear_custom_ftMS_sl96_ll48_pl24_dm32_nh8_el2_dl1_df2048_expand2_dc4_fc1_ebtimeF_dtTrue_test_seed2021_0/true.npy,46112,e365bc688c5003b6624817a2eb49df81b50c6b448a284f5bfb9bc6fd72bf4375
raw_pred,TSLA,revin-DLinear,2022,results/long_term_forecast_TSLA_96_24_revin-DLinear_custom_ftMS_sl96_ll48_pl24_dm32_nh8_el2_dl1_df2048_expand2_dc4_fc1_ebtimeF_dtTrue_test_seed2022_0/pred.npy,46112,5b6d9ee2f8d514f9ae98ddb1231788a5fec972a7fa13dd9de4a624a549c9400d
raw_true,TSLA,revin-DLinear,2022,results/long_term_forecast_TSLA_96_24_revin-DLinear_custom_ftMS_sl96_ll48_pl24_dm32_nh8_el2_dl1_df2048_expand2_dc4_fc1_ebtimeF_dtTrue_test_seed2022_0/true.npy,46112,e365bc688c5003b6624817a2eb49df81b50c6b448a284f5bfb9bc6fd72bf4375
raw_pred,TSLA,revin-DLinear,2023,results/long_term_forecast_TSLA_96_24_revin-DLinear_custom_ftMS_sl96_ll48_pl24_dm32_nh8_el2_dl1_df2048_expand2_dc4_fc1_ebtimeF_dtTrue_test_seed2023_0/pred.npy,46112,9b27f4487284276372850a51b343b62791e188ba1646eb70daf05a60a26e7642
raw_true,TSLA,revin-DLinear,2023,results/long_term_forecast_TSLA_96_24_revin-DLinear_custom_ftMS_sl96_ll48_pl24_dm32_nh8_el2_dl1_df2048_expand2_dc4_fc1_ebtimeF_dtTrue_test_seed2023_0/true.npy,46112,e365bc688c5003b6624817a2eb49df81b50c6b448a284f5bfb9bc6fd72bf4375
raw_pred,USDCAD,DeReFusion,2021,results/long_term_forecast_USDCAD_96_24_DeReFusion_custom_ftMS_sl96_ll48_pl24_dm32_nh8_el2_dl1_df2048_expand2_dc4_fc1_ebtimeF_dtTrue_test_seed2021_0/pred.npy,47840,28322dc0f67d6421431cd2888dd57f5be538f88ff6f5b1dd532ff1989192dd1d
raw_true,USDCAD,DeReFusion,2021,results/long_term_forecast_USDCAD_96_24_DeReFusion_custom_ftMS_sl96_ll48_pl24_dm32_nh8_el2_dl1_df2048_expand2_dc4_fc1_ebtimeF_dtTrue_test_seed2021_0/true.npy,47840,8cb1658c21bc32337151f21cac50e2183d7b436644538c862fa80c4f7cb631c8
raw_pred,USDCAD,DeReFusion,2022,results/long_term_forecast_USDCAD_96_24_DeReFusion_custom_ftMS_sl96_ll48_pl24_dm32_nh8_el2_dl1_df2048_expand2_dc4_fc1_ebtimeF_dtTrue_test_seed2022_0/pred.npy,47840,a95dd5c2a47a59fcd3fb495d8b07be325e2d71fcc45093e6005a39910d6ead3e
raw_true,USDCAD,DeReFusion,2022,results/long_term_forecast_USDCAD_96_24_DeReFusion_custom_ftMS_sl96_ll48_pl24_dm32_nh8_el2_dl1_df2048_expand2_dc4_fc1_ebtimeF_dtTrue_test_seed2022_0/true.npy,47840,8cb1658c21bc32337151f21cac50e2183d7b436644538c862fa80c4f7cb631c8
raw_pred,USDCAD,DeReFusion,2023,results/long_term_forecast_USDCAD_96_24_DeReFusion_custom_ftMS_sl96_ll48_pl24_dm32_nh8_el2_dl1_df2048_expand2_dc4_fc1_ebtimeF_dtTrue_test_seed2023_0/pred.npy,47840,659dc8ba3a1384b3dd8bfac8bbe937c786b135dcb4df26b84e75374b9541cda6
raw_true,USDCAD,DeReFusion,2023,results/long_term_forecast_USDCAD_96_24_DeReFusion_custom_ftMS_sl96_ll48_pl24_dm32_nh8_el2_dl1_df2048_expand2_dc4_fc1_ebtimeF_dtTrue_test_seed2023_0/true.npy,47840,8cb1658c21bc32337151f21cac50e2183d7b436644538c862fa80c4f7cb631c8
raw_pred,USDCAD,revin-DLinear,2021,results/long_term_forecast_USDCAD_96_24_revin-DLinear_custom_ftMS_sl96_ll48_pl24_dm32_nh8_el2_dl1_df2048_expand2_dc4_fc1_ebtimeF_dtTrue_test_seed2021_0/pred.npy,47840,bf5e9514da5eda82fecfb682f5ae53a38f68f37eb561d2aef798cecc55c15e29
raw_true,USDCAD,revin-DLinear,2021,results/long_term_forecast_USDCAD_96_24_revin-DLinear_custom_ftMS_sl96_ll48_pl24_dm32_nh8_el2_dl1_df2048_expand2_dc4_fc1_ebtimeF_dtTrue_test_seed2021_0/true.npy,47840,8cb1658c21bc32337151f21cac50e2183d7b436644538c862fa80c4f7cb631c8
raw_pred,USDCAD,revin-DLinear,2022,results/long_term_forecast_USDCAD_96_24_revin-DLinear_custom_ftMS_sl96_ll48_pl24_dm32_nh8_el2_dl1_df2048_expand2_dc4_fc1_ebtimeF_dtTrue_test_seed2022_0/pred.npy,47840,4707e44057b25e57c52e144fa7a9808b5572c330cf16745aec6c6dfac60bd10a
raw_true,USDCAD,revin-DLinear,2022,results/long_term_forecast_USDCAD_96_24_revin-DLinear_custom_ftMS_sl96_ll48_pl24_dm32_nh8_el2_dl1_df2048_expand2_dc4_fc1_ebtimeF_dtTrue_test_seed2022_0/true.npy,47840,8cb1658c21bc32337151f21cac50e2183d7b436644538c862fa80c4f7cb631c8
raw_pred,USDCAD,revin-DLinear,2023,results/long_term_forecast_USDCAD_96_24_revin-DLinear_custom_ftMS_sl96_ll48_pl24_dm32_nh8_el2_dl1_df2048_expand2_dc4_fc1_ebtimeF_dtTrue_test_seed2023_0/pred.npy,47840,6f2f6df602bd00f3556648339f61f5ef5c5dc21a54750d487eacd2e0e2e7c97c
raw_true,USDCAD,revin-DLinear,2023,results/long_term_forecast_USDCAD_96_24_revin-DLinear_custom_ftMS_sl96_ll48_pl24_dm32_nh8_el2_dl1_df2048_expand2_dc4_fc1_ebtimeF_dtTrue_test_seed2023_0/true.npy,47840,8cb1658c21bc32337151f21cac50e2183d7b436644538c862fa80c4f7cb631c8
raw_pred,WMT,DeReFusion,2021,results/long_term_forecast_WMT_96_24_DeReFusion_custom_ftMS_sl96_ll48_pl24_dm32_nh8_el2_dl1_df2048_expand2_dc4_fc1_ebtimeF_dtTrue_test_seed2021_0/pred.npy,46112,7efbe58b71b09912d28cdcf97a930727bdaffc4e51393a86e7716757c3ccd11e
raw_true,WMT,DeReFusion,2021,results/long_term_forecast_WMT_96_24_DeReFusion_custom_ftMS_sl96_ll48_pl24_dm32_nh8_el2_dl1_df2048_expand2_dc4_fc1_ebtimeF_dtTrue_test_seed2021_0/true.npy,46112,d61698c4ff5229ecb9f5b6f0298ae0f72dc2daca1d7ba8ebe99e3e2aa9450cb1
raw_pred,WMT,DeReFusion,2022,results/long_term_forecast_WMT_96_24_DeReFusion_custom_ftMS_sl96_ll48_pl24_dm32_nh8_el2_dl1_df2048_expand2_dc4_fc1_ebtimeF_dtTrue_test_seed2022_0/pred.npy,46112,6ff51f96517571b73fcd01474a3cb9a72f9862074ab416677f7e53939ea282c7
raw_true,WMT,DeReFusion,2022,results/long_term_forecast_WMT_96_24_DeReFusion_custom_ftMS_sl96_ll48_pl24_dm32_nh8_el2_dl1_df2048_expand2_dc4_fc1_ebtimeF_dtTrue_test_seed2022_0/true.npy,46112,d61698c4ff5229ecb9f5b6f0298ae0f72dc2daca1d7ba8ebe99e3e2aa9450cb1
raw_pred,WMT,DeReFusion,2023,results/long_term_forecast_WMT_96_24_DeReFusion_custom_ftMS_sl96_ll48_pl24_dm32_nh8_el2_dl1_df2048_expand2_dc4_fc1_ebtimeF_dtTrue_test_seed2023_0/pred.npy,46112,82f04c503731702209b2c6f58f2bb3794b655cc04dde7b0c16aba31287c76bf2
raw_true,WMT,DeReFusion,2023,results/long_term_forecast_WMT_96_24_DeReFusion_custom_ftMS_sl96_ll48_pl24_dm32_nh8_el2_dl1_df2048_expand2_dc4_fc1_ebtimeF_dtTrue_test_seed2023_0/true.npy,46112,d61698c4ff5229ecb9f5b6f0298ae0f72dc2daca1d7ba8ebe99e3e2aa9450cb1
raw_pred,WMT,revin-DLinear,2021,results/long_term_forecast_WMT_96_24_revin-DLinear_custom_ftMS_sl96_ll48_pl24_dm32_nh8_el2_dl1_df2048_expand2_dc4_fc1_ebtimeF_dtTrue_test_seed2021_0/pred.npy,46112,15da00cfaf7dfc3233cd5388bf5fe7a509b020c5444f75ee62dc6811d52f0bb7
raw_true,WMT,revin-DLinear,2021,results/long_term_forecast_WMT_96_24_revin-DLinear_custom_ftMS_sl96_ll48_pl24_dm32_nh8_el2_dl1_df2048_expand2_dc4_fc1_ebtimeF_dtTrue_test_seed2021_0/true.npy,46112,d61698c4ff5229ecb9f5b6f0298ae0f72dc2daca1d7ba8ebe99e3e2aa9450cb1
raw_pred,WMT,revin-DLinear,2022,results/long_term_forecast_WMT_96_24_revin-DLinear_custom_ftMS_sl96_ll48_pl24_dm32_nh8_el2_dl1_df2048_expand2_dc4_fc1_ebtimeF_dtTrue_test_seed2022_0/pred.npy,46112,3e5851478060fe9db12f64d796572527d152ba4106d11b9f3671844232761a74
raw_true,WMT,revin-DLinear,2022,results/long_term_forecast_WMT_96_24_revin-DLinear_custom_ftMS_sl96_ll48_pl24_dm32_nh8_el2_dl1_df2048_expand2_dc4_fc1_ebtimeF_dtTrue_test_seed2022_0/true.npy,46112,d61698c4ff5229ecb9f5b6f0298ae0f72dc2daca1d7ba8ebe99e3e2aa9450cb1
raw_pred,WMT,revin-DLinear,2023,results/long_term_forecast_WMT_96_24_revin-DLinear_custom_ftMS_sl96_ll48_pl24_dm32_nh8_el2_dl1_df2048_expand2_dc4_fc1_ebtimeF_dtTrue_test_seed2023_0/pred.npy,46112,205f52f84e07df3f8eddbb8684108098cd6fb65d4653c4981adad3e41016a104
raw_true,WMT,revin-DLinear,2023,results/long_term_forecast_WMT_96_24_revin-DLinear_custom_ftMS_sl96_ll48_pl24_dm32_nh8_el2_dl1_df2048_expand2_dc4_fc1_ebtimeF_dtTrue_test_seed2023_0/true.npy,46112,d61698c4ff5229ecb9f5b6f0298ae0f72dc2daca1d7ba8ebe99e3e2aa9450cb1
raw_pred,WTI,DeReFusion,2021,results/long_term_forecast_WTI_96_24_DeReFusion_custom_ftMS_sl96_ll48_pl24_dm32_nh8_el2_dl1_df2048_expand2_dc4_fc1_ebtimeF_dtTrue_test_seed2021_0/pred.npy,46112,49871f7d46a54ff50a18dc911e313f67e6602cd104d44ad6f171515a761a81ae
raw_true,WTI,DeReFusion,2021,results/long_term_forecast_WTI_96_24_DeReFusion_custom_ftMS_sl96_ll48_pl24_dm32_nh8_el2_dl1_df2048_expand2_dc4_fc1_ebtimeF_dtTrue_test_seed2021_0/true.npy,46112,9dad7c4cb3880085ad39561f47788ca9582e2d7964a109c7260f16e1f8184ec3
raw_pred,WTI,DeReFusion,2022,results/long_term_forecast_WTI_96_24_DeReFusion_custom_ftMS_sl96_ll48_pl24_dm32_nh8_el2_dl1_df2048_expand2_dc4_fc1_ebtimeF_dtTrue_test_seed2022_0/pred.npy,46112,0ec137dd05e69ea38f03b374dc378ea809e9b7b24410ec65eedfb50dc28dbbca
raw_true,WTI,DeReFusion,2022,results/long_term_forecast_WTI_96_24_DeReFusion_custom_ftMS_sl96_ll48_pl24_dm32_nh8_el2_dl1_df2048_expand2_dc4_fc1_ebtimeF_dtTrue_test_seed2022_0/true.npy,46112,9dad7c4cb3880085ad39561f47788ca9582e2d7964a109c7260f16e1f8184ec3
raw_pred,WTI,DeReFusion,2023,results/long_term_forecast_WTI_96_24_DeReFusion_custom_ftMS_sl96_ll48_pl24_dm32_nh8_el2_dl1_df2048_expand2_dc4_fc1_ebtimeF_dtTrue_test_seed2023_0/pred.npy,46112,ca099388ec0ac9da60be1b627b5817f2690bf15335ecf4bb36824f05503fbe80
raw_true,WTI,DeReFusion,2023,results/long_term_forecast_WTI_96_24_DeReFusion_custom_ftMS_sl96_ll48_pl24_dm32_nh8_el2_dl1_df2048_expand2_dc4_fc1_ebtimeF_dtTrue_test_seed2023_0/true.npy,46112,9dad7c4cb3880085ad39561f47788ca9582e2d7964a109c7260f16e1f8184ec3
raw_pred,WTI,revin-DLinear,2021,results/long_term_forecast_WTI_96_24_revin-DLinear_custom_ftMS_sl96_ll48_pl24_dm32_nh8_el2_dl1_df2048_expand2_dc4_fc1_ebtimeF_dtTrue_test_seed2021_0/pred.npy,46112,da12c27556459f209d8ba37c296476f18f83bd9b02db4adde6a23941accde3db
raw_true,WTI,revin-DLinear,2021,results/long_term_forecast_WTI_96_24_revin-DLinear_custom_ftMS_sl96_ll48_pl24_dm32_nh8_el2_dl1_df2048_expand2_dc4_fc1_ebtimeF_dtTrue_test_seed2021_0/true.npy,46112,9dad7c4cb3880085ad39561f47788ca9582e2d7964a109c7260f16e1f8184ec3
raw_pred,WTI,revin-DLinear,2022,results/long_term_forecast_WTI_96_24_revin-DLinear_custom_ftMS_sl96_ll48_pl24_dm32_nh8_el2_dl1_df2048_expand2_dc4_fc1_ebtimeF_dtTrue_test_seed2022_0/pred.npy,46112,4bbc8c10f2ede3dd5dfc7d97623018b7b375e2cffe38b659ee7edfa7a8db9935
raw_true,WTI,revin-DLinear,2022,results/long_term_forecast_WTI_96_24_revin-DLinear_custom_ftMS_sl96_ll48_pl24_dm32_nh8_el2_dl1_df2048_expand2_dc4_fc1_ebtimeF_dtTrue_test_seed2022_0/true.npy,46112,9dad7c4cb3880085ad39561f47788ca9582e2d7964a109c7260f16e1f8184ec3
raw_pred,WTI,revin-DLinear,2023,results/long_term_forecast_WTI_96_24_revin-DLinear_custom_ftMS_sl96_ll48_pl24_dm32_nh8_el2_dl1_df2048_expand2_dc4_fc1_ebtimeF_dtTrue_test_seed2023_0/pred.npy,46112,4b09f097fac2929f30d971d03db301aebd7774d610791a41e6b369d34fe00031
raw_true,WTI,revin-DLinear,2023,results/long_term_forecast_WTI_96_24_revin-DLinear_custom_ftMS_sl96_ll48_pl24_dm32_nh8_el2_dl1_df2048_expand2_dc4_fc1_ebtimeF_dtTrue_test_seed2023_0/true.npy,46112,9dad7c4cb3880085ad39561f47788ca9582e2d7964a109c7260f16e1f8184ec3
raw_pred,XOM,DeReFusion,2021,results/long_term_forecast_XOM_96_24_DeReFusion_custom_ftMS_sl96_ll48_pl24_dm32_nh8_el2_dl1_df2048_expand2_dc4_fc1_ebtimeF_dtTrue_test_seed2021_0/pred.npy,46112,d34b03c83bea0d3dc6fef7d0e38e3ca4b9fd97bc369b1aa0885ee54a82bf70d8
raw_true,XOM,DeReFusion,2021,results/long_term_forecast_XOM_96_24_DeReFusion_custom_ftMS_sl96_ll48_pl24_dm32_nh8_el2_dl1_df2048_expand2_dc4_fc1_ebtimeF_dtTrue_test_seed2021_0/true.npy,46112,c8484713d4d6d318c36d18fce6a8331a89289502865651f67dba5b0aadd62108
raw_pred,XOM,DeReFusion,2022,results/long_term_forecast_XOM_96_24_DeReFusion_custom_ftMS_sl96_ll48_pl24_dm32_nh8_el2_dl1_df2048_expand2_dc4_fc1_ebtimeF_dtTrue_test_seed2022_0/pred.npy,46112,51e770ac58f0f25f4c8c89c83edd3a8fb067e5f471633566acc06253a0065577
raw_true,XOM,DeReFusion,2022,results/long_term_forecast_XOM_96_24_DeReFusion_custom_ftMS_sl96_ll48_pl24_dm32_nh8_el2_dl1_df2048_expand2_dc4_fc1_ebtimeF_dtTrue_test_seed2022_0/true.npy,46112,c8484713d4d6d318c36d18fce6a8331a89289502865651f67dba5b0aadd62108
raw_pred,XOM,DeReFusion,2023,results/long_term_forecast_XOM_96_24_DeReFusion_custom_ftMS_sl96_ll48_pl24_dm32_nh8_el2_dl1_df2048_expand2_dc4_fc1_ebtimeF_dtTrue_test_seed2023_0/pred.npy,46112,5b430a0216994824b090bcf9cc31f2da53f42ab69dbd1c9ac1559a3326c324c4
raw_true,XOM,DeReFusion,2023,results/long_term_forecast_XOM_96_24_DeReFusion_custom_ftMS_sl96_ll48_pl24_dm32_nh8_el2_dl1_df2048_expand2_dc4_fc1_ebtimeF_dtTrue_test_seed2023_0/true.npy,46112,c8484713d4d6d318c36d18fce6a8331a89289502865651f67dba5b0aadd62108
raw_pred,XOM,revin-DLinear,2021,results/long_term_forecast_XOM_96_24_revin-DLinear_custom_ftMS_sl96_ll48_pl24_dm32_nh8_el2_dl1_df2048_expand2_dc4_fc1_ebtimeF_dtTrue_test_seed2021_0/pred.npy,46112,c6a4b998be564ac6fc79c98525b4559192be1945263b24b1108271f6e4f43608
raw_true,XOM,revin-DLinear,2021,results/long_term_forecast_XOM_96_24_revin-DLinear_custom_ftMS_sl96_ll48_pl24_dm32_nh8_el2_dl1_df2048_expand2_dc4_fc1_ebtimeF_dtTrue_test_seed2021_0/true.npy,46112,c8484713d4d6d318c36d18fce6a8331a89289502865651f67dba5b0aadd62108
raw_pred,XOM,revin-DLinear,2022,results/long_term_forecast_XOM_96_24_revin-DLinear_custom_ftMS_sl96_ll48_pl24_dm32_nh8_el2_dl1_df2048_expand2_dc4_fc1_ebtimeF_dtTrue_test_seed2022_0/pred.npy,46112,e800ba39f67eeb95e7620ebbcf8aff1dd1b95020839c54426c875399e8e54103
raw_true,XOM,revin-DLinear,2022,results/long_term_forecast_XOM_96_24_revin-DLinear_custom_ftMS_sl96_ll48_pl24_dm32_nh8_el2_dl1_df2048_expand2_dc4_fc1_ebtimeF_dtTrue_test_seed2022_0/true.npy,46112,c8484713d4d6d318c36d18fce6a8331a89289502865651f67dba5b0aadd62108
raw_pred,XOM,revin-DLinear,2023,results/long_term_forecast_XOM_96_24_revin-DLinear_custom_ftMS_sl96_ll48_pl24_dm32_nh8_el2_dl1_df2048_expand2_dc4_fc1_ebtimeF_dtTrue_test_seed2023_0/pred.npy,46112,ff6205d4664d88f1e1e9d06837e5b29222a36d50d0f321f96b8d5ee421a59616
raw_true,XOM,revin-DLinear,2023,results/long_term_forecast_XOM_96_24_revin-DLinear_custom_ftMS_sl96_ll48_pl24_dm32_nh8_el2_dl1_df2048_expand2_dc4_fc1_ebtimeF_dtTrue_test_seed2023_0/true.npy,46112,c8484713d4d6d318c36d18fce6a8331a89289502865651f67dba5b0aadd62108
